unique_id,ds,y
TECH_PHONE_001,2026-04-01,38.57059910300887
TECH_PHONE_001,2026-04-02,40.629981664359434
TECH_PHONE_001,2026-04-03,34.089727967076314
TECH_PHONE_001,2026-04-04,60.18968885398475
TECH_PHONE_001,2026-04-05,54.73147709014971
TECH_PHONE_001,2026-04-06,34.894411226874944
TECH_PHONE_001,2026-04-07,41.15109212830631
TECH_PHONE_001,2026-04-08,37.1635003196829
TECH_PHONE_001,2026-04-09,42.67471329154055
TECH_PHONE_001,2026-04-10,40.34045201366038
TECH_PHONE_001,2026-04-11,70.81736198852845
TECH_PHONE_001,2026-04-12,61.1969320915622
TECH_PHONE_001,2026-04-13,33.59630051142827
TECH_PHONE_001,2026-04-14,38.822240272449214
TECH_PHONE_001,2026-04-15,35.536842183555336
TECH_PHONE_001,2026-04-16,42.86556600300837
TECH_PHONE_001,2026-04-17,39.55532623853908
TECH_PHONE_001,2026-04-18,61.24209427673808
TECH_PHONE_001,2026-04-19,61.440710161137865
TECH_PHONE_001,2026-04-20,42.58926102640663
TECH_PHONE_001,2026-04-21,38.325889740324726
TECH_PHONE_001,2026-04-22,43.02508424114335
TECH_PHONE_001,2026-04-23,44.16861332288137
TECH_PHONE_001,2026-04-24,39.18407566336009
TECH_PHONE_001,2026-04-25,59.37362750891754
TECH_PHONE_001,2026-04-26,61.0520283247482
TECH_PHONE_001,2026-04-27,43.527404189346626
TECH_PHONE_001,2026-04-28,41.39217182473906
TECH_PHONE_001,2026-04-29,43.53127727282373
TECH_PHONE_001,2026-04-30,47.87286864752195
TECH_PHONE_001,2026-05-01,42.35452877489699
TECH_PHONE_001,2026-05-02,60.856933501855664
TECH_PHONE_001,2026-05-03,67.91246698279079
TECH_PHONE_001,2026-05-04,42.140035180074655
TECH_PHONE_001,2026-05-05,45.32805448334368
TECH_PHONE_001,2026-05-06,46.194934613161635
TECH_PHONE_001,2026-05-07,38.85167004322091
TECH_PHONE_001,2026-05-08,47.66341703543619
TECH_PHONE_001,2026-05-09,68.24895125183927
TECH_PHONE_001,2026-05-10,62.81555382180724
TECH_PHONE_001,2026-05-11,44.12646174352216
TECH_PHONE_001,2026-05-12,44.101667716626395
TECH_PHONE_001,2026-05-13,43.38854771352359
TECH_PHONE_001,2026-05-14,46.676081758605854
TECH_PHONE_001,2026-05-15,48.91821841483405
TECH_PHONE_001,2026-05-16,65.97703357914034
TECH_PHONE_001,2026-05-17,71.02426091349673
TECH_PHONE_001,2026-05-18,47.70634965886521
TECH_PHONE_001,2026-05-19,45.0594957852527
TECH_PHONE_001,2026-05-20,45.00186941159359
TECH_PHONE_001,2026-05-21,40.235508124857944
TECH_PHONE_001,2026-05-22,39.097156945133456
TECH_PHONE_001,2026-05-23,67.61058435300455
TECH_PHONE_001,2026-05-24,63.983063004031344
TECH_PHONE_001,2026-05-25,44.95334627445341
TECH_PHONE_001,2026-05-26,43.271747855154764
TECH_PHONE_001,2026-05-27,38.78256293157216
TECH_PHONE_001,2026-05-28,46.87202680516554
TECH_PHONE_001,2026-05-29,44.166232320057404
TECH_PHONE_001,2026-05-30,68.34673523640102
TECH_PHONE_001,2026-05-31,64.89545498757188
TECH_PHONE_001,2026-06-01,44.91117618463949
TECH_PHONE_001,2026-06-02,52.07340652219165
TECH_PHONE_001,2026-06-03,46.925638700263
TECH_PHONE_001,2026-06-04,48.63343247673187
TECH_PHONE_001,2026-06-05,42.04777431455865
TECH_PHONE_001,2026-06-06,77.93943304235212
TECH_PHONE_001,2026-06-07,76.07063090578598
TECH_PHONE_001,2026-06-08,52.24471131652131
TECH_PHONE_001,2026-06-09,50.41643411713804
TECH_PHONE_001,2026-06-10,47.5560301295615
TECH_PHONE_001,2026-06-11,49.2856738624069
TECH_PHONE_001,2026-06-12,51.67767305278132
TECH_PHONE_001,2026-06-13,67.8242919343399
TECH_PHONE_001,2026-06-14,68.65535464638901
TECH_PHONE_001,2026-06-15,42.07421027136503
TECH_PHONE_001,2026-06-16,45.544269412300004
TECH_PHONE_001,2026-06-17,54.69681640325017
TECH_PHONE_001,2026-06-18,47.463285762743645
TECH_PHONE_001,2026-06-19,47.67396644591084
TECH_PHONE_001,2026-06-20,72.37573802001734
TECH_PHONE_001,2026-06-21,65.38475896345427
TECH_PHONE_001,2026-06-22,52.79791225332399
TECH_PHONE_001,2026-06-23,54.13570536487964
TECH_PHONE_001,2026-06-24,50.99599618220351
TECH_PHONE_001,2026-06-25,55.859998649974116
TECH_PHONE_001,2026-06-26,44.99072246529718
TECH_PHONE_001,2026-06-27,79.07174845168183
TECH_PHONE_001,2026-06-28,69.6962568080503
TECH_PHONE_001,2026-06-29,45.61429698692642
TECH_PHONE_001,2026-06-30,49.62164974353532
TECH_PHONE_001,2026-07-01,57.57642101774752
TECH_PHONE_001,2026-07-02,50.72806407867167
TECH_PHONE_001,2026-07-03,47.499410870724006
TECH_PHONE_001,2026-07-04,68.50871284442451
TECH_PHONE_001,2026-07-05,73.06106153243827
TECH_PHONE_001,2026-07-06,44.01864218523669
TECH_PHONE_001,2026-07-07,46.73928648610427
TECH_PHONE_001,2026-07-08,57.40935031187861
TECH_PHONE_001,2026-07-09,56.746076086459574
TECH_PHONE_001,2026-07-10,51.52487505780308
TECH_PHONE_001,2026-07-11,72.62704034635817
TECH_PHONE_001,2026-07-12,74.71648293853532
TECH_PHONE_001,2026-07-13,61.1375886352662
TECH_PHONE_001,2026-07-14,54.098409382450946
TECH_PHONE_001,2026-07-15,56.11603124735132
TECH_PHONE_001,2026-07-16,52.15090715442326
TECH_PHONE_001,2026-07-17,53.27531744633349
TECH_PHONE_001,2026-07-18,77.79450197811207
TECH_PHONE_001,2026-07-19,76.0165508629489
TECH_PHONE_001,2026-07-20,46.479705164791966
TECH_PHONE_001,2026-07-21,58.38800081820661
TECH_PHONE_001,2026-07-22,51.524005392246075
TECH_PHONE_001,2026-07-23,61.76187527398014
TECH_PHONE_001,2026-07-24,56.641339497234085
TECH_PHONE_001,2026-07-25,76.71259793786706
TECH_PHONE_001,2026-07-26,78.2255104183827
TECH_PHONE_001,2026-07-27,54.148557812315
TECH_PHONE_001,2026-07-28,52.90019876560627
TECH_PHONE_001,2026-07-29,55.61811356675716
TECH_PHONE_001,2026-07-30,58.274464728590665
TECH_PHONE_001,2026-07-31,53.43123993001362
TECH_PHONE_001,2026-08-01,75.19772248984677
TECH_PHONE_001,2026-08-02,76.33469202860948
TECH_PHONE_001,2026-08-03,59.12244104723276
TECH_PHONE_001,2026-08-04,61.124435915610775
TECH_PHONE_001,2026-08-05,57.23945147418714
TECH_PHONE_001,2026-08-06,58.200862295932176
TECH_PHONE_001,2026-08-07,53.870106828119084
TECH_PHONE_001,2026-08-08,81.7939922048236
TECH_PHONE_001,2026-08-09,80.74142693872078
TECH_PHONE_001,2026-08-10,54.02252655566831
TECH_PHONE_001,2026-08-11,50.18561503585241
TECH_PHONE_001,2026-08-12,52.43389061415714
TECH_PHONE_001,2026-08-13,54.6239499057295
TECH_PHONE_001,2026-08-14,61.54916807566307
TECH_PHONE_001,2026-08-15,85.3455811706055
TECH_PHONE_001,2026-08-16,78.12378386074518
TECH_PHONE_001,2026-08-17,56.19071319474621
TECH_PHONE_001,2026-08-18,58.81800530709812
TECH_PHONE_001,2026-08-19,58.04494208357093
TECH_PHONE_001,2026-08-20,61.594456110704094
TECH_PHONE_001,2026-08-21,56.36420405372769
TECH_PHONE_001,2026-08-22,84.1618290547897
TECH_PHONE_001,2026-08-23,79.9148682478819
TECH_PHONE_001,2026-08-24,61.90970643095107
TECH_PHONE_001,2026-08-25,57.89715028953239
TECH_PHONE_001,2026-08-26,56.781549673239
TECH_PHONE_001,2026-08-27,66.2755752674079
TECH_PHONE_001,2026-08-28,63.29134020542359
TECH_PHONE_002,2026-04-01,30.579540902901012
TECH_PHONE_002,2026-04-02,30.02175871652171
TECH_PHONE_002,2026-04-03,38.237576969900225
TECH_PHONE_002,2026-04-04,57.54165315947399
TECH_PHONE_002,2026-04-05,57.12200737797733
TECH_PHONE_002,2026-04-06,36.88637473149855
TECH_PHONE_002,2026-04-07,34.85836097232049
TECH_PHONE_002,2026-04-08,31.99933513694817
TECH_PHONE_002,2026-04-09,35.45773549785867
TECH_PHONE_002,2026-04-10,33.047650180858824
TECH_PHONE_002,2026-04-11,59.21540709362036
TECH_PHONE_002,2026-04-12,55.55000490289273
TECH_PHONE_002,2026-04-13,32.99330953090546
TECH_PHONE_002,2026-04-14,34.85728813837982
TECH_PHONE_002,2026-04-15,37.503966944537126
TECH_PHONE_002,2026-04-16,34.33333652046649
TECH_PHONE_002,2026-04-17,33.60445065507413
TECH_PHONE_002,2026-04-18,57.7785365190725
TECH_PHONE_002,2026-04-19,57.93288634176967
TECH_PHONE_002,2026-04-20,35.12639320373816
TECH_PHONE_002,2026-04-21,35.398469760897704
TECH_PHONE_002,2026-04-22,37.938969787015964
TECH_PHONE_002,2026-04-23,32.3765132389091
TECH_PHONE_002,2026-04-24,32.664623167119714
TECH_PHONE_002,2026-04-25,55.557289647741726
TECH_PHONE_002,2026-04-26,57.42427968417972
TECH_PHONE_002,2026-04-27,38.95708572303322
TECH_PHONE_002,2026-04-28,43.06621113762847
TECH_PHONE_002,2026-04-29,41.11604271888687
TECH_PHONE_002,2026-04-30,37.80620899812435
TECH_PHONE_002,2026-05-01,38.43534489313086
TECH_PHONE_002,2026-05-02,55.641400160231456
TECH_PHONE_002,2026-05-03,59.137055337625874
TECH_PHONE_002,2026-05-04,37.96856062767153
TECH_PHONE_002,2026-05-05,40.197243105149504
TECH_PHONE_002,2026-05-06,36.4374147919221
TECH_PHONE_002,2026-05-07,41.16577814841998
TECH_PHONE_002,2026-05-08,44.76131230420876
TECH_PHONE_002,2026-05-09,59.73021549524669
TECH_PHONE_002,2026-05-10,61.61581985513641
TECH_PHONE_002,2026-05-11,42.346489571817784
TECH_PHONE_002,2026-05-12,38.785850395588156
TECH_PHONE_002,2026-05-13,41.06191443815541
TECH_PHONE_002,2026-05-14,40.49281416265811
TECH_PHONE_002,2026-05-15,40.93209873506603
TECH_PHONE_002,2026-05-16,58.52176673489142
TECH_PHONE_002,2026-05-17,61.38333459248041
TECH_PHONE_002,2026-05-18,42.743194190234526
TECH_PHONE_002,2026-05-19,46.13388826650315
TECH_PHONE_002,2026-05-20,44.611520808689704
TECH_PHONE_002,2026-05-21,48.82082035553929
TECH_PHONE_002,2026-05-22,39.04101828618063
TECH_PHONE_002,2026-05-23,65.16589016485031
TECH_PHONE_002,2026-05-24,62.973362819510406
TECH_PHONE_002,2026-05-25,49.54532997294009
TECH_PHONE_002,2026-05-26,39.50178582979248
TECH_PHONE_002,2026-05-27,39.54494573658536
TECH_PHONE_002,2026-05-28,40.51206500549032
TECH_PHONE_002,2026-05-29,35.47875453734666
TECH_PHONE_002,2026-05-30,61.462432926285416
TECH_PHONE_002,2026-05-31,60.818948950717434
TECH_PHONE_002,2026-06-01,43.6613388740191
TECH_PHONE_002,2026-06-02,44.46197031764234
TECH_PHONE_002,2026-06-03,49.828980853334016
TECH_PHONE_002,2026-06-04,46.83144104983257
TECH_PHONE_002,2026-06-05,41.78852757074783
TECH_PHONE_002,2026-06-06,61.245390117415596
TECH_PHONE_002,2026-06-07,66.12252518312212
TECH_PHONE_002,2026-06-08,39.71120709612982
TECH_PHONE_002,2026-06-09,50.576959803904806
TECH_PHONE_002,2026-06-10,48.51009641045238
TECH_PHONE_002,2026-06-11,43.054802782844
TECH_PHONE_002,2026-06-12,38.975342601091015
TECH_PHONE_002,2026-06-13,69.95316607216242
TECH_PHONE_002,2026-06-14,65.1105645261411
TECH_PHONE_002,2026-06-15,49.45857546070977
TECH_PHONE_002,2026-06-16,39.97894596009915
TECH_PHONE_002,2026-06-17,43.51212492195717
TECH_PHONE_002,2026-06-18,45.71782857904183
TECH_PHONE_002,2026-06-19,46.009734018800124
TECH_PHONE_002,2026-06-20,64.86977739697058
TECH_PHONE_002,2026-06-21,68.66768976998151
TECH_PHONE_002,2026-06-22,42.670090540099174
TECH_PHONE_002,2026-06-23,45.96590975092761
TECH_PHONE_002,2026-06-24,47.00900514782046
TECH_PHONE_002,2026-06-25,48.49909203579975
TECH_PHONE_002,2026-06-26,49.31949058550222
TECH_PHONE_002,2026-06-27,63.62621688775125
TECH_PHONE_002,2026-06-28,62.384011819498895
TECH_PHONE_002,2026-06-29,51.69410119445493
TECH_PHONE_002,2026-06-30,48.62986764073061
TECH_PHONE_002,2026-07-01,45.10514577570772
TECH_PHONE_002,2026-07-02,53.07391671677657
TECH_PHONE_002,2026-07-03,48.34329375659572
TECH_PHONE_002,2026-07-04,72.50961042581702
TECH_PHONE_002,2026-07-05,68.87956283679438
TECH_PHONE_002,2026-07-06,55.406542944598755
TECH_PHONE_002,2026-07-07,54.51815886430689
TECH_PHONE_002,2026-07-08,47.853521895171156
TECH_PHONE_002,2026-07-09,52.15334123324481
TECH_PHONE_002,2026-07-10,51.1942782285895
TECH_PHONE_002,2026-07-11,74.20334729561
TECH_PHONE_002,2026-07-12,66.41926023402765
TECH_PHONE_002,2026-07-13,51.7825749639947
TECH_PHONE_002,2026-07-14,53.1986432552886
TECH_PHONE_002,2026-07-15,43.77028574616141
TECH_PHONE_002,2026-07-16,45.87692105693636
TECH_PHONE_002,2026-07-17,43.116610595615654
TECH_PHONE_002,2026-07-18,69.68401676288852
TECH_PHONE_002,2026-07-19,73.18964366970627
TECH_PHONE_002,2026-07-20,55.6080139771265
TECH_PHONE_002,2026-07-21,50.90192225342724
TECH_PHONE_002,2026-07-22,56.33729285494239
TECH_PHONE_002,2026-07-23,46.25765504206937
TECH_PHONE_002,2026-07-24,45.308499706192464
TECH_PHONE_002,2026-07-25,71.4611378237515
TECH_PHONE_002,2026-07-26,73.10582252639365
TECH_PHONE_002,2026-07-27,51.43883785648008
TECH_PHONE_002,2026-07-28,44.67069685986442
TECH_PHONE_002,2026-07-29,51.546991865656516
TECH_PHONE_002,2026-07-30,47.5648036982835
TECH_PHONE_002,2026-07-31,54.42688666602213
TECH_PHONE_002,2026-08-01,73.94643403672929
TECH_PHONE_002,2026-08-02,69.654408726487
TECH_PHONE_002,2026-08-03,50.85285248105524
TECH_PHONE_002,2026-08-04,49.14867402557756
TECH_PHONE_002,2026-08-05,52.68689106927121
TECH_PHONE_002,2026-08-06,56.29748388970421
TECH_PHONE_002,2026-08-07,49.848531442459155
TECH_PHONE_002,2026-08-08,75.46375815276068
TECH_PHONE_002,2026-08-09,72.09712409753371
TECH_PHONE_002,2026-08-10,50.95423237030803
TECH_PHONE_002,2026-08-11,53.4360967761545
TECH_PHONE_002,2026-08-12,50.43017610377413
TECH_PHONE_002,2026-08-13,52.21759236181958
TECH_PHONE_002,2026-08-14,50.177215165197914
TECH_PHONE_002,2026-08-15,81.48006545191573
TECH_PHONE_002,2026-08-16,75.06989607670388
TECH_PHONE_002,2026-08-17,52.320933272825215
TECH_PHONE_002,2026-08-18,55.57753169649635
TECH_PHONE_002,2026-08-19,54.618084631051175
TECH_PHONE_002,2026-08-20,54.39870336158704
TECH_PHONE_002,2026-08-21,57.38816678014764
TECH_PHONE_002,2026-08-22,78.42552621416084
TECH_PHONE_002,2026-08-23,74.19629609812421
TECH_PHONE_002,2026-08-24,53.792217981808086
TECH_PHONE_002,2026-08-25,54.96482422968441
TECH_PHONE_002,2026-08-26,48.22346803989901
TECH_PHONE_002,2026-08-27,51.04835038852492
TECH_PHONE_002,2026-08-28,60.997372509311376
TECH_PHONE_003,2026-04-01,51.65952768823293
TECH_PHONE_003,2026-04-02,53.82540235534088
TECH_PHONE_003,2026-04-03,57.89430003571336
TECH_PHONE_003,2026-04-04,87.74649520651553
TECH_PHONE_003,2026-04-05,83.50149123739888
TECH_PHONE_003,2026-04-06,58.5298762161948
TECH_PHONE_003,2026-04-07,49.28239153009087
TECH_PHONE_003,2026-04-08,52.8482280353194
TECH_PHONE_003,2026-04-09,50.11324133532647
TECH_PHONE_003,2026-04-10,57.403725377196835
TECH_PHONE_003,2026-04-11,92.60487884080918
TECH_PHONE_003,2026-04-12,87.6336816410907
TECH_PHONE_003,2026-04-13,55.198909513424695
TECH_PHONE_003,2026-04-14,50.3124540624722
TECH_PHONE_003,2026-04-15,51.37647907926313
TECH_PHONE_003,2026-04-16,48.92572138711634
TECH_PHONE_003,2026-04-17,43.86358863685743
TECH_PHONE_003,2026-04-18,85.2775197934784
TECH_PHONE_003,2026-04-19,85.9200420724293
TECH_PHONE_003,2026-04-20,67.36606416547852
TECH_PHONE_003,2026-04-21,64.28291190090299
TECH_PHONE_003,2026-04-22,59.09489327005773
TECH_PHONE_003,2026-04-23,67.34772932187029
TECH_PHONE_003,2026-04-24,63.82178852978196
TECH_PHONE_003,2026-04-25,77.7598894867773
TECH_PHONE_003,2026-04-26,94.2075177128442
TECH_PHONE_003,2026-04-27,60.670707605532584
TECH_PHONE_003,2026-04-28,55.516296880196734
TECH_PHONE_003,2026-04-29,49.69942664655717
TECH_PHONE_003,2026-04-30,60.50562601926524
TECH_PHONE_003,2026-05-01,46.48062306823517
TECH_PHONE_003,2026-05-02,89.33618269941432
TECH_PHONE_003,2026-05-03,86.32942083607956
TECH_PHONE_003,2026-05-04,51.27813717977337
TECH_PHONE_003,2026-05-05,64.4006453405567
TECH_PHONE_003,2026-05-06,58.03106531792191
TECH_PHONE_003,2026-05-07,59.32202154459872
TECH_PHONE_003,2026-05-08,63.361721320384866
TECH_PHONE_003,2026-05-09,90.45341005159223
TECH_PHONE_003,2026-05-10,93.04247935283175
TECH_PHONE_003,2026-05-11,63.32401358859218
TECH_PHONE_003,2026-05-12,62.15380641266978
TECH_PHONE_003,2026-05-13,60.8156948807979
TECH_PHONE_003,2026-05-14,68.9004980274878
TECH_PHONE_003,2026-05-15,66.18244416945224
TECH_PHONE_003,2026-05-16,91.095455203066
TECH_PHONE_003,2026-05-17,86.87862736421322
TECH_PHONE_003,2026-05-18,63.43470534413951
TECH_PHONE_003,2026-05-19,61.344061435401734
TECH_PHONE_003,2026-05-20,69.40767701490083
TECH_PHONE_003,2026-05-21,65.73371293021383
TECH_PHONE_003,2026-05-22,64.70028325641012
TECH_PHONE_003,2026-05-23,92.66864315115672
TECH_PHONE_003,2026-05-24,88.10879666916362
TECH_PHONE_003,2026-05-25,60.05079626588303
TECH_PHONE_003,2026-05-26,63.77718889991778
TECH_PHONE_003,2026-05-27,52.23322550705153
TECH_PHONE_003,2026-05-28,68.13108398615742
TECH_PHONE_003,2026-05-29,72.65533320928232
TECH_PHONE_003,2026-05-30,83.34182176103504
TECH_PHONE_003,2026-05-31,86.37885757962827
TECH_PHONE_003,2026-06-01,63.36721106043564
TECH_PHONE_003,2026-06-02,59.212321147134844
TECH_PHONE_003,2026-06-03,63.83280409930787
TECH_PHONE_003,2026-06-04,62.22012760624558
TECH_PHONE_003,2026-06-05,57.32376184670801
TECH_PHONE_003,2026-06-06,101.52855360294602
TECH_PHONE_003,2026-06-07,97.3119380077871
TECH_PHONE_003,2026-06-08,60.23336753394016
TECH_PHONE_003,2026-06-09,71.32663310770235
TECH_PHONE_003,2026-06-10,60.80544843906311
TECH_PHONE_003,2026-06-11,57.06824526146067
TECH_PHONE_003,2026-06-12,64.77261266236499
TECH_PHONE_003,2026-06-13,97.62173540308014
TECH_PHONE_003,2026-06-14,98.71915952875989
TECH_PHONE_003,2026-06-15,67.94066097125818
TECH_PHONE_003,2026-06-16,67.13546106146177
TECH_PHONE_003,2026-06-17,67.07011629968062
TECH_PHONE_003,2026-06-18,61.65910485836673
TECH_PHONE_003,2026-06-19,61.24205534477606
TECH_PHONE_003,2026-06-20,100.73453405617335
TECH_PHONE_003,2026-06-21,98.24031950670943
TECH_PHONE_003,2026-06-22,69.64730241927715
TECH_PHONE_003,2026-06-23,56.40143107517373
TECH_PHONE_003,2026-06-24,62.945832173186744
TECH_PHONE_003,2026-06-25,75.85720018012594
TECH_PHONE_003,2026-06-26,68.82842570744144
TECH_PHONE_003,2026-06-27,99.41641739018952
TECH_PHONE_003,2026-06-28,101.75199914493929
TECH_PHONE_003,2026-06-29,78.05478778709076
TECH_PHONE_003,2026-06-30,77.08966257412125
TECH_PHONE_003,2026-07-01,58.27853998624326
TECH_PHONE_003,2026-07-02,60.38434385693235
TECH_PHONE_003,2026-07-03,58.398923525580805
TECH_PHONE_003,2026-07-04,94.94032818861662
TECH_PHONE_003,2026-07-05,99.34107228285697
TECH_PHONE_003,2026-07-06,68.68268026355933
TECH_PHONE_003,2026-07-07,59.43846266110756
TECH_PHONE_003,2026-07-08,57.80303532024372
TECH_PHONE_003,2026-07-09,63.796605649136104
TECH_PHONE_003,2026-07-10,72.8557077077045
TECH_PHONE_003,2026-07-11,105.72892343197634
TECH_PHONE_003,2026-07-12,109.14087175448975
TECH_PHONE_003,2026-07-13,68.2786496700969
TECH_PHONE_003,2026-07-14,72.98921349906755
TECH_PHONE_003,2026-07-15,74.1024432935632
TECH_PHONE_003,2026-07-16,66.26664712683511
TECH_PHONE_003,2026-07-17,71.10557787211147
TECH_PHONE_003,2026-07-18,104.49113716626171
TECH_PHONE_003,2026-07-19,96.33146462944885
TECH_PHONE_003,2026-07-20,78.20310970686945
TECH_PHONE_003,2026-07-21,69.44429490158386
TECH_PHONE_003,2026-07-22,70.26128670917736
TECH_PHONE_003,2026-07-23,64.92909068630674
TECH_PHONE_003,2026-07-24,65.96904116184906
TECH_PHONE_003,2026-07-25,90.40847261559036
TECH_PHONE_003,2026-07-26,102.49232614501867
TECH_PHONE_003,2026-07-27,83.83015281110245
TECH_PHONE_003,2026-07-28,65.30131692504622
TECH_PHONE_003,2026-07-29,86.62384371922136
TECH_PHONE_003,2026-07-30,78.4955316918458
TECH_PHONE_003,2026-07-31,68.63997946082132
TECH_PHONE_003,2026-08-01,103.24450293554007
TECH_PHONE_003,2026-08-02,102.53396836805085
TECH_PHONE_003,2026-08-03,80.64266905900787
TECH_PHONE_003,2026-08-04,74.49018336962519
TECH_PHONE_003,2026-08-05,78.16446245769562
TECH_PHONE_003,2026-08-06,73.94831078041514
TECH_PHONE_003,2026-08-07,71.60654564084854
TECH_PHONE_003,2026-08-08,105.8800438348748
TECH_PHONE_003,2026-08-09,102.14319556047798
TECH_PHONE_003,2026-08-10,64.95331856960425
TECH_PHONE_003,2026-08-11,77.11254945257025
TECH_PHONE_003,2026-08-12,64.99382842378164
TECH_PHONE_003,2026-08-13,71.67517886298556
TECH_PHONE_003,2026-08-14,70.91871927563828
TECH_PHONE_003,2026-08-15,108.60977583458659
TECH_PHONE_003,2026-08-16,113.64293430014772
TECH_PHONE_003,2026-08-17,80.08634443069397
TECH_PHONE_003,2026-08-18,77.41385260014398
TECH_PHONE_003,2026-08-19,70.66168027820986
TECH_PHONE_003,2026-08-20,73.17761348593875
TECH_PHONE_003,2026-08-21,72.55484935260417
TECH_PHONE_003,2026-08-22,103.75750833233396
TECH_PHONE_003,2026-08-23,104.26700912427776
TECH_PHONE_003,2026-08-24,72.47556841414178
TECH_PHONE_003,2026-08-25,72.39084117868738
TECH_PHONE_003,2026-08-26,80.09497999555133
TECH_PHONE_003,2026-08-27,69.61042448900972
TECH_PHONE_003,2026-08-28,71.48378725778969
TECH_PHONE_004,2026-04-01,41.41241796421597
TECH_PHONE_004,2026-04-02,43.5630362252772
TECH_PHONE_004,2026-04-03,49.01238445570312
TECH_PHONE_004,2026-04-04,68.28567735378282
TECH_PHONE_004,2026-04-05,74.74988455173317
TECH_PHONE_004,2026-04-06,34.53875555449623
TECH_PHONE_004,2026-04-07,43.8885298856359
TECH_PHONE_004,2026-04-08,47.813816059314945
TECH_PHONE_004,2026-04-09,50.78855240493315
TECH_PHONE_004,2026-04-10,41.74871344501348
TECH_PHONE_004,2026-04-11,65.28783392242535
TECH_PHONE_004,2026-04-12,70.90276527447601
TECH_PHONE_004,2026-04-13,40.84815636591369
TECH_PHONE_004,2026-04-14,45.29423866639007
TECH_PHONE_004,2026-04-15,46.07072479962256
TECH_PHONE_004,2026-04-16,40.445761801111445
TECH_PHONE_004,2026-04-17,49.93953208448781
TECH_PHONE_004,2026-04-18,72.25825886919642
TECH_PHONE_004,2026-04-19,77.85402342362354
TECH_PHONE_004,2026-04-20,38.732416942697185
TECH_PHONE_004,2026-04-21,42.52435444960028
TECH_PHONE_004,2026-04-22,49.42334495805174
TECH_PHONE_004,2026-04-23,43.78391348836883
TECH_PHONE_004,2026-04-24,46.726043104581336
TECH_PHONE_004,2026-04-25,74.00307611725157
TECH_PHONE_004,2026-04-26,74.84632631619482
TECH_PHONE_004,2026-04-27,44.918708663971685
TECH_PHONE_004,2026-04-28,48.7068608792789
TECH_PHONE_004,2026-04-29,44.75680769696829
TECH_PHONE_004,2026-04-30,51.31683406248581
TECH_PHONE_004,2026-05-01,47.994686314274695
TECH_PHONE_004,2026-05-02,75.73216114382029
TECH_PHONE_004,2026-05-03,86.50767809463747
TECH_PHONE_004,2026-05-04,44.07874039975991
TECH_PHONE_004,2026-05-05,55.20976198377727
TECH_PHONE_004,2026-05-06,37.54885402898276
TECH_PHONE_004,2026-05-07,40.25514271835665
TECH_PHONE_004,2026-05-08,44.091183658174685
TECH_PHONE_004,2026-05-09,70.91887519279028
TECH_PHONE_004,2026-05-10,77.14628791181094
TECH_PHONE_004,2026-05-11,51.27530596234126
TECH_PHONE_004,2026-05-12,49.02878641916159
TECH_PHONE_004,2026-05-13,49.64053694624516
TECH_PHONE_004,2026-05-14,52.77216494809931
TECH_PHONE_004,2026-05-15,54.26618506153127
TECH_PHONE_004,2026-05-16,71.31322832911707
TECH_PHONE_004,2026-05-17,75.7076797265748
TECH_PHONE_004,2026-05-18,50.74380477918275
TECH_PHONE_004,2026-05-19,53.335390384865995
TECH_PHONE_004,2026-05-20,47.950264573996726
TECH_PHONE_004,2026-05-21,51.107426827387854
TECH_PHONE_004,2026-05-22,51.781927991919495
TECH_PHONE_004,2026-05-23,75.10033154477807
TECH_PHONE_004,2026-05-24,75.14541334022931
TECH_PHONE_004,2026-05-25,52.534481421604276
TECH_PHONE_004,2026-05-26,51.676481357656286
TECH_PHONE_004,2026-05-27,54.602101085450784
TECH_PHONE_004,2026-05-28,47.91566162916202
TECH_PHONE_004,2026-05-29,51.157001277333336
TECH_PHONE_004,2026-05-30,78.2414493731642
TECH_PHONE_004,2026-05-31,82.98100119574387
TECH_PHONE_004,2026-06-01,49.01217939190123
TECH_PHONE_004,2026-06-02,54.33246882268238
TECH_PHONE_004,2026-06-03,54.562124233166706
TECH_PHONE_004,2026-06-04,60.84414786779188
TECH_PHONE_004,2026-06-05,49.31880679705245
TECH_PHONE_004,2026-06-06,77.40817340028303
TECH_PHONE_004,2026-06-07,76.3256349982174
TECH_PHONE_004,2026-06-08,46.85297164289904
TECH_PHONE_004,2026-06-09,62.114622510755964
TECH_PHONE_004,2026-06-10,49.03739458382386
TECH_PHONE_004,2026-06-11,51.05825620015868
TECH_PHONE_004,2026-06-12,60.5893726364415
TECH_PHONE_004,2026-06-13,73.63632899347186
TECH_PHONE_004,2026-06-14,84.82794690486448
TECH_PHONE_004,2026-06-15,49.03269288049618
TECH_PHONE_004,2026-06-16,60.885456840730185
TECH_PHONE_004,2026-06-17,46.00253817702022
TECH_PHONE_004,2026-06-18,47.98473456849709
TECH_PHONE_004,2026-06-19,53.452342166180806
TECH_PHONE_004,2026-06-20,86.67601983676005
TECH_PHONE_004,2026-06-21,82.4137836971991
TECH_PHONE_004,2026-06-22,54.82285367929909
TECH_PHONE_004,2026-06-23,62.372594512844756
TECH_PHONE_004,2026-06-24,66.08305396910552
TECH_PHONE_004,2026-06-25,59.7079320514206
TECH_PHONE_004,2026-06-26,54.15944018635435
TECH_PHONE_004,2026-06-27,81.61017065035921
TECH_PHONE_004,2026-06-28,77.93083152906777
TECH_PHONE_004,2026-06-29,57.79359665791783
TECH_PHONE_004,2026-06-30,50.32979086170416
TECH_PHONE_004,2026-07-01,60.0782000833618
TECH_PHONE_004,2026-07-02,66.62452580081579
TECH_PHONE_004,2026-07-03,61.107402951089426
TECH_PHONE_004,2026-07-04,82.43575003114229
TECH_PHONE_004,2026-07-05,86.96852461557988
TECH_PHONE_004,2026-07-06,65.53034715872985
TECH_PHONE_004,2026-07-07,65.460176395149
TECH_PHONE_004,2026-07-08,54.283465277121174
TECH_PHONE_004,2026-07-09,61.095304114162225
TECH_PHONE_004,2026-07-10,58.30435344369113
TECH_PHONE_004,2026-07-11,89.09901029082023
TECH_PHONE_004,2026-07-12,87.3879013967938
TECH_PHONE_004,2026-07-13,49.023225798268435
TECH_PHONE_004,2026-07-14,58.06874242029391
TECH_PHONE_004,2026-07-15,60.62365679674368
TECH_PHONE_004,2026-07-16,53.58879414450108
TECH_PHONE_004,2026-07-17,62.60649684341033
TECH_PHONE_004,2026-07-18,79.89433293640107
TECH_PHONE_004,2026-07-19,83.23686819136496
TECH_PHONE_004,2026-07-20,66.4017724466806
TECH_PHONE_004,2026-07-21,56.76137772899722
TECH_PHONE_004,2026-07-22,63.32545462048737
TECH_PHONE_004,2026-07-23,53.234275641201776
TECH_PHONE_004,2026-07-24,70.25778448976662
TECH_PHONE_004,2026-07-25,86.30996399065607
TECH_PHONE_004,2026-07-26,88.21941155056997
TECH_PHONE_004,2026-07-27,62.337761904815444
TECH_PHONE_004,2026-07-28,64.37329420305798
TECH_PHONE_004,2026-07-29,55.16560807486081
TECH_PHONE_004,2026-07-30,61.97651952831868
TECH_PHONE_004,2026-07-31,59.25141716656203
TECH_PHONE_004,2026-08-01,81.26594820525561
TECH_PHONE_004,2026-08-02,93.19333768056633
TECH_PHONE_004,2026-08-03,61.0504388721618
TECH_PHONE_004,2026-08-04,63.817089872695085
TECH_PHONE_004,2026-08-05,63.69131984240346
TECH_PHONE_004,2026-08-06,61.5766500015451
TECH_PHONE_004,2026-08-07,71.89012035597544
TECH_PHONE_004,2026-08-08,89.54203552843236
TECH_PHONE_004,2026-08-09,83.04500980222267
TECH_PHONE_004,2026-08-10,61.8883220151934
TECH_PHONE_004,2026-08-11,65.99884552849328
TECH_PHONE_004,2026-08-12,66.29341848123043
TECH_PHONE_004,2026-08-13,59.31376388484824
TECH_PHONE_004,2026-08-14,68.33972303231698
TECH_PHONE_004,2026-08-15,83.04338551296743
TECH_PHONE_004,2026-08-16,95.98419489151225
TECH_PHONE_004,2026-08-17,58.894869287795416
TECH_PHONE_004,2026-08-18,63.85452103636182
TECH_PHONE_004,2026-08-19,69.68410218331748
TECH_PHONE_004,2026-08-20,65.6762649431031
TECH_PHONE_004,2026-08-21,68.89347347793971
TECH_PHONE_004,2026-08-22,94.57211262272371
TECH_PHONE_004,2026-08-23,97.65958189898025
TECH_PHONE_004,2026-08-24,70.42372334402033
TECH_PHONE_004,2026-08-25,63.90352504243966
TECH_PHONE_004,2026-08-26,68.83494318869124
TECH_PHONE_004,2026-08-27,59.48317180852992
TECH_PHONE_004,2026-08-28,66.09521840771374
TECH_PHONE_005,2026-04-01,55.797155781296496
TECH_PHONE_005,2026-04-02,53.046343403980494
TECH_PHONE_005,2026-04-03,55.86912770922252
TECH_PHONE_005,2026-04-04,85.51076322687148
TECH_PHONE_005,2026-04-05,77.86132219844124
TECH_PHONE_005,2026-04-06,54.21275513809978
TECH_PHONE_005,2026-04-07,57.86639434110471
TECH_PHONE_005,2026-04-08,52.820018202286015
TECH_PHONE_005,2026-04-09,55.13971117018766
TECH_PHONE_005,2026-04-10,55.502798062182976
TECH_PHONE_005,2026-04-11,96.9627122582039
TECH_PHONE_005,2026-04-12,87.67309499286304
TECH_PHONE_005,2026-04-13,64.261483602009
TECH_PHONE_005,2026-04-14,42.031302294836145
TECH_PHONE_005,2026-04-15,64.5132067973097
TECH_PHONE_005,2026-04-16,64.38573363174443
TECH_PHONE_005,2026-04-17,62.36240070364055
TECH_PHONE_005,2026-04-18,79.48445098237926
TECH_PHONE_005,2026-04-19,96.30387847372364
TECH_PHONE_005,2026-04-20,57.574344533786125
TECH_PHONE_005,2026-04-21,44.08864408041437
TECH_PHONE_005,2026-04-22,65.28997739309082
TECH_PHONE_005,2026-04-23,66.24295193201932
TECH_PHONE_005,2026-04-24,47.97518360474156
TECH_PHONE_005,2026-04-25,92.56481591415061
TECH_PHONE_005,2026-04-26,99.387251167943
TECH_PHONE_005,2026-04-27,65.6658872240143
TECH_PHONE_005,2026-04-28,63.64833578137738
TECH_PHONE_005,2026-04-29,44.6401091605637
TECH_PHONE_005,2026-04-30,63.36248521649698
TECH_PHONE_005,2026-05-01,58.30042855894332
TECH_PHONE_005,2026-05-02,98.12721640795172
TECH_PHONE_005,2026-05-03,94.20888802138603
TECH_PHONE_005,2026-05-04,59.84065114341124
TECH_PHONE_005,2026-05-05,63.6249711717508
TECH_PHONE_005,2026-05-06,59.30447645910533
TECH_PHONE_005,2026-05-07,60.266474960594316
TECH_PHONE_005,2026-05-08,57.49626800479181
TECH_PHONE_005,2026-05-09,84.8702505484849
TECH_PHONE_005,2026-05-10,96.97319410574198
TECH_PHONE_005,2026-05-11,56.566833241811864
TECH_PHONE_005,2026-05-12,60.04564473677596
TECH_PHONE_005,2026-05-13,62.878356771496634
TECH_PHONE_005,2026-05-14,49.98130296039009
TECH_PHONE_005,2026-05-15,51.36258102977747
TECH_PHONE_005,2026-05-16,93.10143782864938
TECH_PHONE_005,2026-05-17,97.40009915264811
TECH_PHONE_005,2026-05-18,66.14221048857038
TECH_PHONE_005,2026-05-19,53.44777027268251
TECH_PHONE_005,2026-05-20,65.85147316427049
TECH_PHONE_005,2026-05-21,61.15211709926015
TECH_PHONE_005,2026-05-22,57.79263515196938
TECH_PHONE_005,2026-05-23,92.23296479167345
TECH_PHONE_005,2026-05-24,100.36021532622092
TECH_PHONE_005,2026-05-25,64.60703181797065
TECH_PHONE_005,2026-05-26,63.526685875154264
TECH_PHONE_005,2026-05-27,64.73922656344345
TECH_PHONE_005,2026-05-28,68.65453777138906
TECH_PHONE_005,2026-05-29,63.16595237928173
TECH_PHONE_005,2026-05-30,97.1487538754983
TECH_PHONE_005,2026-05-31,103.25993907075792
TECH_PHONE_005,2026-06-01,62.326273566552636
TECH_PHONE_005,2026-06-02,67.69977327404375
TECH_PHONE_005,2026-06-03,61.67962535629773
TECH_PHONE_005,2026-06-04,62.31272962223518
TECH_PHONE_005,2026-06-05,64.177726337602
TECH_PHONE_005,2026-06-06,100.73400069142721
TECH_PHONE_005,2026-06-07,104.61800079403088
TECH_PHONE_005,2026-06-08,65.73099894946327
TECH_PHONE_005,2026-06-09,57.1008969877205
TECH_PHONE_005,2026-06-10,68.97295461443666
TECH_PHONE_005,2026-06-11,79.1461319578014
TECH_PHONE_005,2026-06-12,66.39767857087043
TECH_PHONE_005,2026-06-13,89.55177798451231
TECH_PHONE_005,2026-06-14,100.03309089208967
TECH_PHONE_005,2026-06-15,66.23343068248889
TECH_PHONE_005,2026-06-16,65.92090136150686
TECH_PHONE_005,2026-06-17,71.74975444987423
TECH_PHONE_005,2026-06-18,74.28051132484649
TECH_PHONE_005,2026-06-19,70.60972159860594
TECH_PHONE_005,2026-06-20,99.26818053430912
TECH_PHONE_005,2026-06-21,106.34123331403296
TECH_PHONE_005,2026-06-22,59.08393697332167
TECH_PHONE_005,2026-06-23,63.511691335963036
TECH_PHONE_005,2026-06-24,64.27454721769048
TECH_PHONE_005,2026-06-25,67.57977143637436
TECH_PHONE_005,2026-06-26,70.68704064367762
TECH_PHONE_005,2026-06-27,99.94607878414493
TECH_PHONE_005,2026-06-28,96.2168031302375
TECH_PHONE_005,2026-06-29,73.71167656582871
TECH_PHONE_005,2026-06-30,67.20498802787418
TECH_PHONE_005,2026-07-01,69.2117090647907
TECH_PHONE_005,2026-07-02,71.83087260011749
TECH_PHONE_005,2026-07-03,69.16382684357622
TECH_PHONE_005,2026-07-04,102.33799432109359
TECH_PHONE_005,2026-07-05,107.91760381239706
TECH_PHONE_005,2026-07-06,70.23253211013707
TECH_PHONE_005,2026-07-07,74.29538342184769
TECH_PHONE_005,2026-07-08,72.69567094375114
TECH_PHONE_005,2026-07-09,80.94288149302804
TECH_PHONE_005,2026-07-10,72.25177379828021
TECH_PHONE_005,2026-07-11,106.65885298582926
TECH_PHONE_005,2026-07-12,109.35911192698002
TECH_PHONE_005,2026-07-13,70.79989767972593
TECH_PHONE_005,2026-07-14,67.09180796798807
TECH_PHONE_005,2026-07-15,68.14219930382099
TECH_PHONE_005,2026-07-16,68.34521190973632
TECH_PHONE_005,2026-07-17,65.82317967491805
TECH_PHONE_005,2026-07-18,105.94792843061036
TECH_PHONE_005,2026-07-19,100.88765898573003
TECH_PHONE_005,2026-07-20,72.57169051661016
TECH_PHONE_005,2026-07-21,70.7772905595915
TECH_PHONE_005,2026-07-22,71.57108178689117
TECH_PHONE_005,2026-07-23,75.00831156305871
TECH_PHONE_005,2026-07-24,69.11955481586298
TECH_PHONE_005,2026-07-25,108.76390075265225
TECH_PHONE_005,2026-07-26,114.02019326651424
TECH_PHONE_005,2026-07-27,74.43709995623468
TECH_PHONE_005,2026-07-28,68.39847373100143
TECH_PHONE_005,2026-07-29,69.46740093763111
TECH_PHONE_005,2026-07-30,71.63455404568187
TECH_PHONE_005,2026-07-31,69.87810336611739
TECH_PHONE_005,2026-08-01,100.84850829714472
TECH_PHONE_005,2026-08-02,107.29924002328931
TECH_PHONE_005,2026-08-03,72.3834146755081
TECH_PHONE_005,2026-08-04,74.79346485956933
TECH_PHONE_005,2026-08-05,80.42513076718409
TECH_PHONE_005,2026-08-06,72.75005941341603
TECH_PHONE_005,2026-08-07,67.6801899742583
TECH_PHONE_005,2026-08-08,105.15609129260547
TECH_PHONE_005,2026-08-09,111.73733869414153
TECH_PHONE_005,2026-08-10,78.37223648894326
TECH_PHONE_005,2026-08-11,77.65251806187462
TECH_PHONE_005,2026-08-12,71.51411302260843
TECH_PHONE_005,2026-08-13,79.23546439917983
TECH_PHONE_005,2026-08-14,80.62294492920387
TECH_PHONE_005,2026-08-15,104.57518103560514
TECH_PHONE_005,2026-08-16,108.32136446351612
TECH_PHONE_005,2026-08-17,86.81221080025162
TECH_PHONE_005,2026-08-18,71.78069147945136
TECH_PHONE_005,2026-08-19,66.62202331915951
TECH_PHONE_005,2026-08-20,83.7559743895564
TECH_PHONE_005,2026-08-21,82.55132624437508
TECH_PHONE_005,2026-08-22,106.93667972032416
TECH_PHONE_005,2026-08-23,108.97854519972552
TECH_PHONE_005,2026-08-24,70.01285722396076
TECH_PHONE_005,2026-08-25,77.38923749935337
TECH_PHONE_005,2026-08-26,83.4625254345427
TECH_PHONE_005,2026-08-27,74.21567337032947
TECH_PHONE_005,2026-08-28,82.1740608833246
TECH_PHONE_006,2026-04-01,62.48718435400431
TECH_PHONE_006,2026-04-02,57.709120352505956
TECH_PHONE_006,2026-04-03,53.490143168107544
TECH_PHONE_006,2026-04-04,103.3719897025089
TECH_PHONE_006,2026-04-05,102.16622718554784
TECH_PHONE_006,2026-04-06,61.145027230945765
TECH_PHONE_006,2026-04-07,73.16448567589076
TECH_PHONE_006,2026-04-08,55.522482925410465
TECH_PHONE_006,2026-04-09,52.8942964573591
TECH_PHONE_006,2026-04-10,58.12936077372441
TECH_PHONE_006,2026-04-11,98.82192530023147
TECH_PHONE_006,2026-04-12,100.73437064086843
TECH_PHONE_006,2026-04-13,61.32846004707638
TECH_PHONE_006,2026-04-14,65.09753791873722
TECH_PHONE_006,2026-04-15,55.46560951243829
TECH_PHONE_006,2026-04-16,72.05696408484688
TECH_PHONE_006,2026-04-17,62.89887781180533
TECH_PHONE_006,2026-04-18,106.96550457268758
TECH_PHONE_006,2026-04-19,102.390624612904
TECH_PHONE_006,2026-04-20,66.63619463683808
TECH_PHONE_006,2026-04-21,67.47558040941644
TECH_PHONE_006,2026-04-22,66.88102221610563
TECH_PHONE_006,2026-04-23,68.22060883519201
TECH_PHONE_006,2026-04-24,72.55783043380784
TECH_PHONE_006,2026-04-25,102.39877913517897
TECH_PHONE_006,2026-04-26,105.67492292128993
TECH_PHONE_006,2026-04-27,64.35261226484792
TECH_PHONE_006,2026-04-28,73.83471501424178
TECH_PHONE_006,2026-04-29,61.074006957438456
TECH_PHONE_006,2026-04-30,76.33573664075597
TECH_PHONE_006,2026-05-01,65.25503650106951
TECH_PHONE_006,2026-05-02,93.52227187707992
TECH_PHONE_006,2026-05-03,103.18143693095583
TECH_PHONE_006,2026-05-04,61.79558488940323
TECH_PHONE_006,2026-05-05,71.22792564883122
TECH_PHONE_006,2026-05-06,62.26899372625542
TECH_PHONE_006,2026-05-07,63.678281057389846
TECH_PHONE_006,2026-05-08,55.02380154123226
TECH_PHONE_006,2026-05-09,100.54093145258064
TECH_PHONE_006,2026-05-10,88.66433610756337
TECH_PHONE_006,2026-05-11,57.33819277673709
TECH_PHONE_006,2026-05-12,71.78852940248022
TECH_PHONE_006,2026-05-13,72.09338096777007
TECH_PHONE_006,2026-05-14,70.04529112688829
TECH_PHONE_006,2026-05-15,61.7014455269118
TECH_PHONE_006,2026-05-16,104.05896072753393
TECH_PHONE_006,2026-05-17,104.47802451154755
TECH_PHONE_006,2026-05-18,60.983975395925484
TECH_PHONE_006,2026-05-19,77.37072964077962
TECH_PHONE_006,2026-05-20,73.70190997251159
TECH_PHONE_006,2026-05-21,67.15211853963905
TECH_PHONE_006,2026-05-22,68.81400361786665
TECH_PHONE_006,2026-05-23,106.67113512848007
TECH_PHONE_006,2026-05-24,93.09541730261184
TECH_PHONE_006,2026-05-25,67.59221796662435
TECH_PHONE_006,2026-05-26,65.08989608721343
TECH_PHONE_006,2026-05-27,63.29011793964102
TECH_PHONE_006,2026-05-28,67.83528821339567
TECH_PHONE_006,2026-05-29,80.66588781378209
TECH_PHONE_006,2026-05-30,110.35914145372877
TECH_PHONE_006,2026-05-31,103.11580816232495
TECH_PHONE_006,2026-06-01,73.64275496627258
TECH_PHONE_006,2026-06-02,78.83606816317462
TECH_PHONE_006,2026-06-03,76.0902654657679
TECH_PHONE_006,2026-06-04,70.96374525651305
TECH_PHONE_006,2026-06-05,66.803685655996
TECH_PHONE_006,2026-06-06,111.75916221304291
TECH_PHONE_006,2026-06-07,110.05026085107268
TECH_PHONE_006,2026-06-08,76.66067864216917
TECH_PHONE_006,2026-06-09,75.22454799026
TECH_PHONE_006,2026-06-10,77.90227156344794
TECH_PHONE_006,2026-06-11,68.38506520948054
TECH_PHONE_006,2026-06-12,79.83610380036939
TECH_PHONE_006,2026-06-13,109.75535758862365
TECH_PHONE_006,2026-06-14,121.35909132301413
TECH_PHONE_006,2026-06-15,68.04595430965364
TECH_PHONE_006,2026-06-16,82.98937919930803
TECH_PHONE_006,2026-06-17,73.75725577912215
TECH_PHONE_006,2026-06-18,68.72635017795187
TECH_PHONE_006,2026-06-19,69.89829641226864
TECH_PHONE_006,2026-06-20,107.64588142001466
TECH_PHONE_006,2026-06-21,112.33741227305171
TECH_PHONE_006,2026-06-22,76.48929647701655
TECH_PHONE_006,2026-06-23,69.95042997597467
TECH_PHONE_006,2026-06-24,73.451436987208
TECH_PHONE_006,2026-06-25,86.81784918753237
TECH_PHONE_006,2026-06-26,84.43801333761435
TECH_PHONE_006,2026-06-27,113.3115743850116
TECH_PHONE_006,2026-06-28,111.03182121682603
TECH_PHONE_006,2026-06-29,75.08219109298139
TECH_PHONE_006,2026-06-30,78.24245963365554
TECH_PHONE_006,2026-07-01,68.41096535228974
TECH_PHONE_006,2026-07-02,73.23000312171759
TECH_PHONE_006,2026-07-03,64.7716371493467
TECH_PHONE_006,2026-07-04,114.1352610478922
TECH_PHONE_006,2026-07-05,115.79789523218673
TECH_PHONE_006,2026-07-06,72.45256257997383
TECH_PHONE_006,2026-07-07,85.1513192560692
TECH_PHONE_006,2026-07-08,68.22282945568573
TECH_PHONE_006,2026-07-09,66.91731323072008
TECH_PHONE_006,2026-07-10,77.36915609321584
TECH_PHONE_006,2026-07-11,119.13729964593415
TECH_PHONE_006,2026-07-12,123.17195891789301
TECH_PHONE_006,2026-07-13,73.65080599649947
TECH_PHONE_006,2026-07-14,83.1799530839309
TECH_PHONE_006,2026-07-15,76.51509833604568
TECH_PHONE_006,2026-07-16,75.84697347036101
TECH_PHONE_006,2026-07-17,82.4403256186687
TECH_PHONE_006,2026-07-18,117.77916955832187
TECH_PHONE_006,2026-07-19,104.33400784239608
TECH_PHONE_006,2026-07-20,86.50689613332797
TECH_PHONE_006,2026-07-21,86.06855726029946
TECH_PHONE_006,2026-07-22,73.98406752079187
TECH_PHONE_006,2026-07-23,80.3644015539682
TECH_PHONE_006,2026-07-24,81.1135841363247
TECH_PHONE_006,2026-07-25,116.44010997152584
TECH_PHONE_006,2026-07-26,111.64313856154294
TECH_PHONE_006,2026-07-27,74.45309745557788
TECH_PHONE_006,2026-07-28,78.54412016695218
TECH_PHONE_006,2026-07-29,86.00364701748212
TECH_PHONE_006,2026-07-30,82.31596094302604
TECH_PHONE_006,2026-07-31,76.88925257427476
TECH_PHONE_006,2026-08-01,120.60736213495491
TECH_PHONE_006,2026-08-02,98.67389001415654
TECH_PHONE_006,2026-08-03,86.60747077226982
TECH_PHONE_006,2026-08-04,69.13774594945359
TECH_PHONE_006,2026-08-05,77.6891102574409
TECH_PHONE_006,2026-08-06,73.22001364278051
TECH_PHONE_006,2026-08-07,72.30244299810248
TECH_PHONE_006,2026-08-08,124.03104340300897
TECH_PHONE_006,2026-08-09,114.24702267199747
TECH_PHONE_006,2026-08-10,82.76367367855737
TECH_PHONE_006,2026-08-11,80.51378446883697
TECH_PHONE_006,2026-08-12,83.85994904606105
TECH_PHONE_006,2026-08-13,81.56861353546755
TECH_PHONE_006,2026-08-14,73.42374743244973
TECH_PHONE_006,2026-08-15,124.07722759862756
TECH_PHONE_006,2026-08-16,115.138084842716
TECH_PHONE_006,2026-08-17,72.20485041817552
TECH_PHONE_006,2026-08-18,79.23849751810793
TECH_PHONE_006,2026-08-19,91.1546347228693
TECH_PHONE_006,2026-08-20,87.3363526268923
TECH_PHONE_006,2026-08-21,80.17322198011206
TECH_PHONE_006,2026-08-22,116.91952800365759
TECH_PHONE_006,2026-08-23,117.23802618757396
TECH_PHONE_006,2026-08-24,95.41816269972114
TECH_PHONE_006,2026-08-25,85.22980625861248
TECH_PHONE_006,2026-08-26,85.67325404786553
TECH_PHONE_006,2026-08-27,89.48472906959424
TECH_PHONE_006,2026-08-28,84.80661387006172
TECH_PHONE_007,2026-04-01,69.22992272543074
TECH_PHONE_007,2026-04-02,73.47298013583355
TECH_PHONE_007,2026-04-03,64.26740598823656
TECH_PHONE_007,2026-04-04,121.84351749482319
TECH_PHONE_007,2026-04-05,118.79384558064521
TECH_PHONE_007,2026-04-06,67.21968840337938
TECH_PHONE_007,2026-04-07,67.46791780845683
TECH_PHONE_007,2026-04-08,85.84649707437282
TECH_PHONE_007,2026-04-09,88.59318187837127
TECH_PHONE_007,2026-04-10,72.79411204232855
TECH_PHONE_007,2026-04-11,118.7946010811638
TECH_PHONE_007,2026-04-12,121.370835664932
TECH_PHONE_007,2026-04-13,75.88063183456572
TECH_PHONE_007,2026-04-14,62.727626640068
TECH_PHONE_007,2026-04-15,78.22345594348981
TECH_PHONE_007,2026-04-16,60.00841004741555
TECH_PHONE_007,2026-04-17,70.05140540381939
TECH_PHONE_007,2026-04-18,123.03961817036118
TECH_PHONE_007,2026-04-19,123.87995771785133
TECH_PHONE_007,2026-04-20,69.93646648527071
TECH_PHONE_007,2026-04-21,72.6534103366355
TECH_PHONE_007,2026-04-22,71.81499348431129
TECH_PHONE_007,2026-04-23,75.54923760910668
TECH_PHONE_007,2026-04-24,76.25440126955966
TECH_PHONE_007,2026-04-25,125.2798173455625
TECH_PHONE_007,2026-04-26,116.7766529009046
TECH_PHONE_007,2026-04-27,79.62579220096896
TECH_PHONE_007,2026-04-28,80.7512150807565
TECH_PHONE_007,2026-04-29,78.64751245481462
TECH_PHONE_007,2026-04-30,75.45487749611883
TECH_PHONE_007,2026-05-01,78.81871188921072
TECH_PHONE_007,2026-05-02,126.93770399577312
TECH_PHONE_007,2026-05-03,127.72604953432909
TECH_PHONE_007,2026-05-04,91.20222059923643
TECH_PHONE_007,2026-05-05,70.87280847496429
TECH_PHONE_007,2026-05-06,75.03794604573356
TECH_PHONE_007,2026-05-07,66.62167878004067
TECH_PHONE_007,2026-05-08,85.34636908959334
TECH_PHONE_007,2026-05-09,120.05809520359577
TECH_PHONE_007,2026-05-10,124.15519416881409
TECH_PHONE_007,2026-05-11,74.58832844303953
TECH_PHONE_007,2026-05-12,76.76506083666187
TECH_PHONE_007,2026-05-13,88.2292877696146
TECH_PHONE_007,2026-05-14,84.51790389654768
TECH_PHONE_007,2026-05-15,78.78588897908969
TECH_PHONE_007,2026-05-16,129.1550416121777
TECH_PHONE_007,2026-05-17,129.4662705842765
TECH_PHONE_007,2026-05-18,77.19259372818684
TECH_PHONE_007,2026-05-19,69.47571920735568
TECH_PHONE_007,2026-05-20,73.78612012288511
TECH_PHONE_007,2026-05-21,70.71414119530763
TECH_PHONE_007,2026-05-22,89.15037291574822
TECH_PHONE_007,2026-05-23,134.3682410800681
TECH_PHONE_007,2026-05-24,136.33052932516082
TECH_PHONE_007,2026-05-25,66.35724449246666
TECH_PHONE_007,2026-05-26,89.07122664572816
TECH_PHONE_007,2026-05-27,97.54899655850821
TECH_PHONE_007,2026-05-28,89.6675103108177
TECH_PHONE_007,2026-05-29,65.99602378954411
TECH_PHONE_007,2026-05-30,138.55857765129645
TECH_PHONE_007,2026-05-31,126.10432997106318
TECH_PHONE_007,2026-06-01,80.45348652254657
TECH_PHONE_007,2026-06-02,85.59299566505574
TECH_PHONE_007,2026-06-03,74.79224946523546
TECH_PHONE_007,2026-06-04,82.62031130772752
TECH_PHONE_007,2026-06-05,94.57913640925975
TECH_PHONE_007,2026-06-06,131.24349715482003
TECH_PHONE_007,2026-06-07,127.27633074634949
TECH_PHONE_007,2026-06-08,83.85413956747155
TECH_PHONE_007,2026-06-09,74.72582392191875
TECH_PHONE_007,2026-06-10,82.405088392782
TECH_PHONE_007,2026-06-11,71.7196440499027
TECH_PHONE_007,2026-06-12,91.26381895247482
TECH_PHONE_007,2026-06-13,111.79431347793002
TECH_PHONE_007,2026-06-14,134.14077277123118
TECH_PHONE_007,2026-06-15,91.39969957608865
TECH_PHONE_007,2026-06-16,94.02698169480853
TECH_PHONE_007,2026-06-17,85.18407189108116
TECH_PHONE_007,2026-06-18,91.39138780294996
TECH_PHONE_007,2026-06-19,83.68384952533391
TECH_PHONE_007,2026-06-20,120.1371110408781
TECH_PHONE_007,2026-06-21,140.12434646552737
TECH_PHONE_007,2026-06-22,84.59273344380995
TECH_PHONE_007,2026-06-23,75.16056738244568
TECH_PHONE_007,2026-06-24,82.19225089573459
TECH_PHONE_007,2026-06-25,82.63052981725235
TECH_PHONE_007,2026-06-26,89.27038750230676
TECH_PHONE_007,2026-06-27,146.98344662862095
TECH_PHONE_007,2026-06-28,133.8136558769627
TECH_PHONE_007,2026-06-29,87.85996011957462
TECH_PHONE_007,2026-06-30,104.42716625680666
TECH_PHONE_007,2026-07-01,93.79592284136291
TECH_PHONE_007,2026-07-02,88.65601919018498
TECH_PHONE_007,2026-07-03,83.45029343062791
TECH_PHONE_007,2026-07-04,133.2082605562933
TECH_PHONE_007,2026-07-05,130.56535005012012
TECH_PHONE_007,2026-07-06,88.06746913118067
TECH_PHONE_007,2026-07-07,97.14513770081714
TECH_PHONE_007,2026-07-08,83.75564806309634
TECH_PHONE_007,2026-07-09,91.59884716959364
TECH_PHONE_007,2026-07-10,94.92726192581443
TECH_PHONE_007,2026-07-11,127.11657862718182
TECH_PHONE_007,2026-07-12,126.09486366692958
TECH_PHONE_007,2026-07-13,87.3525039651594
TECH_PHONE_007,2026-07-14,85.23010399112783
TECH_PHONE_007,2026-07-15,97.16202804381298
TECH_PHONE_007,2026-07-16,81.58709156647802
TECH_PHONE_007,2026-07-17,89.54984099025928
TECH_PHONE_007,2026-07-18,151.58615283385268
TECH_PHONE_007,2026-07-19,136.16531269663915
TECH_PHONE_007,2026-07-20,93.72881805342567
TECH_PHONE_007,2026-07-21,98.12298221858902
TECH_PHONE_007,2026-07-22,86.42047182239487
TECH_PHONE_007,2026-07-23,82.05563671015855
TECH_PHONE_007,2026-07-24,91.38853231598803
TECH_PHONE_007,2026-07-25,135.98744794694434
TECH_PHONE_007,2026-07-26,122.38706119859394
TECH_PHONE_007,2026-07-27,93.28802497718428
TECH_PHONE_007,2026-07-28,98.5099086405176
TECH_PHONE_007,2026-07-29,84.18547906692473
TECH_PHONE_007,2026-07-30,94.17955769313613
TECH_PHONE_007,2026-07-31,97.66352472070199
TECH_PHONE_007,2026-08-01,139.38275092226962
TECH_PHONE_007,2026-08-02,140.22134554281337
TECH_PHONE_007,2026-08-03,89.81295823481399
TECH_PHONE_007,2026-08-04,83.51921833449364
TECH_PHONE_007,2026-08-05,88.63583082459743
TECH_PHONE_007,2026-08-06,87.77178315634444
TECH_PHONE_007,2026-08-07,91.61410896268492
TECH_PHONE_007,2026-08-08,144.1308776098575
TECH_PHONE_007,2026-08-09,126.72356706440158
TECH_PHONE_007,2026-08-10,93.70302516656696
TECH_PHONE_007,2026-08-11,85.03716798771967
TECH_PHONE_007,2026-08-12,87.54765749989377
TECH_PHONE_007,2026-08-13,97.17880749406643
TECH_PHONE_007,2026-08-14,84.56340111043039
TECH_PHONE_007,2026-08-15,142.55998331483175
TECH_PHONE_007,2026-08-16,127.47919953963952
TECH_PHONE_007,2026-08-17,98.56895694509858
TECH_PHONE_007,2026-08-18,82.53842173207686
TECH_PHONE_007,2026-08-19,89.4899674414267
TECH_PHONE_007,2026-08-20,107.9944089968458
TECH_PHONE_007,2026-08-21,106.77238849929827
TECH_PHONE_007,2026-08-22,135.23857003662485
TECH_PHONE_007,2026-08-23,141.2467122780183
TECH_PHONE_007,2026-08-24,103.53969653785965
TECH_PHONE_007,2026-08-25,99.87346207326945
TECH_PHONE_007,2026-08-26,93.05371100087979
TECH_PHONE_007,2026-08-27,89.73496220753478
TECH_PHONE_007,2026-08-28,101.68715294359288
TECH_PHONE_008,2026-04-01,58.73485673327788
TECH_PHONE_008,2026-04-02,61.45542907658046
TECH_PHONE_008,2026-04-03,62.42867707488605
TECH_PHONE_008,2026-04-04,104.74626751040002
TECH_PHONE_008,2026-04-05,101.19033304842293
TECH_PHONE_008,2026-04-06,66.9708278885492
TECH_PHONE_008,2026-04-07,62.79599921665782
TECH_PHONE_008,2026-04-08,71.67906222793887
TECH_PHONE_008,2026-04-09,74.00501523232116
TECH_PHONE_008,2026-04-10,68.06638166178769
TECH_PHONE_008,2026-04-11,110.15333381351529
TECH_PHONE_008,2026-04-12,121.22784926753089
TECH_PHONE_008,2026-04-13,60.060818504715314
TECH_PHONE_008,2026-04-14,59.809110531551305
TECH_PHONE_008,2026-04-15,72.68698614512736
TECH_PHONE_008,2026-04-16,81.09718272759746
TECH_PHONE_008,2026-04-17,66.68070949120444
TECH_PHONE_008,2026-04-18,119.54710335864382
TECH_PHONE_008,2026-04-19,108.93646254403704
TECH_PHONE_008,2026-04-20,64.35614393854206
TECH_PHONE_008,2026-04-21,62.461430234991155
TECH_PHONE_008,2026-04-22,73.3041296602528
TECH_PHONE_008,2026-04-23,63.2612701526342
TECH_PHONE_008,2026-04-24,69.98642716226239
TECH_PHONE_008,2026-04-25,119.65086916753502
TECH_PHONE_008,2026-04-26,107.32524940704896
TECH_PHONE_008,2026-04-27,78.57246253264974
TECH_PHONE_008,2026-04-28,62.03401296780571
TECH_PHONE_008,2026-04-29,66.67619993130913
TECH_PHONE_008,2026-04-30,61.06284942698154
TECH_PHONE_008,2026-05-01,70.98177858942417
TECH_PHONE_008,2026-05-02,115.39851598612947
TECH_PHONE_008,2026-05-03,110.89623477820084
TECH_PHONE_008,2026-05-04,79.048530395803
TECH_PHONE_008,2026-05-05,66.15541701184773
TECH_PHONE_008,2026-05-06,72.73726217434785
TECH_PHONE_008,2026-05-07,67.91870246414855
TECH_PHONE_008,2026-05-08,73.93706546379612
TECH_PHONE_008,2026-05-09,114.62465790500202
TECH_PHONE_008,2026-05-10,115.29381333589481
TECH_PHONE_008,2026-05-11,64.93407736764503
TECH_PHONE_008,2026-05-12,66.27767572820865
TECH_PHONE_008,2026-05-13,67.65170112593815
TECH_PHONE_008,2026-05-14,70.87338706408046
TECH_PHONE_008,2026-05-15,73.17543026776244
TECH_PHONE_008,2026-05-16,117.02338820425408
TECH_PHONE_008,2026-05-17,106.90254858436109
TECH_PHONE_008,2026-05-18,62.48327263516843
TECH_PHONE_008,2026-05-19,87.42790487716482
TECH_PHONE_008,2026-05-20,65.88241006369395
TECH_PHONE_008,2026-05-21,79.01973657177064
TECH_PHONE_008,2026-05-22,73.85636138984125
TECH_PHONE_008,2026-05-23,115.05861722932211
TECH_PHONE_008,2026-05-24,113.53976666148306
TECH_PHONE_008,2026-05-25,71.56004357914897
TECH_PHONE_008,2026-05-26,77.31221706729482
TECH_PHONE_008,2026-05-27,71.50532443870185
TECH_PHONE_008,2026-05-28,82.24759813176281
TECH_PHONE_008,2026-05-29,78.45171064129062
TECH_PHONE_008,2026-05-30,118.40732114765787
TECH_PHONE_008,2026-05-31,111.25298780362651
TECH_PHONE_008,2026-06-01,73.59005873521264
TECH_PHONE_008,2026-06-02,67.45977546296237
TECH_PHONE_008,2026-06-03,73.1200940256113
TECH_PHONE_008,2026-06-04,68.75859895204843
TECH_PHONE_008,2026-06-05,84.41625220288552
TECH_PHONE_008,2026-06-06,115.83353638292046
TECH_PHONE_008,2026-06-07,116.77528175126685
TECH_PHONE_008,2026-06-08,74.71403291948987
TECH_PHONE_008,2026-06-09,77.65402088553928
TECH_PHONE_008,2026-06-10,92.76819239666071
TECH_PHONE_008,2026-06-11,74.66907412300957
TECH_PHONE_008,2026-06-12,72.50727397091404
TECH_PHONE_008,2026-06-13,120.04597467717593
TECH_PHONE_008,2026-06-14,100.03025701822358
TECH_PHONE_008,2026-06-15,77.67211479361215
TECH_PHONE_008,2026-06-16,74.94669483826686
TECH_PHONE_008,2026-06-17,71.00073244416177
TECH_PHONE_008,2026-06-18,81.05120062405591
TECH_PHONE_008,2026-06-19,78.20632356174222
TECH_PHONE_008,2026-06-20,105.70410121053817
TECH_PHONE_008,2026-06-21,113.48290516012993
TECH_PHONE_008,2026-06-22,59.23741004572801
TECH_PHONE_008,2026-06-23,80.38557747328112
TECH_PHONE_008,2026-06-24,80.46977616170503
TECH_PHONE_008,2026-06-25,73.51433950069776
TECH_PHONE_008,2026-06-26,82.46474389710865
TECH_PHONE_008,2026-06-27,110.18550910059795
TECH_PHONE_008,2026-06-28,112.42098762882905
TECH_PHONE_008,2026-06-29,82.10345706492492
TECH_PHONE_008,2026-06-30,74.95479941724457
TECH_PHONE_008,2026-07-01,79.23646408906387
TECH_PHONE_008,2026-07-02,76.07991641898613
TECH_PHONE_008,2026-07-03,77.23785436842539
TECH_PHONE_008,2026-07-04,117.27632017469705
TECH_PHONE_008,2026-07-05,115.18540540236003
TECH_PHONE_008,2026-07-06,82.39616811477683
TECH_PHONE_008,2026-07-07,76.40567198742393
TECH_PHONE_008,2026-07-08,80.80353231105097
TECH_PHONE_008,2026-07-09,76.04037090292893
TECH_PHONE_008,2026-07-10,70.87362906586257
TECH_PHONE_008,2026-07-11,126.7720726451105
TECH_PHONE_008,2026-07-12,124.19687810162971
TECH_PHONE_008,2026-07-13,96.55530165406464
TECH_PHONE_008,2026-07-14,74.70977925601149
TECH_PHONE_008,2026-07-15,80.37086078360859
TECH_PHONE_008,2026-07-16,81.0518506263517
TECH_PHONE_008,2026-07-17,88.57983829266206
TECH_PHONE_008,2026-07-18,118.45308789872479
TECH_PHONE_008,2026-07-19,114.22112376243936
TECH_PHONE_008,2026-07-20,90.47154143584261
TECH_PHONE_008,2026-07-21,80.5601098068759
TECH_PHONE_008,2026-07-22,88.59904716419189
TECH_PHONE_008,2026-07-23,87.98050944522859
TECH_PHONE_008,2026-07-24,82.90272287224482
TECH_PHONE_008,2026-07-25,121.69952954677068
TECH_PHONE_008,2026-07-26,120.41567227822328
TECH_PHONE_008,2026-07-27,83.44972535011807
TECH_PHONE_008,2026-07-28,89.39646149272616
TECH_PHONE_008,2026-07-29,78.59349480500677
TECH_PHONE_008,2026-07-30,84.7183811593802
TECH_PHONE_008,2026-07-31,76.76703257388787
TECH_PHONE_008,2026-08-01,117.33889886192154
TECH_PHONE_008,2026-08-02,123.8458026187729
TECH_PHONE_008,2026-08-03,71.6629571452607
TECH_PHONE_008,2026-08-04,98.34968686966594
TECH_PHONE_008,2026-08-05,77.02580429759244
TECH_PHONE_008,2026-08-06,84.78541581646674
TECH_PHONE_008,2026-08-07,92.91023696399131
TECH_PHONE_008,2026-08-08,119.2548247642467
TECH_PHONE_008,2026-08-09,109.90219986900487
TECH_PHONE_008,2026-08-10,82.71335798317718
TECH_PHONE_008,2026-08-11,80.02618549149761
TECH_PHONE_008,2026-08-12,70.9259348432928
TECH_PHONE_008,2026-08-13,87.98027329097651
TECH_PHONE_008,2026-08-14,87.61681949073748
TECH_PHONE_008,2026-08-15,133.53935459995313
TECH_PHONE_008,2026-08-16,118.75257238756545
TECH_PHONE_008,2026-08-17,76.14569918944972
TECH_PHONE_008,2026-08-18,84.16562765189254
TECH_PHONE_008,2026-08-19,86.41693845053997
TECH_PHONE_008,2026-08-20,93.23090737971089
TECH_PHONE_008,2026-08-21,96.60974883303405
TECH_PHONE_008,2026-08-22,135.0655622837885
TECH_PHONE_008,2026-08-23,129.0251882014916
TECH_PHONE_008,2026-08-24,93.02669507312737
TECH_PHONE_008,2026-08-25,83.67274333052339
TECH_PHONE_008,2026-08-26,89.16140827033662
TECH_PHONE_008,2026-08-27,80.33748508070047
TECH_PHONE_008,2026-08-28,88.76372361945336
TECH_PHONE_009,2026-04-01,60.81629565068939
TECH_PHONE_009,2026-04-02,62.731229911893884
TECH_PHONE_009,2026-04-03,66.13764392201031
TECH_PHONE_009,2026-04-04,105.53928878489774
TECH_PHONE_009,2026-04-05,97.44961506752284
TECH_PHONE_009,2026-04-06,62.324494594250496
TECH_PHONE_009,2026-04-07,61.96114214367775
TECH_PHONE_009,2026-04-08,58.74014631697043
TECH_PHONE_009,2026-04-09,57.508397137001424
TECH_PHONE_009,2026-04-10,48.4914959098018
TECH_PHONE_009,2026-04-11,92.5323682994016
TECH_PHONE_009,2026-04-12,88.40035191742021
TECH_PHONE_009,2026-04-13,70.45671075516483
TECH_PHONE_009,2026-04-14,64.09933765061432
TECH_PHONE_009,2026-04-15,62.33177226502431
TECH_PHONE_009,2026-04-16,58.8733403649054
TECH_PHONE_009,2026-04-17,63.581653505731204
TECH_PHONE_009,2026-04-18,94.97732274630246
TECH_PHONE_009,2026-04-19,101.3615131953857
TECH_PHONE_009,2026-04-20,65.34897729582026
TECH_PHONE_009,2026-04-21,58.74555941562386
TECH_PHONE_009,2026-04-22,58.77918201458333
TECH_PHONE_009,2026-04-23,70.16941606303021
TECH_PHONE_009,2026-04-24,64.12755427882307
TECH_PHONE_009,2026-04-25,96.43577538148416
TECH_PHONE_009,2026-04-26,99.08991155969395
TECH_PHONE_009,2026-04-27,58.7353760710897
TECH_PHONE_009,2026-04-28,64.6401801579623
TECH_PHONE_009,2026-04-29,70.27293267675326
TECH_PHONE_009,2026-04-30,65.181208927675
TECH_PHONE_009,2026-05-01,79.91816400641984
TECH_PHONE_009,2026-05-02,104.82029336509892
TECH_PHONE_009,2026-05-03,103.8027221318375
TECH_PHONE_009,2026-05-04,60.40935700110859
TECH_PHONE_009,2026-05-05,64.64494597425973
TECH_PHONE_009,2026-05-06,61.498015557494476
TECH_PHONE_009,2026-05-07,53.18956410673485
TECH_PHONE_009,2026-05-08,72.49299955498573
TECH_PHONE_009,2026-05-09,100.1801516111436
TECH_PHONE_009,2026-05-10,98.81155954656684
TECH_PHONE_009,2026-05-11,68.28447720714664
TECH_PHONE_009,2026-05-12,70.27624726855126
TECH_PHONE_009,2026-05-13,65.34327351927169
TECH_PHONE_009,2026-05-14,67.434129827585
TECH_PHONE_009,2026-05-15,72.15174318461786
TECH_PHONE_009,2026-05-16,102.15281907287932
TECH_PHONE_009,2026-05-17,106.34423582475635
TECH_PHONE_009,2026-05-18,57.928607827826184
TECH_PHONE_009,2026-05-19,60.62795410959073
TECH_PHONE_009,2026-05-20,72.04379264629046
TECH_PHONE_009,2026-05-21,60.60929230107948
TECH_PHONE_009,2026-05-22,70.07823903739111
TECH_PHONE_009,2026-05-23,104.50330742859786
TECH_PHONE_009,2026-05-24,103.32674969862661
TECH_PHONE_009,2026-05-25,64.04637710929686
TECH_PHONE_009,2026-05-26,74.79697411044279
TECH_PHONE_009,2026-05-27,79.952336042571
TECH_PHONE_009,2026-05-28,71.38117219186118
TECH_PHONE_009,2026-05-29,71.66719336560419
TECH_PHONE_009,2026-05-30,102.28778315786928
TECH_PHONE_009,2026-05-31,99.3038068858713
TECH_PHONE_009,2026-06-01,69.90759268068234
TECH_PHONE_009,2026-06-02,64.36012714745573
TECH_PHONE_009,2026-06-03,59.63707821727349
TECH_PHONE_009,2026-06-04,75.50101945543005
TECH_PHONE_009,2026-06-05,75.94821740833618
TECH_PHONE_009,2026-06-06,102.26108348498614
TECH_PHONE_009,2026-06-07,109.1381823598034
TECH_PHONE_009,2026-06-08,77.31190883352978
TECH_PHONE_009,2026-06-09,72.60066279107745
TECH_PHONE_009,2026-06-10,64.22175665879773
TECH_PHONE_009,2026-06-11,70.2293501792537
TECH_PHONE_009,2026-06-12,79.89353746225615
TECH_PHONE_009,2026-06-13,110.0568625259912
TECH_PHONE_009,2026-06-14,111.98870582941511
TECH_PHONE_009,2026-06-15,74.3339382381516
TECH_PHONE_009,2026-06-16,67.18138071633265
TECH_PHONE_009,2026-06-17,68.76284416237587
TECH_PHONE_009,2026-06-18,74.76707745801563
TECH_PHONE_009,2026-06-19,77.83291785812449
TECH_PHONE_009,2026-06-20,116.30942020059909
TECH_PHONE_009,2026-06-21,104.51555617691403
TECH_PHONE_009,2026-06-22,75.94203526153088
TECH_PHONE_009,2026-06-23,80.69096908148576
TECH_PHONE_009,2026-06-24,67.57880120124305
TECH_PHONE_009,2026-06-25,82.81915752837862
TECH_PHONE_009,2026-06-26,83.89753904679957
TECH_PHONE_009,2026-06-27,126.66302667169214
TECH_PHONE_009,2026-06-28,112.20869398906298
TECH_PHONE_009,2026-06-29,75.79219052520094
TECH_PHONE_009,2026-06-30,79.54466577361563
TECH_PHONE_009,2026-07-01,79.51659630560145
TECH_PHONE_009,2026-07-02,81.67083785207319
TECH_PHONE_009,2026-07-03,79.73260240083714
TECH_PHONE_009,2026-07-04,111.05302235486796
TECH_PHONE_009,2026-07-05,119.30418243793837
TECH_PHONE_009,2026-07-06,68.86534968687438
TECH_PHONE_009,2026-07-07,75.58569925402479
TECH_PHONE_009,2026-07-08,85.23878725790378
TECH_PHONE_009,2026-07-09,68.22349636146605
TECH_PHONE_009,2026-07-10,71.8673984923173
TECH_PHONE_009,2026-07-11,116.84765847557148
TECH_PHONE_009,2026-07-12,115.30286303674053
TECH_PHONE_009,2026-07-13,71.1123450132969
TECH_PHONE_009,2026-07-14,74.06121658334614
TECH_PHONE_009,2026-07-15,69.54722941783294
TECH_PHONE_009,2026-07-16,82.8809584970755
TECH_PHONE_009,2026-07-17,75.48912371820975
TECH_PHONE_009,2026-07-18,124.73215105563987
TECH_PHONE_009,2026-07-19,114.44471148864413
TECH_PHONE_009,2026-07-20,76.15958414924245
TECH_PHONE_009,2026-07-21,75.71738725612003
TECH_PHONE_009,2026-07-22,76.31038100532618
TECH_PHONE_009,2026-07-23,78.6260086803162
TECH_PHONE_009,2026-07-24,93.42568621712775
TECH_PHONE_009,2026-07-25,112.78295601239391
TECH_PHONE_009,2026-07-26,113.131243889295
TECH_PHONE_009,2026-07-27,78.95012245866738
TECH_PHONE_009,2026-07-28,85.3506744887
TECH_PHONE_009,2026-07-29,70.18199417745603
TECH_PHONE_009,2026-07-30,81.77606569514883
TECH_PHONE_009,2026-07-31,74.16370642627092
TECH_PHONE_009,2026-08-01,119.27496340260079
TECH_PHONE_009,2026-08-02,113.03806435160124
TECH_PHONE_009,2026-08-03,65.54497572748055
TECH_PHONE_009,2026-08-04,82.00442337639366
TECH_PHONE_009,2026-08-05,82.1029830991159
TECH_PHONE_009,2026-08-06,76.51761011827547
TECH_PHONE_009,2026-08-07,76.30610245312769
TECH_PHONE_009,2026-08-08,108.95062637696532
TECH_PHONE_009,2026-08-09,121.81590964338713
TECH_PHONE_009,2026-08-10,86.03151627304753
TECH_PHONE_009,2026-08-11,75.43778960042707
TECH_PHONE_009,2026-08-12,77.65639979681302
TECH_PHONE_009,2026-08-13,80.71393636105232
TECH_PHONE_009,2026-08-14,95.10227821431684
TECH_PHONE_009,2026-08-15,121.32524266029249
TECH_PHONE_009,2026-08-16,112.39516535844889
TECH_PHONE_009,2026-08-17,83.55305988789209
TECH_PHONE_009,2026-08-18,73.4521816021077
TECH_PHONE_009,2026-08-19,86.37974089048865
TECH_PHONE_009,2026-08-20,92.37083910062137
TECH_PHONE_009,2026-08-21,92.54672927901214
TECH_PHONE_009,2026-08-22,123.53285037119348
TECH_PHONE_009,2026-08-23,115.64118462920442
TECH_PHONE_009,2026-08-24,74.81449928526384
TECH_PHONE_009,2026-08-25,74.35874923544844
TECH_PHONE_009,2026-08-26,65.93207563205888
TECH_PHONE_009,2026-08-27,87.43252015434832
TECH_PHONE_009,2026-08-28,82.72270332663116
TECH_PHONE_010,2026-04-01,64.82115311717087
TECH_PHONE_010,2026-04-02,76.66963537835335
TECH_PHONE_010,2026-04-03,76.09818489456116
TECH_PHONE_010,2026-04-04,101.47887433218924
TECH_PHONE_010,2026-04-05,100.68562160764841
TECH_PHONE_010,2026-04-06,68.79703266448766
TECH_PHONE_010,2026-04-07,59.41049464527611
TECH_PHONE_010,2026-04-08,68.01164734882653
TECH_PHONE_010,2026-04-09,71.17952180950049
TECH_PHONE_010,2026-04-10,74.325065955248
TECH_PHONE_010,2026-04-11,104.8489985028803
TECH_PHONE_010,2026-04-12,104.32612062384973
TECH_PHONE_010,2026-04-13,61.09311318608235
TECH_PHONE_010,2026-04-14,61.57527769874091
TECH_PHONE_010,2026-04-15,65.62788720264007
TECH_PHONE_010,2026-04-16,69.63787579430516
TECH_PHONE_010,2026-04-17,73.33830007051613
TECH_PHONE_010,2026-04-18,101.32933682057775
TECH_PHONE_010,2026-04-19,116.4024756982369
TECH_PHONE_010,2026-04-20,66.0876965932233
TECH_PHONE_010,2026-04-21,67.86111258673516
TECH_PHONE_010,2026-04-22,63.293124085539155
TECH_PHONE_010,2026-04-23,52.542438308225876
TECH_PHONE_010,2026-04-24,74.19629507634683
TECH_PHONE_010,2026-04-25,112.38948533110081
TECH_PHONE_010,2026-04-26,105.92137087873161
TECH_PHONE_010,2026-04-27,69.33543966196167
TECH_PHONE_010,2026-04-28,72.40360491507664
TECH_PHONE_010,2026-04-29,59.043451930237474
TECH_PHONE_010,2026-04-30,65.91115759724907
TECH_PHONE_010,2026-05-01,74.66272041754188
TECH_PHONE_010,2026-05-02,100.49711874939989
TECH_PHONE_010,2026-05-03,110.70812655908308
TECH_PHONE_010,2026-05-04,61.13221826994787
TECH_PHONE_010,2026-05-05,73.13179488581791
TECH_PHONE_010,2026-05-06,70.01833036506636
TECH_PHONE_010,2026-05-07,59.901643196614195
TECH_PHONE_010,2026-05-08,78.1208058039716
TECH_PHONE_010,2026-05-09,104.92515475081268
TECH_PHONE_010,2026-05-10,104.58335915940651
TECH_PHONE_010,2026-05-11,72.30369978200113
TECH_PHONE_010,2026-05-12,78.61614277128666
TECH_PHONE_010,2026-05-13,64.69715817664041
TECH_PHONE_010,2026-05-14,71.85091902401182
TECH_PHONE_010,2026-05-15,74.38730725214872
TECH_PHONE_010,2026-05-16,115.25518644721043
TECH_PHONE_010,2026-05-17,112.04687010930196
TECH_PHONE_010,2026-05-18,69.66431904595841
TECH_PHONE_010,2026-05-19,66.82066356578332
TECH_PHONE_010,2026-05-20,72.90993523980143
TECH_PHONE_010,2026-05-21,65.53109642209355
TECH_PHONE_010,2026-05-22,53.66122185728506
TECH_PHONE_010,2026-05-23,114.63763872702484
TECH_PHONE_010,2026-05-24,117.82557646706027
TECH_PHONE_010,2026-05-25,57.740939168978045
TECH_PHONE_010,2026-05-26,66.6867504193854
TECH_PHONE_010,2026-05-27,77.42450269653379
TECH_PHONE_010,2026-05-28,86.92372055312603
TECH_PHONE_010,2026-05-29,73.83515909989015
TECH_PHONE_010,2026-05-30,108.11798088201061
TECH_PHONE_010,2026-05-31,111.81117313281854
TECH_PHONE_010,2026-06-01,83.08669672446321
TECH_PHONE_010,2026-06-02,70.10123283569052
TECH_PHONE_010,2026-06-03,69.25525195677335
TECH_PHONE_010,2026-06-04,71.46216710581679
TECH_PHONE_010,2026-06-05,68.55336404631836
TECH_PHONE_010,2026-06-06,114.69735705396617
TECH_PHONE_010,2026-06-07,124.61040998005214
TECH_PHONE_010,2026-06-08,77.3000152752542
TECH_PHONE_010,2026-06-09,73.70970223617913
TECH_PHONE_010,2026-06-10,73.60322675204897
TECH_PHONE_010,2026-06-11,65.48925974347173
TECH_PHONE_010,2026-06-12,81.54021355145653
TECH_PHONE_010,2026-06-13,114.44405821941679
TECH_PHONE_010,2026-06-14,113.92688056166092
TECH_PHONE_010,2026-06-15,97.00519919099159
TECH_PHONE_010,2026-06-16,78.34189390437696
TECH_PHONE_010,2026-06-17,71.6633581743813
TECH_PHONE_010,2026-06-18,73.92867562466397
TECH_PHONE_010,2026-06-19,84.3148971097789
TECH_PHONE_010,2026-06-20,116.73625766849547
TECH_PHONE_010,2026-06-21,106.80119314093713
TECH_PHONE_010,2026-06-22,83.27498807473881
TECH_PHONE_010,2026-06-23,73.10706344399654
TECH_PHONE_010,2026-06-24,89.77643554541405
TECH_PHONE_010,2026-06-25,84.77031242714521
TECH_PHONE_010,2026-06-26,74.99240767821813
TECH_PHONE_010,2026-06-27,125.37660635127823
TECH_PHONE_010,2026-06-28,117.64106081842813
TECH_PHONE_010,2026-06-29,83.89302888829442
TECH_PHONE_010,2026-06-30,81.65076331241409
TECH_PHONE_010,2026-07-01,73.14868174255933
TECH_PHONE_010,2026-07-02,74.6169260899365
TECH_PHONE_010,2026-07-03,85.64474531427756
TECH_PHONE_010,2026-07-04,115.92396034130748
TECH_PHONE_010,2026-07-05,115.62628498892703
TECH_PHONE_010,2026-07-06,73.19170323422921
TECH_PHONE_010,2026-07-07,82.3033939263575
TECH_PHONE_010,2026-07-08,93.10641197508045
TECH_PHONE_010,2026-07-09,72.91103605734722
TECH_PHONE_010,2026-07-10,80.15742646837293
TECH_PHONE_010,2026-07-11,128.32943361020028
TECH_PHONE_010,2026-07-12,118.78233095690285
TECH_PHONE_010,2026-07-13,83.39041667562327
TECH_PHONE_010,2026-07-14,73.69444206704527
TECH_PHONE_010,2026-07-15,83.53399613184972
TECH_PHONE_010,2026-07-16,79.68356227747044
TECH_PHONE_010,2026-07-17,87.45724497191911
TECH_PHONE_010,2026-07-18,127.91800933517088
TECH_PHONE_010,2026-07-19,137.18216367312098
TECH_PHONE_010,2026-07-20,85.26761562588824
TECH_PHONE_010,2026-07-21,83.76767605778409
TECH_PHONE_010,2026-07-22,83.06349796025268
TECH_PHONE_010,2026-07-23,79.65441909673054
TECH_PHONE_010,2026-07-24,84.30014498250098
TECH_PHONE_010,2026-07-25,119.3298908340963
TECH_PHONE_010,2026-07-26,122.4949963457525
TECH_PHONE_010,2026-07-27,91.11438398145174
TECH_PHONE_010,2026-07-28,76.15747332568233
TECH_PHONE_010,2026-07-29,90.25921064733879
TECH_PHONE_010,2026-07-30,91.56124793770913
TECH_PHONE_010,2026-07-31,82.382554574558
TECH_PHONE_010,2026-08-01,108.50794315644413
TECH_PHONE_010,2026-08-02,118.49915708388619
TECH_PHONE_010,2026-08-03,92.0304645526472
TECH_PHONE_010,2026-08-04,83.60135759505727
TECH_PHONE_010,2026-08-05,77.40453549008309
TECH_PHONE_010,2026-08-06,80.76896301201658
TECH_PHONE_010,2026-08-07,89.6640301722796
TECH_PHONE_010,2026-08-08,126.90376819330896
TECH_PHONE_010,2026-08-09,121.94694135539699
TECH_PHONE_010,2026-08-10,82.26564132320453
TECH_PHONE_010,2026-08-11,82.25357203121516
TECH_PHONE_010,2026-08-12,78.95433380075974
TECH_PHONE_010,2026-08-13,95.59994198155137
TECH_PHONE_010,2026-08-14,83.15491695012629
TECH_PHONE_010,2026-08-15,132.31153038536573
TECH_PHONE_010,2026-08-16,134.43855433749593
TECH_PHONE_010,2026-08-17,92.18902083796175
TECH_PHONE_010,2026-08-18,83.04446796733268
TECH_PHONE_010,2026-08-19,88.62424558718796
TECH_PHONE_010,2026-08-20,85.99272855845905
TECH_PHONE_010,2026-08-21,80.42593790525416
TECH_PHONE_010,2026-08-22,127.55833533119042
TECH_PHONE_010,2026-08-23,117.93624135746128
TECH_PHONE_010,2026-08-24,94.46991602500016
TECH_PHONE_010,2026-08-25,83.87998756756045
TECH_PHONE_010,2026-08-26,88.35753776317345
TECH_PHONE_010,2026-08-27,89.04137116504992
TECH_PHONE_010,2026-08-28,85.66711767092349
TECH_PHONE_011,2026-04-01,28.47241427854361
TECH_PHONE_011,2026-04-02,32.48259372244483
TECH_PHONE_011,2026-04-03,34.42759851955187
TECH_PHONE_011,2026-04-04,51.487638003161514
TECH_PHONE_011,2026-04-05,42.791654058964134
TECH_PHONE_011,2026-04-06,31.127540908858073
TECH_PHONE_011,2026-04-07,33.98604783208918
TECH_PHONE_011,2026-04-08,27.09975345953383
TECH_PHONE_011,2026-04-09,33.370831761686624
TECH_PHONE_011,2026-04-10,33.352382344917935
TECH_PHONE_011,2026-04-11,45.863730324185205
TECH_PHONE_011,2026-04-12,52.15269799722048
TECH_PHONE_011,2026-04-13,32.618093380589805
TECH_PHONE_011,2026-04-14,33.9011453661638
TECH_PHONE_011,2026-04-15,29.201062842704605
TECH_PHONE_011,2026-04-16,32.700408349114156
TECH_PHONE_011,2026-04-17,27.285364337603028
TECH_PHONE_011,2026-04-18,43.719026377400844
TECH_PHONE_011,2026-04-19,51.12248527958325
TECH_PHONE_011,2026-04-20,36.15179282028393
TECH_PHONE_011,2026-04-21,33.75881044279524
TECH_PHONE_011,2026-04-22,32.95966180816756
TECH_PHONE_011,2026-04-23,32.73739763983538
TECH_PHONE_011,2026-04-24,30.622303825670805
TECH_PHONE_011,2026-04-25,50.934417288614085
TECH_PHONE_011,2026-04-26,53.015053404793335
TECH_PHONE_011,2026-04-27,32.59433330159811
TECH_PHONE_011,2026-04-28,36.30176056150733
TECH_PHONE_011,2026-04-29,34.787925101593814
TECH_PHONE_011,2026-04-30,35.30093825332022
TECH_PHONE_011,2026-05-01,37.16598826065288
TECH_PHONE_011,2026-05-02,51.06973370203503
TECH_PHONE_011,2026-05-03,54.77814175856085
TECH_PHONE_011,2026-05-04,33.79056984824408
TECH_PHONE_011,2026-05-05,36.118543451456524
TECH_PHONE_011,2026-05-06,33.3126859480903
TECH_PHONE_011,2026-05-07,32.667888530805804
TECH_PHONE_011,2026-05-08,35.82559423694548
TECH_PHONE_011,2026-05-09,48.04439984393665
TECH_PHONE_011,2026-05-10,52.96119766947336
TECH_PHONE_011,2026-05-11,31.18086898317246
TECH_PHONE_011,2026-05-12,38.48770210294082
TECH_PHONE_011,2026-05-13,39.45033178832674
TECH_PHONE_011,2026-05-14,33.85814633573759
TECH_PHONE_011,2026-05-15,37.88493888742049
TECH_PHONE_011,2026-05-16,57.44740714106248
TECH_PHONE_011,2026-05-17,57.60740766750535
TECH_PHONE_011,2026-05-18,37.69335250191492
TECH_PHONE_011,2026-05-19,39.40291402668449
TECH_PHONE_011,2026-05-20,35.40200606423882
TECH_PHONE_011,2026-05-21,37.74936739697004
TECH_PHONE_011,2026-05-22,36.24868977962767
TECH_PHONE_011,2026-05-23,53.598636078643906
TECH_PHONE_011,2026-05-24,56.058190174408885
TECH_PHONE_011,2026-05-25,39.14259112847422
TECH_PHONE_011,2026-05-26,41.74052630386496
TECH_PHONE_011,2026-05-27,39.19546658189666
TECH_PHONE_011,2026-05-28,40.47579160488465
TECH_PHONE_011,2026-05-29,40.65984951974862
TECH_PHONE_011,2026-05-30,64.91260309709088
TECH_PHONE_011,2026-05-31,51.56990279018226
TECH_PHONE_011,2026-06-01,37.08619839948847
TECH_PHONE_011,2026-06-02,43.72216815746424
TECH_PHONE_011,2026-06-03,38.39396077543958
TECH_PHONE_011,2026-06-04,42.25740941280516
TECH_PHONE_011,2026-06-05,40.44002857128851
TECH_PHONE_011,2026-06-06,64.21560720362403
TECH_PHONE_011,2026-06-07,54.710836718808864
TECH_PHONE_011,2026-06-08,43.86540165755644
TECH_PHONE_011,2026-06-09,45.5987439158175
TECH_PHONE_011,2026-06-10,37.456743368496
TECH_PHONE_011,2026-06-11,42.99861073074404
TECH_PHONE_011,2026-06-12,37.90350604251283
TECH_PHONE_011,2026-06-13,59.04048471760538
TECH_PHONE_011,2026-06-14,58.33023620945348
TECH_PHONE_011,2026-06-15,34.04173819530094
TECH_PHONE_011,2026-06-16,42.6727027791357
TECH_PHONE_011,2026-06-17,41.98001750281869
TECH_PHONE_011,2026-06-18,46.13723692021728
TECH_PHONE_011,2026-06-19,43.68343096394863
TECH_PHONE_011,2026-06-20,66.87265177223628
TECH_PHONE_011,2026-06-21,60.47112714623614
TECH_PHONE_011,2026-06-22,41.98340984399307
TECH_PHONE_011,2026-06-23,41.89693004784871
TECH_PHONE_011,2026-06-24,41.28123386690468
TECH_PHONE_011,2026-06-25,36.12674725085229
TECH_PHONE_011,2026-06-26,42.23941611897612
TECH_PHONE_011,2026-06-27,54.84643582069202
TECH_PHONE_011,2026-06-28,62.55610003375731
TECH_PHONE_011,2026-06-29,39.629819122588245
TECH_PHONE_011,2026-06-30,40.81700213073474
TECH_PHONE_011,2026-07-01,41.641769415502345
TECH_PHONE_011,2026-07-02,43.18519488656026
TECH_PHONE_011,2026-07-03,43.97060476481711
TECH_PHONE_011,2026-07-04,65.35343874921921
TECH_PHONE_011,2026-07-05,60.517409719477335
TECH_PHONE_011,2026-07-06,45.840438408667104
TECH_PHONE_011,2026-07-07,52.7426016996707
TECH_PHONE_011,2026-07-08,45.832052108289695
TECH_PHONE_011,2026-07-09,44.3085306332051
TECH_PHONE_011,2026-07-10,42.66254504421511
TECH_PHONE_011,2026-07-11,62.567005363739014
TECH_PHONE_011,2026-07-12,60.64133896917178
TECH_PHONE_011,2026-07-13,46.25598428005132
TECH_PHONE_011,2026-07-14,45.91063241591818
TECH_PHONE_011,2026-07-15,39.26334233724662
TECH_PHONE_011,2026-07-16,45.8443259827018
TECH_PHONE_011,2026-07-17,49.278438937920036
TECH_PHONE_011,2026-07-18,63.00266444339175
TECH_PHONE_011,2026-07-19,62.39130968276531
TECH_PHONE_011,2026-07-20,42.366897680649444
TECH_PHONE_011,2026-07-21,41.076023875126786
TECH_PHONE_011,2026-07-22,49.29404780118976
TECH_PHONE_011,2026-07-23,46.40556501126242
TECH_PHONE_011,2026-07-24,49.416064686010266
TECH_PHONE_011,2026-07-25,69.84397123373842
TECH_PHONE_011,2026-07-26,68.16374305473104
TECH_PHONE_011,2026-07-27,45.92288303568361
TECH_PHONE_011,2026-07-28,48.13460299397267
TECH_PHONE_011,2026-07-29,46.00568140452924
TECH_PHONE_011,2026-07-30,45.87513461219501
TECH_PHONE_011,2026-07-31,49.17844548720787
TECH_PHONE_011,2026-08-01,63.80311835064548
TECH_PHONE_011,2026-08-02,59.8225451427339
TECH_PHONE_011,2026-08-03,45.935556312817866
TECH_PHONE_011,2026-08-04,47.829356553937885
TECH_PHONE_011,2026-08-05,53.464195493495765
TECH_PHONE_011,2026-08-06,47.5771876503859
TECH_PHONE_011,2026-08-07,50.735772273087825
TECH_PHONE_011,2026-08-08,66.84507529811378
TECH_PHONE_011,2026-08-09,71.17921543161115
TECH_PHONE_011,2026-08-10,53.121289156391875
TECH_PHONE_011,2026-08-11,53.32852531571976
TECH_PHONE_011,2026-08-12,44.74804941174794
TECH_PHONE_011,2026-08-13,50.72017214173498
TECH_PHONE_011,2026-08-14,52.526815800365846
TECH_PHONE_011,2026-08-15,69.544615687768
TECH_PHONE_011,2026-08-16,70.45978897746548
TECH_PHONE_011,2026-08-17,50.875053012856434
TECH_PHONE_011,2026-08-18,48.615647379820416
TECH_PHONE_011,2026-08-19,45.90870784504124
TECH_PHONE_011,2026-08-20,49.21329171405457
TECH_PHONE_011,2026-08-21,59.33432962091517
TECH_PHONE_011,2026-08-22,67.993046471728
TECH_PHONE_011,2026-08-23,63.72182932172776
TECH_PHONE_011,2026-08-24,53.947948082187246
TECH_PHONE_011,2026-08-25,54.466380026047936
TECH_PHONE_011,2026-08-26,55.91197317045642
TECH_PHONE_011,2026-08-27,53.61293551112034
TECH_PHONE_011,2026-08-28,54.88680454340085
TECH_PHONE_012,2026-04-01,43.52843518347748
TECH_PHONE_012,2026-04-02,46.36014119126468
TECH_PHONE_012,2026-04-03,52.55467357650786
TECH_PHONE_012,2026-04-04,76.26785448367174
TECH_PHONE_012,2026-04-05,69.1744392831927
TECH_PHONE_012,2026-04-06,49.93540989978309
TECH_PHONE_012,2026-04-07,43.53379421468366
TECH_PHONE_012,2026-04-08,37.91632515253836
TECH_PHONE_012,2026-04-09,55.23123389977074
TECH_PHONE_012,2026-04-10,50.49898041169014
TECH_PHONE_012,2026-04-11,76.33212788012395
TECH_PHONE_012,2026-04-12,75.22563528092553
TECH_PHONE_012,2026-04-13,55.366273653446584
TECH_PHONE_012,2026-04-14,63.45962920593251
TECH_PHONE_012,2026-04-15,51.20926843726263
TECH_PHONE_012,2026-04-16,44.41071699305898
TECH_PHONE_012,2026-04-17,48.67401206132051
TECH_PHONE_012,2026-04-18,79.77369155884203
TECH_PHONE_012,2026-04-19,66.85721695713823
TECH_PHONE_012,2026-04-20,51.42214624835715
TECH_PHONE_012,2026-04-21,52.05119810861747
TECH_PHONE_012,2026-04-22,56.383808330539935
TECH_PHONE_012,2026-04-23,56.04397952115335
TECH_PHONE_012,2026-04-24,50.972509153360825
TECH_PHONE_012,2026-04-25,85.91879346092769
TECH_PHONE_012,2026-04-26,88.51768809948216
TECH_PHONE_012,2026-04-27,51.03137183964896
TECH_PHONE_012,2026-04-28,53.015479268798416
TECH_PHONE_012,2026-04-29,42.893702440380295
TECH_PHONE_012,2026-04-30,44.53042566652689
TECH_PHONE_012,2026-05-01,47.56047732415526
TECH_PHONE_012,2026-05-02,77.76499396876986
TECH_PHONE_012,2026-05-03,74.84822178373108
TECH_PHONE_012,2026-05-04,51.780821563706965
TECH_PHONE_012,2026-05-05,50.15556691192929
TECH_PHONE_012,2026-05-06,57.28320758729619
TECH_PHONE_012,2026-05-07,50.16856386622657
TECH_PHONE_012,2026-05-08,41.802425643387174
TECH_PHONE_012,2026-05-09,81.49103051091647
TECH_PHONE_012,2026-05-10,80.9832692852667
TECH_PHONE_012,2026-05-11,48.94836555739888
TECH_PHONE_012,2026-05-12,53.59649945243607
TECH_PHONE_012,2026-05-13,48.24625643533622
TECH_PHONE_012,2026-05-14,55.00024778202971
TECH_PHONE_012,2026-05-15,65.9747448535703
TECH_PHONE_012,2026-05-16,73.46365427733821
TECH_PHONE_012,2026-05-17,79.67366219105695
TECH_PHONE_012,2026-05-18,50.87042592918906
TECH_PHONE_012,2026-05-19,52.16367854760855
TECH_PHONE_012,2026-05-20,59.14364552410578
TECH_PHONE_012,2026-05-21,57.05128482879942
TECH_PHONE_012,2026-05-22,58.63920256225019
TECH_PHONE_012,2026-05-23,83.14332887234191
TECH_PHONE_012,2026-05-24,76.93613319625918
TECH_PHONE_012,2026-05-25,49.860978802078094
TECH_PHONE_012,2026-05-26,58.75742062509298
TECH_PHONE_012,2026-05-27,56.202909922542496
TECH_PHONE_012,2026-05-28,61.47297480857054
TECH_PHONE_012,2026-05-29,57.07833188525995
TECH_PHONE_012,2026-05-30,78.48982953133901
TECH_PHONE_012,2026-05-31,81.74706147333917
TECH_PHONE_012,2026-06-01,58.804626503509766
TECH_PHONE_012,2026-06-02,59.63856273232154
TECH_PHONE_012,2026-06-03,60.469010571127036
TECH_PHONE_012,2026-06-04,51.6719366679356
TECH_PHONE_012,2026-06-05,51.10515821943845
TECH_PHONE_012,2026-06-06,84.20792815718713
TECH_PHONE_012,2026-06-07,92.01834552770724
TECH_PHONE_012,2026-06-08,53.93881889220232
TECH_PHONE_012,2026-06-09,59.48836788582457
TECH_PHONE_012,2026-06-10,59.638787353013136
TECH_PHONE_012,2026-06-11,61.22563192345188
TECH_PHONE_012,2026-06-12,65.62286919355658
TECH_PHONE_012,2026-06-13,93.4909601964007
TECH_PHONE_012,2026-06-14,83.50535258095432
TECH_PHONE_012,2026-06-15,48.38989142584923
TECH_PHONE_012,2026-06-16,55.21091212378571
TECH_PHONE_012,2026-06-17,58.905659782022006
TECH_PHONE_012,2026-06-18,57.000267194877416
TECH_PHONE_012,2026-06-19,68.09912503176224
TECH_PHONE_012,2026-06-20,87.28826743028732
TECH_PHONE_012,2026-06-21,90.42244583720412
TECH_PHONE_012,2026-06-22,60.32090725534251
TECH_PHONE_012,2026-06-23,57.82082403759314
TECH_PHONE_012,2026-06-24,50.553385113575466
TECH_PHONE_012,2026-06-25,59.38049709885502
TECH_PHONE_012,2026-06-26,75.1968422778244
TECH_PHONE_012,2026-06-27,82.40104552076218
TECH_PHONE_012,2026-06-28,79.87009669144115
TECH_PHONE_012,2026-06-29,69.45102972207388
TECH_PHONE_012,2026-06-30,63.987789958385875
TECH_PHONE_012,2026-07-01,61.53087343846015
TECH_PHONE_012,2026-07-02,67.20456715312517
TECH_PHONE_012,2026-07-03,57.04194086810635
TECH_PHONE_012,2026-07-04,88.79900462370114
TECH_PHONE_012,2026-07-05,93.93922434943387
TECH_PHONE_012,2026-07-06,71.31866552875586
TECH_PHONE_012,2026-07-07,56.05784172111394
TECH_PHONE_012,2026-07-08,67.71945195523386
TECH_PHONE_012,2026-07-09,63.64464358595263
TECH_PHONE_012,2026-07-10,62.76638701691826
TECH_PHONE_012,2026-07-11,90.31367265540273
TECH_PHONE_012,2026-07-12,83.99216088273536
TECH_PHONE_012,2026-07-13,66.97651829160125
TECH_PHONE_012,2026-07-14,58.92333560446626
TECH_PHONE_012,2026-07-15,57.67545369823897
TECH_PHONE_012,2026-07-16,67.06165710683159
TECH_PHONE_012,2026-07-17,66.75892991818938
TECH_PHONE_012,2026-07-18,91.771300392972
TECH_PHONE_012,2026-07-19,96.6238550178147
TECH_PHONE_012,2026-07-20,70.20190193295184
TECH_PHONE_012,2026-07-21,69.79865316578004
TECH_PHONE_012,2026-07-22,61.31708882501069
TECH_PHONE_012,2026-07-23,68.71629317701465
TECH_PHONE_012,2026-07-24,65.09471259429064
TECH_PHONE_012,2026-07-25,100.56176652065616
TECH_PHONE_012,2026-07-26,92.01847681954428
TECH_PHONE_012,2026-07-27,62.87458330436884
TECH_PHONE_012,2026-07-28,61.81515467883848
TECH_PHONE_012,2026-07-29,65.7396531029071
TECH_PHONE_012,2026-07-30,67.19360969768289
TECH_PHONE_012,2026-07-31,67.43402272975818
TECH_PHONE_012,2026-08-01,95.14111093946573
TECH_PHONE_012,2026-08-02,96.8038739595951
TECH_PHONE_012,2026-08-03,64.55405337120233
TECH_PHONE_012,2026-08-04,61.6491780167182
TECH_PHONE_012,2026-08-05,61.38880841450586
TECH_PHONE_012,2026-08-06,70.6327401479263
TECH_PHONE_012,2026-08-07,68.41051485948296
TECH_PHONE_012,2026-08-08,85.82756247653347
TECH_PHONE_012,2026-08-09,99.85474110595972
TECH_PHONE_012,2026-08-10,75.48804518809249
TECH_PHONE_012,2026-08-11,63.43519080143489
TECH_PHONE_012,2026-08-12,68.5299522174974
TECH_PHONE_012,2026-08-13,64.8747469599279
TECH_PHONE_012,2026-08-14,70.20304254971448
TECH_PHONE_012,2026-08-15,90.11975822134643
TECH_PHONE_012,2026-08-16,95.41420541163573
TECH_PHONE_012,2026-08-17,72.31217640159427
TECH_PHONE_012,2026-08-18,73.65784517470455
TECH_PHONE_012,2026-08-19,70.00453034892254
TECH_PHONE_012,2026-08-20,66.55648707491423
TECH_PHONE_012,2026-08-21,60.81477490358504
TECH_PHONE_012,2026-08-22,93.08951635717538
TECH_PHONE_012,2026-08-23,94.59441499765254
TECH_PHONE_012,2026-08-24,65.47065121848242
TECH_PHONE_012,2026-08-25,69.179898951074
TECH_PHONE_012,2026-08-26,67.44312763999496
TECH_PHONE_012,2026-08-27,70.00897044997659
TECH_PHONE_012,2026-08-28,75.002348314924
TECH_PHONE_013,2026-04-01,59.353602518571336
TECH_PHONE_013,2026-04-02,60.78652393395333
TECH_PHONE_013,2026-04-03,67.32788571544803
TECH_PHONE_013,2026-04-04,87.12795964519725
TECH_PHONE_013,2026-04-05,77.18487828065713
TECH_PHONE_013,2026-04-06,60.8347123140468
TECH_PHONE_013,2026-04-07,70.52301597091403
TECH_PHONE_013,2026-04-08,67.35978348234268
TECH_PHONE_013,2026-04-09,61.43699055012029
TECH_PHONE_013,2026-04-10,57.44934650477092
TECH_PHONE_013,2026-04-11,100.66202332016013
TECH_PHONE_013,2026-04-12,90.30607742174365
TECH_PHONE_013,2026-04-13,63.610510839201694
TECH_PHONE_013,2026-04-14,63.9322739390831
TECH_PHONE_013,2026-04-15,67.35523845424339
TECH_PHONE_013,2026-04-16,77.53199422957536
TECH_PHONE_013,2026-04-17,63.71525420635472
TECH_PHONE_013,2026-04-18,93.94711460832576
TECH_PHONE_013,2026-04-19,96.94911155806724
TECH_PHONE_013,2026-04-20,51.41245216115421
TECH_PHONE_013,2026-04-21,57.901192526574555
TECH_PHONE_013,2026-04-22,59.735233615132685
TECH_PHONE_013,2026-04-23,59.2078784521859
TECH_PHONE_013,2026-04-24,63.34889374499896
TECH_PHONE_013,2026-04-25,93.14772239894502
TECH_PHONE_013,2026-04-26,104.76408093721439
TECH_PHONE_013,2026-04-27,62.90122168301736
TECH_PHONE_013,2026-04-28,62.99512810528217
TECH_PHONE_013,2026-04-29,61.26542117257379
TECH_PHONE_013,2026-04-30,64.26562503476798
TECH_PHONE_013,2026-05-01,68.36807976153905
TECH_PHONE_013,2026-05-02,93.9339317273057
TECH_PHONE_013,2026-05-03,95.31711271445599
TECH_PHONE_013,2026-05-04,62.15801643021768
TECH_PHONE_013,2026-05-05,56.15936155150803
TECH_PHONE_013,2026-05-06,59.41637862764316
TECH_PHONE_013,2026-05-07,61.59029684608652
TECH_PHONE_013,2026-05-08,69.7088961662051
TECH_PHONE_013,2026-05-09,101.64911184111136
TECH_PHONE_013,2026-05-10,101.39218047706851
TECH_PHONE_013,2026-05-11,70.02029797679104
TECH_PHONE_013,2026-05-12,64.33950644844357
TECH_PHONE_013,2026-05-13,67.60374261458044
TECH_PHONE_013,2026-05-14,64.84099165769827
TECH_PHONE_013,2026-05-15,67.1656378614578
TECH_PHONE_013,2026-05-16,97.71172392009167
TECH_PHONE_013,2026-05-17,86.91097876616908
TECH_PHONE_013,2026-05-18,65.2577529431008
TECH_PHONE_013,2026-05-19,74.59421400298964
TECH_PHONE_013,2026-05-20,71.8146708732254
TECH_PHONE_013,2026-05-21,72.19584515908791
TECH_PHONE_013,2026-05-22,73.94317125865669
TECH_PHONE_013,2026-05-23,102.72307978667249
TECH_PHONE_013,2026-05-24,103.51416267369302
TECH_PHONE_013,2026-05-25,63.45585381693733
TECH_PHONE_013,2026-05-26,65.38517014944041
TECH_PHONE_013,2026-05-27,71.03304978364974
TECH_PHONE_013,2026-05-28,74.65291817929601
TECH_PHONE_013,2026-05-29,66.87726697348211
TECH_PHONE_013,2026-05-30,100.59388333737667
TECH_PHONE_013,2026-05-31,103.40311495725393
TECH_PHONE_013,2026-06-01,71.69711981868178
TECH_PHONE_013,2026-06-02,59.7812565848121
TECH_PHONE_013,2026-06-03,54.9025323764903
TECH_PHONE_013,2026-06-04,65.35183258799965
TECH_PHONE_013,2026-06-05,61.54779668710646
TECH_PHONE_013,2026-06-06,101.30197283388088
TECH_PHONE_013,2026-06-07,103.57809611897692
TECH_PHONE_013,2026-06-08,66.52583438676422
TECH_PHONE_013,2026-06-09,77.91955845337739
TECH_PHONE_013,2026-06-10,71.42779411115369
TECH_PHONE_013,2026-06-11,71.4227987217039
TECH_PHONE_013,2026-06-12,73.47102214985607
TECH_PHONE_013,2026-06-13,98.63088460509347
TECH_PHONE_013,2026-06-14,111.63075954577958
TECH_PHONE_013,2026-06-15,69.80299070944079
TECH_PHONE_013,2026-06-16,74.35583564172316
TECH_PHONE_013,2026-06-17,64.22604232506308
TECH_PHONE_013,2026-06-18,61.53282328050523
TECH_PHONE_013,2026-06-19,75.67554898234766
TECH_PHONE_013,2026-06-20,108.62081620397535
TECH_PHONE_013,2026-06-21,101.2278958292907
TECH_PHONE_013,2026-06-22,66.1689878204793
TECH_PHONE_013,2026-06-23,78.09006522804714
TECH_PHONE_013,2026-06-24,64.58246983208277
TECH_PHONE_013,2026-06-25,81.44177042421019
TECH_PHONE_013,2026-06-26,66.58633766557757
TECH_PHONE_013,2026-06-27,111.21651236108946
TECH_PHONE_013,2026-06-28,105.661150993081
TECH_PHONE_013,2026-06-29,75.90880584338582
TECH_PHONE_013,2026-06-30,69.28972738752627
TECH_PHONE_013,2026-07-01,71.68952185417346
TECH_PHONE_013,2026-07-02,73.04142313483476
TECH_PHONE_013,2026-07-03,67.03709401088932
TECH_PHONE_013,2026-07-04,112.87086363797874
TECH_PHONE_013,2026-07-05,105.62203995781765
TECH_PHONE_013,2026-07-06,72.05126049949389
TECH_PHONE_013,2026-07-07,67.68333868980977
TECH_PHONE_013,2026-07-08,58.58223141310767
TECH_PHONE_013,2026-07-09,72.72293620065899
TECH_PHONE_013,2026-07-10,88.2344309875162
TECH_PHONE_013,2026-07-11,114.17916529859835
TECH_PHONE_013,2026-07-12,109.58636375956708
TECH_PHONE_013,2026-07-13,72.89894410767123
TECH_PHONE_013,2026-07-14,74.73254876759107
TECH_PHONE_013,2026-07-15,77.97800277953374
TECH_PHONE_013,2026-07-16,67.93320438967783
TECH_PHONE_013,2026-07-17,81.62449799854635
TECH_PHONE_013,2026-07-18,114.82074976110334
TECH_PHONE_013,2026-07-19,114.9872957816768
TECH_PHONE_013,2026-07-20,78.08700685897739
TECH_PHONE_013,2026-07-21,75.76573828039454
TECH_PHONE_013,2026-07-22,79.76988129220423
TECH_PHONE_013,2026-07-23,79.44170338907414
TECH_PHONE_013,2026-07-24,74.01115980544796
TECH_PHONE_013,2026-07-25,108.26574953990828
TECH_PHONE_013,2026-07-26,112.40095214204574
TECH_PHONE_013,2026-07-27,85.6892188938216
TECH_PHONE_013,2026-07-28,69.38926825364199
TECH_PHONE_013,2026-07-29,68.1916009320606
TECH_PHONE_013,2026-07-30,77.97208896329545
TECH_PHONE_013,2026-07-31,77.45023744095052
TECH_PHONE_013,2026-08-01,113.7227158197854
TECH_PHONE_013,2026-08-02,114.28932386766016
TECH_PHONE_013,2026-08-03,76.28310669765465
TECH_PHONE_013,2026-08-04,86.54019428775229
TECH_PHONE_013,2026-08-05,68.45466652698856
TECH_PHONE_013,2026-08-06,73.16186755379654
TECH_PHONE_013,2026-08-07,77.59079691512062
TECH_PHONE_013,2026-08-08,104.05518601419041
TECH_PHONE_013,2026-08-09,112.86245901385078
TECH_PHONE_013,2026-08-10,88.45267397779531
TECH_PHONE_013,2026-08-11,78.92323028094617
TECH_PHONE_013,2026-08-12,80.31113534374023
TECH_PHONE_013,2026-08-13,71.66502788548178
TECH_PHONE_013,2026-08-14,75.61346769256708
TECH_PHONE_013,2026-08-15,112.58634135608878
TECH_PHONE_013,2026-08-16,113.07548092913822
TECH_PHONE_013,2026-08-17,87.26169839052224
TECH_PHONE_013,2026-08-18,83.14037725827824
TECH_PHONE_013,2026-08-19,73.4423980540715
TECH_PHONE_013,2026-08-20,81.60437819274884
TECH_PHONE_013,2026-08-21,83.23950831613104
TECH_PHONE_013,2026-08-22,122.57687932727548
TECH_PHONE_013,2026-08-23,125.3251900507534
TECH_PHONE_013,2026-08-24,74.76094426821558
TECH_PHONE_013,2026-08-25,76.11594068385901
TECH_PHONE_013,2026-08-26,73.63029063240376
TECH_PHONE_013,2026-08-27,79.81928283126881
TECH_PHONE_013,2026-08-28,84.10151440923337
TECH_PHONE_014,2026-04-01,77.25900797112085
TECH_PHONE_014,2026-04-02,73.23856605700053
TECH_PHONE_014,2026-04-03,79.7170286285459
TECH_PHONE_014,2026-04-04,123.55848842697286
TECH_PHONE_014,2026-04-05,110.2604504968725
TECH_PHONE_014,2026-04-06,76.63104433167152
TECH_PHONE_014,2026-04-07,76.13438933491436
TECH_PHONE_014,2026-04-08,72.91657382007719
TECH_PHONE_014,2026-04-09,85.07043298593459
TECH_PHONE_014,2026-04-10,71.37883506574883
TECH_PHONE_014,2026-04-11,126.5627015083865
TECH_PHONE_014,2026-04-12,122.12628680118766
TECH_PHONE_014,2026-04-13,78.61848204291555
TECH_PHONE_014,2026-04-14,81.07957581194859
TECH_PHONE_014,2026-04-15,68.16243468242838
TECH_PHONE_014,2026-04-16,79.70662277718435
TECH_PHONE_014,2026-04-17,95.79600092182038
TECH_PHONE_014,2026-04-18,112.3185985713217
TECH_PHONE_014,2026-04-19,123.86217947576218
TECH_PHONE_014,2026-04-20,87.38661886866103
TECH_PHONE_014,2026-04-21,81.29230628444733
TECH_PHONE_014,2026-04-22,84.37854883608186
TECH_PHONE_014,2026-04-23,61.24493831569612
TECH_PHONE_014,2026-04-24,83.99669524718763
TECH_PHONE_014,2026-04-25,119.41116963262465
TECH_PHONE_014,2026-04-26,127.70506736283193
TECH_PHONE_014,2026-04-27,79.67629604508788
TECH_PHONE_014,2026-04-28,97.3653310216284
TECH_PHONE_014,2026-04-29,84.35488446062065
TECH_PHONE_014,2026-04-30,79.49405889760283
TECH_PHONE_014,2026-05-01,69.02633502967299
TECH_PHONE_014,2026-05-02,127.17071645405923
TECH_PHONE_014,2026-05-03,132.65653947543586
TECH_PHONE_014,2026-05-04,80.3378056221739
TECH_PHONE_014,2026-05-05,77.25701166447544
TECH_PHONE_014,2026-05-06,76.89834135476798
TECH_PHONE_014,2026-05-07,85.46707490946045
TECH_PHONE_014,2026-05-08,87.32134833874959
TECH_PHONE_014,2026-05-09,137.6451968764405
TECH_PHONE_014,2026-05-10,119.88800081160129
TECH_PHONE_014,2026-05-11,85.99742944397389
TECH_PHONE_014,2026-05-12,81.22504994642422
TECH_PHONE_014,2026-05-13,81.59902004478707
TECH_PHONE_014,2026-05-14,85.50387649065841
TECH_PHONE_014,2026-05-15,85.69818752754959
TECH_PHONE_014,2026-05-16,132.368637604016
TECH_PHONE_014,2026-05-17,120.46321893931184
TECH_PHONE_014,2026-05-18,77.35143330553491
TECH_PHONE_014,2026-05-19,94.4925988939344
TECH_PHONE_014,2026-05-20,81.6736492471456
TECH_PHONE_014,2026-05-21,85.82570942493601
TECH_PHONE_014,2026-05-22,91.66546397152823
TECH_PHONE_014,2026-05-23,132.92216734994224
TECH_PHONE_014,2026-05-24,133.7035719953875
TECH_PHONE_014,2026-05-25,90.89879036225254
TECH_PHONE_014,2026-05-26,68.1633554171828
TECH_PHONE_014,2026-05-27,80.67637882077995
TECH_PHONE_014,2026-05-28,88.1114040533969
TECH_PHONE_014,2026-05-29,95.2460967336382
TECH_PHONE_014,2026-05-30,130.9523262533839
TECH_PHONE_014,2026-05-31,124.1801548906537
TECH_PHONE_014,2026-06-01,78.93254602296018
TECH_PHONE_014,2026-06-02,92.01734514624336
TECH_PHONE_014,2026-06-03,83.79492077382166
TECH_PHONE_014,2026-06-04,85.54527965199344
TECH_PHONE_014,2026-06-05,90.42422947266962
TECH_PHONE_014,2026-06-06,109.4484200115288
TECH_PHONE_014,2026-06-07,146.85279308746144
TECH_PHONE_014,2026-06-08,80.64383885361194
TECH_PHONE_014,2026-06-09,88.18871640799914
TECH_PHONE_014,2026-06-10,73.54430269742834
TECH_PHONE_014,2026-06-11,83.43868756092172
TECH_PHONE_014,2026-06-12,96.25962915237473
TECH_PHONE_014,2026-06-13,117.98712943453933
TECH_PHONE_014,2026-06-14,141.25912066263749
TECH_PHONE_014,2026-06-15,85.16990966863388
TECH_PHONE_014,2026-06-16,91.10244974567347
TECH_PHONE_014,2026-06-17,92.54718554248684
TECH_PHONE_014,2026-06-18,91.05480339613104
TECH_PHONE_014,2026-06-19,81.27637504760571
TECH_PHONE_014,2026-06-20,130.82942648633383
TECH_PHONE_014,2026-06-21,122.6421730528938
TECH_PHONE_014,2026-06-22,92.0376521200694
TECH_PHONE_014,2026-06-23,101.38561917052104
TECH_PHONE_014,2026-06-24,74.73424926125888
TECH_PHONE_014,2026-06-25,82.96149111335093
TECH_PHONE_014,2026-06-26,87.51850790328972
TECH_PHONE_014,2026-06-27,135.967394820223
TECH_PHONE_014,2026-06-28,141.48173989090165
TECH_PHONE_014,2026-06-29,88.19328014928173
TECH_PHONE_014,2026-06-30,87.09871367901306
TECH_PHONE_014,2026-07-01,98.03379336613004
TECH_PHONE_014,2026-07-02,94.83116630968112
TECH_PHONE_014,2026-07-03,94.04623261532835
TECH_PHONE_014,2026-07-04,136.5551194080697
TECH_PHONE_014,2026-07-05,143.32195680299094
TECH_PHONE_014,2026-07-06,85.41204862664998
TECH_PHONE_014,2026-07-07,84.52552345538581
TECH_PHONE_014,2026-07-08,96.37036750020687
TECH_PHONE_014,2026-07-09,78.4997266337235
TECH_PHONE_014,2026-07-10,91.7005642732373
TECH_PHONE_014,2026-07-11,134.3441565228049
TECH_PHONE_014,2026-07-12,126.21626404703754
TECH_PHONE_014,2026-07-13,84.37236639415639
TECH_PHONE_014,2026-07-14,90.77178169855534
TECH_PHONE_014,2026-07-15,99.60812074939257
TECH_PHONE_014,2026-07-16,86.93751926644065
TECH_PHONE_014,2026-07-17,101.27169863927794
TECH_PHONE_014,2026-07-18,138.28016212942953
TECH_PHONE_014,2026-07-19,147.9089237364918
TECH_PHONE_014,2026-07-20,87.90586377327163
TECH_PHONE_014,2026-07-21,92.2790471303992
TECH_PHONE_014,2026-07-22,95.60047538536116
TECH_PHONE_014,2026-07-23,91.58572048316451
TECH_PHONE_014,2026-07-24,100.34298351830378
TECH_PHONE_014,2026-07-25,122.072515687794
TECH_PHONE_014,2026-07-26,157.41028209480353
TECH_PHONE_014,2026-07-27,100.06908701316323
TECH_PHONE_014,2026-07-28,92.38115809933387
TECH_PHONE_014,2026-07-29,89.65235528081217
TECH_PHONE_014,2026-07-30,87.41520335299099
TECH_PHONE_014,2026-07-31,99.05667760369
TECH_PHONE_014,2026-08-01,147.4618606828219
TECH_PHONE_014,2026-08-02,138.81480142621277
TECH_PHONE_014,2026-08-03,103.01312713863662
TECH_PHONE_014,2026-08-04,87.85482364461546
TECH_PHONE_014,2026-08-05,86.66303754010005
TECH_PHONE_014,2026-08-06,108.83139315986617
TECH_PHONE_014,2026-08-07,99.69242546289293
TECH_PHONE_014,2026-08-08,151.56604633378132
TECH_PHONE_014,2026-08-09,134.61005821625355
TECH_PHONE_014,2026-08-10,88.63120702255766
TECH_PHONE_014,2026-08-11,93.07456917212268
TECH_PHONE_014,2026-08-12,89.68715280430351
TECH_PHONE_014,2026-08-13,101.46077559773622
TECH_PHONE_014,2026-08-14,90.54144196735902
TECH_PHONE_014,2026-08-15,133.0953090786886
TECH_PHONE_014,2026-08-16,143.22931713313977
TECH_PHONE_014,2026-08-17,86.89610506372838
TECH_PHONE_014,2026-08-18,83.17407412078704
TECH_PHONE_014,2026-08-19,98.01275497734571
TECH_PHONE_014,2026-08-20,83.85592767312241
TECH_PHONE_014,2026-08-21,103.19212341184522
TECH_PHONE_014,2026-08-22,132.44546368047875
TECH_PHONE_014,2026-08-23,126.17087922320994
TECH_PHONE_014,2026-08-24,95.51714545892996
TECH_PHONE_014,2026-08-25,98.99891822505329
TECH_PHONE_014,2026-08-26,101.78521048398275
TECH_PHONE_014,2026-08-27,99.5073193125205
TECH_PHONE_014,2026-08-28,90.29922407950515
TECH_PHONE_015,2026-04-01,93.56620642031493
TECH_PHONE_015,2026-04-02,102.40736473684183
TECH_PHONE_015,2026-04-03,83.03243986126222
TECH_PHONE_015,2026-04-04,123.82106637398098
TECH_PHONE_015,2026-04-05,129.5691440581483
TECH_PHONE_015,2026-04-06,85.67371232181593
TECH_PHONE_015,2026-04-07,76.39879252065391
TECH_PHONE_015,2026-04-08,93.05264857611611
TECH_PHONE_015,2026-04-09,80.99455192169295
TECH_PHONE_015,2026-04-10,83.23239609491287
TECH_PHONE_015,2026-04-11,131.4942091660248
TECH_PHONE_015,2026-04-12,129.73837556279278
TECH_PHONE_015,2026-04-13,86.34373590366297
TECH_PHONE_015,2026-04-14,75.135425144934
TECH_PHONE_015,2026-04-15,75.74524631922095
TECH_PHONE_015,2026-04-16,71.66879698282078
TECH_PHONE_015,2026-04-17,83.82810959883777
TECH_PHONE_015,2026-04-18,133.4257047273945
TECH_PHONE_015,2026-04-19,131.07062835598472
TECH_PHONE_015,2026-04-20,93.91104098011078
TECH_PHONE_015,2026-04-21,80.95635105313343
TECH_PHONE_015,2026-04-22,86.36618491362161
TECH_PHONE_015,2026-04-23,72.78473316611334
TECH_PHONE_015,2026-04-24,78.43062232069967
TECH_PHONE_015,2026-04-25,133.82519450901307
TECH_PHONE_015,2026-04-26,135.17299646379652
TECH_PHONE_015,2026-04-27,79.60705780821938
TECH_PHONE_015,2026-04-28,81.49152583550708
TECH_PHONE_015,2026-04-29,70.36058477588969
TECH_PHONE_015,2026-04-30,79.56517223370844
TECH_PHONE_015,2026-05-01,89.44498867545434
TECH_PHONE_015,2026-05-02,133.93659912563123
TECH_PHONE_015,2026-05-03,133.50519262677346
TECH_PHONE_015,2026-05-04,83.33823476001149
TECH_PHONE_015,2026-05-05,83.15509263729977
TECH_PHONE_015,2026-05-06,78.0994951121071
TECH_PHONE_015,2026-05-07,88.85086167757977
TECH_PHONE_015,2026-05-08,86.83358896623724
TECH_PHONE_015,2026-05-09,134.33774701434385
TECH_PHONE_015,2026-05-10,126.54692822719288
TECH_PHONE_015,2026-05-11,67.2039252250043
TECH_PHONE_015,2026-05-12,92.70779115167883
TECH_PHONE_015,2026-05-13,80.56506784313444
TECH_PHONE_015,2026-05-14,77.72034904046366
TECH_PHONE_015,2026-05-15,90.00913551292915
TECH_PHONE_015,2026-05-16,128.4923014086308
TECH_PHONE_015,2026-05-17,139.96750379556366
TECH_PHONE_015,2026-05-18,89.86264640669823
TECH_PHONE_015,2026-05-19,90.53184072096373
TECH_PHONE_015,2026-05-20,74.69554545263583
TECH_PHONE_015,2026-05-21,94.95316308601393
TECH_PHONE_015,2026-05-22,87.68775414362409
TECH_PHONE_015,2026-05-23,129.71963831387964
TECH_PHONE_015,2026-05-24,133.86843004526955
TECH_PHONE_015,2026-05-25,72.24536518339309
TECH_PHONE_015,2026-05-26,89.43749192954924
TECH_PHONE_015,2026-05-27,78.37090223617984
TECH_PHONE_015,2026-05-28,75.99917177042043
TECH_PHONE_015,2026-05-29,74.82559834750045
TECH_PHONE_015,2026-05-30,142.32896932492142
TECH_PHONE_015,2026-05-31,128.89174552919627
TECH_PHONE_015,2026-06-01,99.1130761373487
TECH_PHONE_015,2026-06-02,83.12074858819207
TECH_PHONE_015,2026-06-03,74.13260793077501
TECH_PHONE_015,2026-06-04,78.89110936840045
TECH_PHONE_015,2026-06-05,97.38933063605413
TECH_PHONE_015,2026-06-06,133.48399421209402
TECH_PHONE_015,2026-06-07,130.57335908737335
TECH_PHONE_015,2026-06-08,89.44814216165175
TECH_PHONE_015,2026-06-09,92.26390534210685
TECH_PHONE_015,2026-06-10,97.2157107640392
TECH_PHONE_015,2026-06-11,99.94829399316484
TECH_PHONE_015,2026-06-12,85.99380456284513
TECH_PHONE_015,2026-06-13,125.4068280485601
TECH_PHONE_015,2026-06-14,132.67497174323844
TECH_PHONE_015,2026-06-15,91.2801879513465
TECH_PHONE_015,2026-06-16,81.88268037555724
TECH_PHONE_015,2026-06-17,82.08422286381867
TECH_PHONE_015,2026-06-18,92.38154547608912
TECH_PHONE_015,2026-06-19,89.47051165775048
TECH_PHONE_015,2026-06-20,137.05581656421037
TECH_PHONE_015,2026-06-21,131.03373638933948
TECH_PHONE_015,2026-06-22,88.50287442919502
TECH_PHONE_015,2026-06-23,83.24098147470723
TECH_PHONE_015,2026-06-24,97.54354760677333
TECH_PHONE_015,2026-06-25,98.82494481084527
TECH_PHONE_015,2026-06-26,76.49973467454288
TECH_PHONE_015,2026-06-27,130.59981529049924
TECH_PHONE_015,2026-06-28,126.32707181029738
TECH_PHONE_015,2026-06-29,86.27981331162619
TECH_PHONE_015,2026-06-30,90.84918383563519
TECH_PHONE_015,2026-07-01,80.34276728635147
TECH_PHONE_015,2026-07-02,84.60949345762255
TECH_PHONE_015,2026-07-03,84.11913249776431
TECH_PHONE_015,2026-07-04,140.51668516931176
TECH_PHONE_015,2026-07-05,139.59088582888276
TECH_PHONE_015,2026-07-06,86.77044708396943
TECH_PHONE_015,2026-07-07,93.9292028026873
TECH_PHONE_015,2026-07-08,88.43589534021933
TECH_PHONE_015,2026-07-09,90.73109013945678
TECH_PHONE_015,2026-07-10,106.0529263043286
TECH_PHONE_015,2026-07-11,150.40559620396473
TECH_PHONE_015,2026-07-12,129.96326635196476
TECH_PHONE_015,2026-07-13,99.92191285945756
TECH_PHONE_015,2026-07-14,99.92889312503442
TECH_PHONE_015,2026-07-15,84.79354634772957
TECH_PHONE_015,2026-07-16,100.28646562128792
TECH_PHONE_015,2026-07-17,106.0458689636179
TECH_PHONE_015,2026-07-18,132.24415051129358
TECH_PHONE_015,2026-07-19,133.99347799608876
TECH_PHONE_015,2026-07-20,102.43775944137931
TECH_PHONE_015,2026-07-21,96.76766342444006
TECH_PHONE_015,2026-07-22,99.10151494686828
TECH_PHONE_015,2026-07-23,97.60659588792387
TECH_PHONE_015,2026-07-24,98.14742818323951
TECH_PHONE_015,2026-07-25,131.70351739917356
TECH_PHONE_015,2026-07-26,150.36907811164733
TECH_PHONE_015,2026-07-27,104.67280194093664
TECH_PHONE_015,2026-07-28,93.91075219626939
TECH_PHONE_015,2026-07-29,95.51087979145187
TECH_PHONE_015,2026-07-30,84.05736148006537
TECH_PHONE_015,2026-07-31,100.16118709693912
TECH_PHONE_015,2026-08-01,147.56204804537035
TECH_PHONE_015,2026-08-02,142.76491006740537
TECH_PHONE_015,2026-08-03,105.36995620698991
TECH_PHONE_015,2026-08-04,94.14419759835647
TECH_PHONE_015,2026-08-05,101.30392622197009
TECH_PHONE_015,2026-08-06,89.0966181582015
TECH_PHONE_015,2026-08-07,97.01629322318095
TECH_PHONE_015,2026-08-08,142.7900367883579
TECH_PHONE_015,2026-08-09,146.05740179191935
TECH_PHONE_015,2026-08-10,94.76768995509981
TECH_PHONE_015,2026-08-11,96.77451375376098
TECH_PHONE_015,2026-08-12,104.39316793724376
TECH_PHONE_015,2026-08-13,94.6932389495419
TECH_PHONE_015,2026-08-14,85.7186986142383
TECH_PHONE_015,2026-08-15,158.8467544528023
TECH_PHONE_015,2026-08-16,156.1253418137858
TECH_PHONE_015,2026-08-17,88.62035097817618
TECH_PHONE_015,2026-08-18,104.22972088091251
TECH_PHONE_015,2026-08-19,95.07679678969953
TECH_PHONE_015,2026-08-20,101.20520027958227
TECH_PHONE_015,2026-08-21,101.59494820630525
TECH_PHONE_015,2026-08-22,144.4216191575327
TECH_PHONE_015,2026-08-23,140.28662780842612
TECH_PHONE_015,2026-08-24,94.36377979193318
TECH_PHONE_015,2026-08-25,92.75370305924632
TECH_PHONE_015,2026-08-26,93.56178677580253
TECH_PHONE_015,2026-08-27,99.67600933761503
TECH_PHONE_015,2026-08-28,94.76707208493613
TECH_PHONE_016,2026-04-01,33.473055594175406
TECH_PHONE_016,2026-04-02,27.831443685842014
TECH_PHONE_016,2026-04-03,26.79999714284107
TECH_PHONE_016,2026-04-04,55.72996518176014
TECH_PHONE_016,2026-04-05,54.258174606281116
TECH_PHONE_016,2026-04-06,31.683850672541034
TECH_PHONE_016,2026-04-07,32.471050933576976
TECH_PHONE_016,2026-04-08,25.34649853765138
TECH_PHONE_016,2026-04-09,36.13358374098951
TECH_PHONE_016,2026-04-10,31.133259313636213
TECH_PHONE_016,2026-04-11,53.75693076202605
TECH_PHONE_016,2026-04-12,44.88660076226725
TECH_PHONE_016,2026-04-13,36.928217702916946
TECH_PHONE_016,2026-04-14,31.540896737965685
TECH_PHONE_016,2026-04-15,29.696664755874068
TECH_PHONE_016,2026-04-16,33.163274769637226
TECH_PHONE_016,2026-04-17,32.491535302606444
TECH_PHONE_016,2026-04-18,57.187656361311575
TECH_PHONE_016,2026-04-19,52.5547356084428
TECH_PHONE_016,2026-04-20,39.21037448516278
TECH_PHONE_016,2026-04-21,36.056456370525034
TECH_PHONE_016,2026-04-22,38.0119772390796
TECH_PHONE_016,2026-04-23,35.293067349670764
TECH_PHONE_016,2026-04-24,39.52058874348763
TECH_PHONE_016,2026-04-25,51.108403231095444
TECH_PHONE_016,2026-04-26,55.31359826398185
TECH_PHONE_016,2026-04-27,34.63140534581947
TECH_PHONE_016,2026-04-28,40.519211134423394
TECH_PHONE_016,2026-04-29,40.99691009491016
TECH_PHONE_016,2026-04-30,36.35134802955878
TECH_PHONE_016,2026-05-01,32.36716447649342
TECH_PHONE_016,2026-05-02,57.216711413733336
TECH_PHONE_016,2026-05-03,50.67324884789195
TECH_PHONE_016,2026-05-04,42.15365695610596
TECH_PHONE_016,2026-05-05,35.58585577396468
TECH_PHONE_016,2026-05-06,37.15217547706401
TECH_PHONE_016,2026-05-07,35.22095655741838
TECH_PHONE_016,2026-05-08,34.66429892255737
TECH_PHONE_016,2026-05-09,59.259332212950575
TECH_PHONE_016,2026-05-10,56.542426633435774
TECH_PHONE_016,2026-05-11,38.13594412455416
TECH_PHONE_016,2026-05-12,34.93754854649971
TECH_PHONE_016,2026-05-13,41.03938951519052
TECH_PHONE_016,2026-05-14,41.51492715243798
TECH_PHONE_016,2026-05-15,37.93142884198535
TECH_PHONE_016,2026-05-16,62.00735082666204
TECH_PHONE_016,2026-05-17,57.76680270648153
TECH_PHONE_016,2026-05-18,41.545217588124224
TECH_PHONE_016,2026-05-19,34.00663174134369
TECH_PHONE_016,2026-05-20,40.48097877275652
TECH_PHONE_016,2026-05-21,38.63125930365781
TECH_PHONE_016,2026-05-22,40.14767176305599
TECH_PHONE_016,2026-05-23,59.354183698098645
TECH_PHONE_016,2026-05-24,59.55223943096635
TECH_PHONE_016,2026-05-25,42.070242333960174
TECH_PHONE_016,2026-05-26,38.441444378860865
TECH_PHONE_016,2026-05-27,42.22105363051406
TECH_PHONE_016,2026-05-28,44.4940796259773
TECH_PHONE_016,2026-05-29,36.18754878406297
TECH_PHONE_016,2026-05-30,57.55227168566616
TECH_PHONE_016,2026-05-31,57.83668663839621
TECH_PHONE_016,2026-06-01,37.655453441756926
TECH_PHONE_016,2026-06-02,39.78096713716141
TECH_PHONE_016,2026-06-03,44.75597924927949
TECH_PHONE_016,2026-06-04,46.23227815843977
TECH_PHONE_016,2026-06-05,42.089759903188806
TECH_PHONE_016,2026-06-06,60.06244476528576
TECH_PHONE_016,2026-06-07,63.81935670105811
TECH_PHONE_016,2026-06-08,34.63530081839303
TECH_PHONE_016,2026-06-09,38.9734288892699
TECH_PHONE_016,2026-06-10,35.07078269856027
TECH_PHONE_016,2026-06-11,39.239760904462585
TECH_PHONE_016,2026-06-12,40.345543913913595
TECH_PHONE_016,2026-06-13,66.87858200940057
TECH_PHONE_016,2026-06-14,53.46460170830083
TECH_PHONE_016,2026-06-15,41.916551679250134
TECH_PHONE_016,2026-06-16,45.382612710969944
TECH_PHONE_016,2026-06-17,44.8643381224611
TECH_PHONE_016,2026-06-18,48.37756202731166
TECH_PHONE_016,2026-06-19,44.36536473150908
TECH_PHONE_016,2026-06-20,64.39769017753967
TECH_PHONE_016,2026-06-21,57.46677813823184
TECH_PHONE_016,2026-06-22,41.13753965383421
TECH_PHONE_016,2026-06-23,38.745344820966324
TECH_PHONE_016,2026-06-24,46.43234594532512
TECH_PHONE_016,2026-06-25,45.865809445623185
TECH_PHONE_016,2026-06-26,45.903321495307246
TECH_PHONE_016,2026-06-27,61.42941245293416
TECH_PHONE_016,2026-06-28,61.28656070618668
TECH_PHONE_016,2026-06-29,46.02023018334854
TECH_PHONE_016,2026-06-30,43.35796463113237
TECH_PHONE_016,2026-07-01,42.384705395736844
TECH_PHONE_016,2026-07-02,44.17315401197418
TECH_PHONE_016,2026-07-03,43.835625484687014
TECH_PHONE_016,2026-07-04,62.52648648118895
TECH_PHONE_016,2026-07-05,61.52754298637568
TECH_PHONE_016,2026-07-06,47.8358072586845
TECH_PHONE_016,2026-07-07,51.52935820632658
TECH_PHONE_016,2026-07-08,46.57518655802031
TECH_PHONE_016,2026-07-09,47.561789238303774
TECH_PHONE_016,2026-07-10,48.71640912832545
TECH_PHONE_016,2026-07-11,67.52301042301798
TECH_PHONE_016,2026-07-12,63.789880549385664
TECH_PHONE_016,2026-07-13,52.953507875528274
TECH_PHONE_016,2026-07-14,45.17660635623053
TECH_PHONE_016,2026-07-15,49.82388276691331
TECH_PHONE_016,2026-07-16,49.596612183497314
TECH_PHONE_016,2026-07-17,41.78298706516915
TECH_PHONE_016,2026-07-18,66.25169146587866
TECH_PHONE_016,2026-07-19,67.73121104579894
TECH_PHONE_016,2026-07-20,48.92608387655771
TECH_PHONE_016,2026-07-21,49.61454564965365
TECH_PHONE_016,2026-07-22,51.224521193407924
TECH_PHONE_016,2026-07-23,48.92595083433351
TECH_PHONE_016,2026-07-24,50.23477621765741
TECH_PHONE_016,2026-07-25,68.30614532232838
TECH_PHONE_016,2026-07-26,65.34453229838472
TECH_PHONE_016,2026-07-27,49.65368461238295
TECH_PHONE_016,2026-07-28,52.09708750160983
TECH_PHONE_016,2026-07-29,53.39812282392116
TECH_PHONE_016,2026-07-30,51.71941010414145
TECH_PHONE_016,2026-07-31,54.41992104303775
TECH_PHONE_016,2026-08-01,70.84036719170874
TECH_PHONE_016,2026-08-02,72.41441542934028
TECH_PHONE_016,2026-08-03,53.599651677695306
TECH_PHONE_016,2026-08-04,50.035278269172046
TECH_PHONE_016,2026-08-05,53.223210984216536
TECH_PHONE_016,2026-08-06,48.03993632754907
TECH_PHONE_016,2026-08-07,52.319399496156365
TECH_PHONE_016,2026-08-08,72.39648264533905
TECH_PHONE_016,2026-08-09,74.06350438623787
TECH_PHONE_016,2026-08-10,54.27642977274018
TECH_PHONE_016,2026-08-11,55.205165386671084
TECH_PHONE_016,2026-08-12,51.631982943595446
TECH_PHONE_016,2026-08-13,50.99474190505585
TECH_PHONE_016,2026-08-14,51.37032397476603
TECH_PHONE_016,2026-08-15,72.45210793743561
TECH_PHONE_016,2026-08-16,65.9620095499448
TECH_PHONE_016,2026-08-17,56.96162230526257
TECH_PHONE_016,2026-08-18,52.99039475145271
TECH_PHONE_016,2026-08-19,51.67199493652762
TECH_PHONE_016,2026-08-20,45.05490812606252
TECH_PHONE_016,2026-08-21,53.18219678022949
TECH_PHONE_016,2026-08-22,72.0148751517576
TECH_PHONE_016,2026-08-23,69.92945142193518
TECH_PHONE_016,2026-08-24,51.59625009559356
TECH_PHONE_016,2026-08-25,53.814762737775474
TECH_PHONE_016,2026-08-26,52.16764332931941
TECH_PHONE_016,2026-08-27,56.03000981177074
TECH_PHONE_016,2026-08-28,51.953892516339145
TECH_PHONE_017,2026-04-01,44.842772917557255
TECH_PHONE_017,2026-04-02,41.68713311617988
TECH_PHONE_017,2026-04-03,43.44662263805232
TECH_PHONE_017,2026-04-04,67.93146098419213
TECH_PHONE_017,2026-04-05,69.70297114908112
TECH_PHONE_017,2026-04-06,50.67318435995715
TECH_PHONE_017,2026-04-07,40.15736402994036
TECH_PHONE_017,2026-04-08,42.01964226773917
TECH_PHONE_017,2026-04-09,39.68108500308269
TECH_PHONE_017,2026-04-10,38.87800146837457
TECH_PHONE_017,2026-04-11,71.07820357754072
TECH_PHONE_017,2026-04-12,69.33251960007655
TECH_PHONE_017,2026-04-13,53.55143129548564
TECH_PHONE_017,2026-04-14,44.705475196817716
TECH_PHONE_017,2026-04-15,51.77334619909211
TECH_PHONE_017,2026-04-16,50.50922848973879
TECH_PHONE_017,2026-04-17,45.48060171701434
TECH_PHONE_017,2026-04-18,82.23459656117674
TECH_PHONE_017,2026-04-19,74.28154954044517
TECH_PHONE_017,2026-04-20,53.50724077041755
TECH_PHONE_017,2026-04-21,53.14502632295756
TECH_PHONE_017,2026-04-22,48.97445113446104
TECH_PHONE_017,2026-04-23,50.60497573034574
TECH_PHONE_017,2026-04-24,50.195914226525694
TECH_PHONE_017,2026-04-25,68.96524970187649
TECH_PHONE_017,2026-04-26,74.40207755959328
TECH_PHONE_017,2026-04-27,52.626687829356506
TECH_PHONE_017,2026-04-28,54.76521979639131
TECH_PHONE_017,2026-04-29,45.029185443939426
TECH_PHONE_017,2026-04-30,50.67685772797729
TECH_PHONE_017,2026-05-01,49.163828938421155
TECH_PHONE_017,2026-05-02,74.531354115841
TECH_PHONE_017,2026-05-03,76.76641156859012
TECH_PHONE_017,2026-05-04,49.90918860693101
TECH_PHONE_017,2026-05-05,51.48219330303939
TECH_PHONE_017,2026-05-06,55.59355374818023
TECH_PHONE_017,2026-05-07,52.85016139980468
TECH_PHONE_017,2026-05-08,50.91660153903989
TECH_PHONE_017,2026-05-09,84.30435025002156
TECH_PHONE_017,2026-05-10,81.13369022187348
TECH_PHONE_017,2026-05-11,49.593446870145264
TECH_PHONE_017,2026-05-12,44.79467022964722
TECH_PHONE_017,2026-05-13,45.95354500394995
TECH_PHONE_017,2026-05-14,54.5562227725888
TECH_PHONE_017,2026-05-15,47.826625091286886
TECH_PHONE_017,2026-05-16,72.71455590070744
TECH_PHONE_017,2026-05-17,73.96442456257634
TECH_PHONE_017,2026-05-18,48.02550902680092
TECH_PHONE_017,2026-05-19,54.942849738241904
TECH_PHONE_017,2026-05-20,50.66033486655799
TECH_PHONE_017,2026-05-21,45.46155175868262
TECH_PHONE_017,2026-05-22,51.78659755015437
TECH_PHONE_017,2026-05-23,79.17797098277227
TECH_PHONE_017,2026-05-24,76.24091780966026
TECH_PHONE_017,2026-05-25,57.18589437044788
TECH_PHONE_017,2026-05-26,50.397868902953945
TECH_PHONE_017,2026-05-27,57.27668582120346
TECH_PHONE_017,2026-05-28,55.17584423056989
TECH_PHONE_017,2026-05-29,56.77706423539539
TECH_PHONE_017,2026-05-30,74.41637630045186
TECH_PHONE_017,2026-05-31,79.83256484584766
TECH_PHONE_017,2026-06-01,52.91755677987101
TECH_PHONE_017,2026-06-02,47.04317129040685
TECH_PHONE_017,2026-06-03,58.312267211132806
TECH_PHONE_017,2026-06-04,50.003436053607665
TECH_PHONE_017,2026-06-05,51.06790155312167
TECH_PHONE_017,2026-06-06,75.84141032337001
TECH_PHONE_017,2026-06-07,83.53521983470965
TECH_PHONE_017,2026-06-08,47.485909237400584
TECH_PHONE_017,2026-06-09,57.0686491220441
TECH_PHONE_017,2026-06-10,59.09586153947123
TECH_PHONE_017,2026-06-11,57.013585081553344
TECH_PHONE_017,2026-06-12,57.935565328924284
TECH_PHONE_017,2026-06-13,84.6920044661434
TECH_PHONE_017,2026-06-14,77.32253296240664
TECH_PHONE_017,2026-06-15,61.56283391052311
TECH_PHONE_017,2026-06-16,53.375664481812606
TECH_PHONE_017,2026-06-17,55.25789448260412
TECH_PHONE_017,2026-06-18,54.23639579925578
TECH_PHONE_017,2026-06-19,58.012785331860165
TECH_PHONE_017,2026-06-20,80.03263613019534
TECH_PHONE_017,2026-06-21,82.84442918664443
TECH_PHONE_017,2026-06-22,50.86448720455758
TECH_PHONE_017,2026-06-23,61.57452691740692
TECH_PHONE_017,2026-06-24,59.551260162180895
TECH_PHONE_017,2026-06-25,55.46405704763222
TECH_PHONE_017,2026-06-26,54.83574426788643
TECH_PHONE_017,2026-06-27,86.28636428379787
TECH_PHONE_017,2026-06-28,80.48790912520178
TECH_PHONE_017,2026-06-29,57.901607389366745
TECH_PHONE_017,2026-06-30,62.610154664698186
TECH_PHONE_017,2026-07-01,54.080468675796354
TECH_PHONE_017,2026-07-02,59.42184364812889
TECH_PHONE_017,2026-07-03,59.339191174516166
TECH_PHONE_017,2026-07-04,84.07171799788419
TECH_PHONE_017,2026-07-05,82.43332582994269
TECH_PHONE_017,2026-07-06,63.74510705033529
TECH_PHONE_017,2026-07-07,55.92069800262534
TECH_PHONE_017,2026-07-08,50.72702883502967
TECH_PHONE_017,2026-07-09,61.66834780317655
TECH_PHONE_017,2026-07-10,53.71426526102153
TECH_PHONE_017,2026-07-11,88.59427703736239
TECH_PHONE_017,2026-07-12,91.57357429051116
TECH_PHONE_017,2026-07-13,62.22089946495417
TECH_PHONE_017,2026-07-14,64.31420972830496
TECH_PHONE_017,2026-07-15,68.63821607049044
TECH_PHONE_017,2026-07-16,64.15374603547936
TECH_PHONE_017,2026-07-17,61.50452292755192
TECH_PHONE_017,2026-07-18,93.78937200750406
TECH_PHONE_017,2026-07-19,94.47101239732497
TECH_PHONE_017,2026-07-20,68.28259584634145
TECH_PHONE_017,2026-07-21,58.48456853313759
TECH_PHONE_017,2026-07-22,54.84231922260702
TECH_PHONE_017,2026-07-23,58.5159543928865
TECH_PHONE_017,2026-07-24,64.19602310948997
TECH_PHONE_017,2026-07-25,88.35029935946127
TECH_PHONE_017,2026-07-26,86.89148366522188
TECH_PHONE_017,2026-07-27,64.01611815474172
TECH_PHONE_017,2026-07-28,55.22845764063763
TECH_PHONE_017,2026-07-29,62.47114491424278
TECH_PHONE_017,2026-07-30,66.92121363733065
TECH_PHONE_017,2026-07-31,64.56698883605621
TECH_PHONE_017,2026-08-01,91.74396321606841
TECH_PHONE_017,2026-08-02,95.87844027579108
TECH_PHONE_017,2026-08-03,62.30896954655586
TECH_PHONE_017,2026-08-04,59.87639669005852
TECH_PHONE_017,2026-08-05,68.13386618772618
TECH_PHONE_017,2026-08-06,68.20293077654928
TECH_PHONE_017,2026-08-07,65.6564833689255
TECH_PHONE_017,2026-08-08,89.04436759743723
TECH_PHONE_017,2026-08-09,89.90607046443515
TECH_PHONE_017,2026-08-10,58.032199010623216
TECH_PHONE_017,2026-08-11,68.6969647329117
TECH_PHONE_017,2026-08-12,68.69166576192823
TECH_PHONE_017,2026-08-13,58.328595897946144
TECH_PHONE_017,2026-08-14,68.067581169187
TECH_PHONE_017,2026-08-15,92.57804728203965
TECH_PHONE_017,2026-08-16,86.4533139142805
TECH_PHONE_017,2026-08-17,59.393599115281134
TECH_PHONE_017,2026-08-18,66.49337038536757
TECH_PHONE_017,2026-08-19,63.25010189880956
TECH_PHONE_017,2026-08-20,73.15777494241856
TECH_PHONE_017,2026-08-21,69.49143293645518
TECH_PHONE_017,2026-08-22,93.9342498016218
TECH_PHONE_017,2026-08-23,94.30154761761054
TECH_PHONE_017,2026-08-24,71.60581559361553
TECH_PHONE_017,2026-08-25,69.6246796036003
TECH_PHONE_017,2026-08-26,68.2489723293825
TECH_PHONE_017,2026-08-27,61.88685082429096
TECH_PHONE_017,2026-08-28,79.82256664778735
TECH_PHONE_018,2026-04-01,60.26594767990373
TECH_PHONE_018,2026-04-02,64.86723790435084
TECH_PHONE_018,2026-04-03,61.92325429716833
TECH_PHONE_018,2026-04-04,100.99136516680608
TECH_PHONE_018,2026-04-05,96.01162486323692
TECH_PHONE_018,2026-04-06,57.97774773093335
TECH_PHONE_018,2026-04-07,61.04579688672185
TECH_PHONE_018,2026-04-08,55.11655049922494
TECH_PHONE_018,2026-04-09,57.95890311941974
TECH_PHONE_018,2026-04-10,61.39767072097622
TECH_PHONE_018,2026-04-11,96.86947815821597
TECH_PHONE_018,2026-04-12,95.42212860798237
TECH_PHONE_018,2026-04-13,52.60971020997218
TECH_PHONE_018,2026-04-14,64.70481632388221
TECH_PHONE_018,2026-04-15,66.02194759893734
TECH_PHONE_018,2026-04-16,70.94777392198822
TECH_PHONE_018,2026-04-17,64.00647837987351
TECH_PHONE_018,2026-04-18,96.95862482172976
TECH_PHONE_018,2026-04-19,91.12312589330013
TECH_PHONE_018,2026-04-20,70.65290542923023
TECH_PHONE_018,2026-04-21,63.46221456355674
TECH_PHONE_018,2026-04-22,63.290901725570194
TECH_PHONE_018,2026-04-23,60.80106843074477
TECH_PHONE_018,2026-04-24,60.57397955803432
TECH_PHONE_018,2026-04-25,102.0607737309
TECH_PHONE_018,2026-04-26,92.12350032631431
TECH_PHONE_018,2026-04-27,72.4900479690368
TECH_PHONE_018,2026-04-28,71.35440609947639
TECH_PHONE_018,2026-04-29,61.111036873484174
TECH_PHONE_018,2026-04-30,58.25319906134905
TECH_PHONE_018,2026-05-01,51.61028466870306
TECH_PHONE_018,2026-05-02,91.66665815234308
TECH_PHONE_018,2026-05-03,103.50647780800897
TECH_PHONE_018,2026-05-04,65.81051696751386
TECH_PHONE_018,2026-05-05,67.01255603530592
TECH_PHONE_018,2026-05-06,53.361080151587444
TECH_PHONE_018,2026-05-07,62.06468784139429
TECH_PHONE_018,2026-05-08,72.61690955706429
TECH_PHONE_018,2026-05-09,99.53343830861583
TECH_PHONE_018,2026-05-10,92.74346106571849
TECH_PHONE_018,2026-05-11,64.34154624802689
TECH_PHONE_018,2026-05-12,60.60099723164503
TECH_PHONE_018,2026-05-13,67.26870645367784
TECH_PHONE_018,2026-05-14,65.57121773543753
TECH_PHONE_018,2026-05-15,68.8054503180855
TECH_PHONE_018,2026-05-16,93.96425060208584
TECH_PHONE_018,2026-05-17,98.65257224487593
TECH_PHONE_018,2026-05-18,72.48356261425474
TECH_PHONE_018,2026-05-19,58.20974767883066
TECH_PHONE_018,2026-05-20,60.43163910536412
TECH_PHONE_018,2026-05-21,67.67585412895318
TECH_PHONE_018,2026-05-22,68.34170605059437
TECH_PHONE_018,2026-05-23,99.31578592781766
TECH_PHONE_018,2026-05-24,100.7072459924308
TECH_PHONE_018,2026-05-25,70.24603081317828
TECH_PHONE_018,2026-05-26,72.26284651038321
TECH_PHONE_018,2026-05-27,61.09159217479043
TECH_PHONE_018,2026-05-28,69.69948517170491
TECH_PHONE_018,2026-05-29,76.62089440003376
TECH_PHONE_018,2026-05-30,102.56623683796931
TECH_PHONE_018,2026-05-31,97.02894899264774
TECH_PHONE_018,2026-06-01,61.50605773791943
TECH_PHONE_018,2026-06-02,67.35164909626
TECH_PHONE_018,2026-06-03,74.56149909871895
TECH_PHONE_018,2026-06-04,68.35954048590493
TECH_PHONE_018,2026-06-05,69.86646868144497
TECH_PHONE_018,2026-06-06,98.42158407517456
TECH_PHONE_018,2026-06-07,110.25039403456164
TECH_PHONE_018,2026-06-08,62.44061443012441
TECH_PHONE_018,2026-06-09,66.37347074279737
TECH_PHONE_018,2026-06-10,73.21649768607314
TECH_PHONE_018,2026-06-11,57.61735415991241
TECH_PHONE_018,2026-06-12,70.82637078314568
TECH_PHONE_018,2026-06-13,99.2194659582885
TECH_PHONE_018,2026-06-14,105.59764145356377
TECH_PHONE_018,2026-06-15,68.17287191449958
TECH_PHONE_018,2026-06-16,82.82442546955609
TECH_PHONE_018,2026-06-17,68.23058498372055
TECH_PHONE_018,2026-06-18,81.57164310001173
TECH_PHONE_018,2026-06-19,74.3130185179819
TECH_PHONE_018,2026-06-20,101.6713920726946
TECH_PHONE_018,2026-06-21,108.50178445903258
TECH_PHONE_018,2026-06-22,69.50398249660691
TECH_PHONE_018,2026-06-23,72.87872919537328
TECH_PHONE_018,2026-06-24,67.38804317414372
TECH_PHONE_018,2026-06-25,81.72204803674114
TECH_PHONE_018,2026-06-26,77.35984873570068
TECH_PHONE_018,2026-06-27,107.63751125215339
TECH_PHONE_018,2026-06-28,117.80177713161027
TECH_PHONE_018,2026-06-29,72.7882475400888
TECH_PHONE_018,2026-06-30,78.97598729268087
TECH_PHONE_018,2026-07-01,72.8759734663823
TECH_PHONE_018,2026-07-02,75.12393680938241
TECH_PHONE_018,2026-07-03,72.46951119243761
TECH_PHONE_018,2026-07-04,109.06227798785623
TECH_PHONE_018,2026-07-05,109.6561379762892
TECH_PHONE_018,2026-07-06,69.44858218831848
TECH_PHONE_018,2026-07-07,71.18369486515378
TECH_PHONE_018,2026-07-08,72.42114540273158
TECH_PHONE_018,2026-07-09,75.20529499913354
TECH_PHONE_018,2026-07-10,73.81958378492955
TECH_PHONE_018,2026-07-11,116.47089194957168
TECH_PHONE_018,2026-07-12,114.69799808197989
TECH_PHONE_018,2026-07-13,73.2916674194503
TECH_PHONE_018,2026-07-14,82.75252499496644
TECH_PHONE_018,2026-07-15,85.8008216790952
TECH_PHONE_018,2026-07-16,62.84142485995952
TECH_PHONE_018,2026-07-17,80.55051150189104
TECH_PHONE_018,2026-07-18,106.51139323574417
TECH_PHONE_018,2026-07-19,115.47441332580746
TECH_PHONE_018,2026-07-20,82.80560384981395
TECH_PHONE_018,2026-07-21,70.47574369238775
TECH_PHONE_018,2026-07-22,64.87127011580701
TECH_PHONE_018,2026-07-23,80.87906112047361
TECH_PHONE_018,2026-07-24,76.8988746466533
TECH_PHONE_018,2026-07-25,101.8062113519745
TECH_PHONE_018,2026-07-26,126.72443058223067
TECH_PHONE_018,2026-07-27,80.23407453231366
TECH_PHONE_018,2026-07-28,80.6535902367384
TECH_PHONE_018,2026-07-29,84.90832474011609
TECH_PHONE_018,2026-07-30,73.57313867820564
TECH_PHONE_018,2026-07-31,77.9196792613232
TECH_PHONE_018,2026-08-01,104.9160007086994
TECH_PHONE_018,2026-08-02,109.26310416101742
TECH_PHONE_018,2026-08-03,79.8753940027685
TECH_PHONE_018,2026-08-04,67.92482046391854
TECH_PHONE_018,2026-08-05,74.14589168049933
TECH_PHONE_018,2026-08-06,72.57518963636744
TECH_PHONE_018,2026-08-07,79.03834424916003
TECH_PHONE_018,2026-08-08,117.14073744382556
TECH_PHONE_018,2026-08-09,118.27870154582111
TECH_PHONE_018,2026-08-10,84.5430182041911
TECH_PHONE_018,2026-08-11,86.89548939477699
TECH_PHONE_018,2026-08-12,82.5327481767321
TECH_PHONE_018,2026-08-13,90.23528180347705
TECH_PHONE_018,2026-08-14,79.95506487546163
TECH_PHONE_018,2026-08-15,113.77740518992178
TECH_PHONE_018,2026-08-16,118.53311344382423
TECH_PHONE_018,2026-08-17,78.42317406754373
TECH_PHONE_018,2026-08-18,90.78013189977278
TECH_PHONE_018,2026-08-19,86.67280249149775
TECH_PHONE_018,2026-08-20,84.57664105077714
TECH_PHONE_018,2026-08-21,81.07537412984396
TECH_PHONE_018,2026-08-22,113.44588468865231
TECH_PHONE_018,2026-08-23,120.13781752694979
TECH_PHONE_018,2026-08-24,74.10012503410294
TECH_PHONE_018,2026-08-25,89.95274484730203
TECH_PHONE_018,2026-08-26,80.00194343822629
TECH_PHONE_018,2026-08-27,83.0001297261203
TECH_PHONE_018,2026-08-28,75.98335365045959
TECH_PHONE_019,2026-04-01,46.70373365695833
TECH_PHONE_019,2026-04-02,69.32571023359054
TECH_PHONE_019,2026-04-03,57.6040596355379
TECH_PHONE_019,2026-04-04,96.54524053597777
TECH_PHONE_019,2026-04-05,94.73147775272267
TECH_PHONE_019,2026-04-06,57.24700563295154
TECH_PHONE_019,2026-04-07,56.53798572339132
TECH_PHONE_019,2026-04-08,61.99410153988075
TECH_PHONE_019,2026-04-09,51.2486751896371
TECH_PHONE_019,2026-04-10,64.77841708837842
TECH_PHONE_019,2026-04-11,93.444453011177
TECH_PHONE_019,2026-04-12,89.3825908996619
TECH_PHONE_019,2026-04-13,58.144924137824695
TECH_PHONE_019,2026-04-14,68.36718037948918
TECH_PHONE_019,2026-04-15,57.941522986604284
TECH_PHONE_019,2026-04-16,63.36487634743676
TECH_PHONE_019,2026-04-17,57.087357973278706
TECH_PHONE_019,2026-04-18,101.42173891454937
TECH_PHONE_019,2026-04-19,101.14449565886221
TECH_PHONE_019,2026-04-20,72.75679211644884
TECH_PHONE_019,2026-04-21,60.964172721554625
TECH_PHONE_019,2026-04-22,66.09506334807165
TECH_PHONE_019,2026-04-23,62.87859848327977
TECH_PHONE_019,2026-04-24,70.09564351299178
TECH_PHONE_019,2026-04-25,93.75888891310849
TECH_PHONE_019,2026-04-26,102.54553134597596
TECH_PHONE_019,2026-04-27,61.75128595291157
TECH_PHONE_019,2026-04-28,62.67128975505986
TECH_PHONE_019,2026-04-29,63.7413396582454
TECH_PHONE_019,2026-04-30,64.8382183389174
TECH_PHONE_019,2026-05-01,62.81424864558045
TECH_PHONE_019,2026-05-02,100.31680778070611
TECH_PHONE_019,2026-05-03,108.5108965396169
TECH_PHONE_019,2026-05-04,69.7641531451298
TECH_PHONE_019,2026-05-05,69.22801209573169
TECH_PHONE_019,2026-05-06,61.562316796459164
TECH_PHONE_019,2026-05-07,59.15347911345289
TECH_PHONE_019,2026-05-08,70.18627329360274
TECH_PHONE_019,2026-05-09,105.2686760759258
TECH_PHONE_019,2026-05-10,108.9387569869308
TECH_PHONE_019,2026-05-11,61.43651430678155
TECH_PHONE_019,2026-05-12,63.79566293337396
TECH_PHONE_019,2026-05-13,55.627043441099936
TECH_PHONE_019,2026-05-14,63.134420474240855
TECH_PHONE_019,2026-05-15,71.47976601241874
TECH_PHONE_019,2026-05-16,98.39767726255364
TECH_PHONE_019,2026-05-17,105.07883079168487
TECH_PHONE_019,2026-05-18,64.92603167461291
TECH_PHONE_019,2026-05-19,68.11193646650722
TECH_PHONE_019,2026-05-20,59.578620800087556
TECH_PHONE_019,2026-05-21,67.00273575284001
TECH_PHONE_019,2026-05-22,49.00229777168573
TECH_PHONE_019,2026-05-23,101.09731266684429
TECH_PHONE_019,2026-05-24,92.73020786208068
TECH_PHONE_019,2026-05-25,74.21536764762621
TECH_PHONE_019,2026-05-26,71.83670338131061
TECH_PHONE_019,2026-05-27,70.15335879359988
TECH_PHONE_019,2026-05-28,76.52393674024034
TECH_PHONE_019,2026-05-29,62.10139252713346
TECH_PHONE_019,2026-05-30,113.55944286770179
TECH_PHONE_019,2026-05-31,108.89993022913627
TECH_PHONE_019,2026-06-01,66.75432380540822
TECH_PHONE_019,2026-06-02,75.00015886837937
TECH_PHONE_019,2026-06-03,61.92286827677136
TECH_PHONE_019,2026-06-04,63.73536644698672
TECH_PHONE_019,2026-06-05,65.15932063288577
TECH_PHONE_019,2026-06-06,101.17903152242232
TECH_PHONE_019,2026-06-07,98.21630990771452
TECH_PHONE_019,2026-06-08,76.41619009586242
TECH_PHONE_019,2026-06-09,67.82275903781799
TECH_PHONE_019,2026-06-10,71.5797793133056
TECH_PHONE_019,2026-06-11,66.28492693815929
TECH_PHONE_019,2026-06-12,59.05844052676375
TECH_PHONE_019,2026-06-13,106.9433384145094
TECH_PHONE_019,2026-06-14,94.21769564502331
TECH_PHONE_019,2026-06-15,69.84505912809574
TECH_PHONE_019,2026-06-16,62.32694127088642
TECH_PHONE_019,2026-06-17,82.27492839546177
TECH_PHONE_019,2026-06-18,76.07704006083087
TECH_PHONE_019,2026-06-19,71.47394736850173
TECH_PHONE_019,2026-06-20,113.85586939816255
TECH_PHONE_019,2026-06-21,101.55673573295218
TECH_PHONE_019,2026-06-22,74.50652833415354
TECH_PHONE_019,2026-06-23,72.6288815589404
TECH_PHONE_019,2026-06-24,73.15771847986865
TECH_PHONE_019,2026-06-25,79.25688565062993
TECH_PHONE_019,2026-06-26,76.22170340640083
TECH_PHONE_019,2026-06-27,109.15346961066764
TECH_PHONE_019,2026-06-28,97.83616412625307
TECH_PHONE_019,2026-06-29,66.68572685785117
TECH_PHONE_019,2026-06-30,71.77601729178522
TECH_PHONE_019,2026-07-01,73.20089700823225
TECH_PHONE_019,2026-07-02,66.13179802442384
TECH_PHONE_019,2026-07-03,87.17889238591269
TECH_PHONE_019,2026-07-04,117.44672492599608
TECH_PHONE_019,2026-07-05,112.20249809031566
TECH_PHONE_019,2026-07-06,73.8250174815741
TECH_PHONE_019,2026-07-07,72.29796707758321
TECH_PHONE_019,2026-07-08,68.08368108586882
TECH_PHONE_019,2026-07-09,74.30713505926128
TECH_PHONE_019,2026-07-10,75.52073998684223
TECH_PHONE_019,2026-07-11,102.22361260465843
TECH_PHONE_019,2026-07-12,111.6716408617449
TECH_PHONE_019,2026-07-13,73.53397161193398
TECH_PHONE_019,2026-07-14,63.343935408523386
TECH_PHONE_019,2026-07-15,69.67372843640094
TECH_PHONE_019,2026-07-16,72.45972735281231
TECH_PHONE_019,2026-07-17,86.18735717830712
TECH_PHONE_019,2026-07-18,113.88366343474918
TECH_PHONE_019,2026-07-19,102.87065874231064
TECH_PHONE_019,2026-07-20,78.36761410756405
TECH_PHONE_019,2026-07-21,66.52090646526365
TECH_PHONE_019,2026-07-22,82.18787721793373
TECH_PHONE_019,2026-07-23,73.17036455427451
TECH_PHONE_019,2026-07-24,75.54754648643889
TECH_PHONE_019,2026-07-25,119.47220022049893
TECH_PHONE_019,2026-07-26,104.20573494535293
TECH_PHONE_019,2026-07-27,68.30700270783335
TECH_PHONE_019,2026-07-28,73.25676397455858
TECH_PHONE_019,2026-07-29,82.97643522101396
TECH_PHONE_019,2026-07-30,68.03585815468662
TECH_PHONE_019,2026-07-31,60.44028197114765
TECH_PHONE_019,2026-08-01,110.0381627353869
TECH_PHONE_019,2026-08-02,116.10527071947443
TECH_PHONE_019,2026-08-03,84.6815443234591
TECH_PHONE_019,2026-08-04,75.01734796369615
TECH_PHONE_019,2026-08-05,75.4725830180156
TECH_PHONE_019,2026-08-06,84.85801433210891
TECH_PHONE_019,2026-08-07,67.16852397179701
TECH_PHONE_019,2026-08-08,111.45772742642025
TECH_PHONE_019,2026-08-09,115.02350095055785
TECH_PHONE_019,2026-08-10,81.3003904555817
TECH_PHONE_019,2026-08-11,75.7921405101738
TECH_PHONE_019,2026-08-12,79.15320196906447
TECH_PHONE_019,2026-08-13,64.41886861486336
TECH_PHONE_019,2026-08-14,75.3663343672303
TECH_PHONE_019,2026-08-15,117.47570140407137
TECH_PHONE_019,2026-08-16,109.1544651978974
TECH_PHONE_019,2026-08-17,80.04800690737862
TECH_PHONE_019,2026-08-18,82.48654775473591
TECH_PHONE_019,2026-08-19,77.97895971493918
TECH_PHONE_019,2026-08-20,81.15573624887978
TECH_PHONE_019,2026-08-21,74.61987786482078
TECH_PHONE_019,2026-08-22,114.63099344979334
TECH_PHONE_019,2026-08-23,119.60027540057641
TECH_PHONE_019,2026-08-24,81.67614046971376
TECH_PHONE_019,2026-08-25,77.43946550957278
TECH_PHONE_019,2026-08-26,82.37287678531568
TECH_PHONE_019,2026-08-27,85.41619776475605
TECH_PHONE_019,2026-08-28,69.25534645639287
TECH_PHONE_020,2026-04-01,57.115358656687626
TECH_PHONE_020,2026-04-02,49.81790884571796
TECH_PHONE_020,2026-04-03,71.0358957975129
TECH_PHONE_020,2026-04-04,95.87389476411994
TECH_PHONE_020,2026-04-05,112.43306486206367
TECH_PHONE_020,2026-04-06,73.67690318853745
TECH_PHONE_020,2026-04-07,56.389098860149446
TECH_PHONE_020,2026-04-08,57.729566789641616
TECH_PHONE_020,2026-04-09,65.04376108831744
TECH_PHONE_020,2026-04-10,51.64729316641575
TECH_PHONE_020,2026-04-11,96.42661938399078
TECH_PHONE_020,2026-04-12,95.96723009263897
TECH_PHONE_020,2026-04-13,74.09211224587492
TECH_PHONE_020,2026-04-14,63.93220910157718
TECH_PHONE_020,2026-04-15,61.362921437023104
TECH_PHONE_020,2026-04-16,59.397943130619666
TECH_PHONE_020,2026-04-17,68.85370254368124
TECH_PHONE_020,2026-04-18,97.12006397402452
TECH_PHONE_020,2026-04-19,99.99327385638877
TECH_PHONE_020,2026-04-20,59.95134651292102
TECH_PHONE_020,2026-04-21,54.743023494706094
TECH_PHONE_020,2026-04-22,58.074185721013755
TECH_PHONE_020,2026-04-23,61.23797258507537
TECH_PHONE_020,2026-04-24,62.84414553539187
TECH_PHONE_020,2026-04-25,99.8615140518666
TECH_PHONE_020,2026-04-26,100.80758982683555
TECH_PHONE_020,2026-04-27,61.91900545607885
TECH_PHONE_020,2026-04-28,73.27967072382728
TECH_PHONE_020,2026-04-29,70.9827031311276
TECH_PHONE_020,2026-04-30,64.52583347013588
TECH_PHONE_020,2026-05-01,67.05097550642007
TECH_PHONE_020,2026-05-02,99.98026172713699
TECH_PHONE_020,2026-05-03,85.05473971848417
TECH_PHONE_020,2026-05-04,66.07500737884875
TECH_PHONE_020,2026-05-05,67.96424760363242
TECH_PHONE_020,2026-05-06,56.41276327595461
TECH_PHONE_020,2026-05-07,69.44640752208709
TECH_PHONE_020,2026-05-08,64.83848226453667
TECH_PHONE_020,2026-05-09,105.36139569587145
TECH_PHONE_020,2026-05-10,101.92256825104248
TECH_PHONE_020,2026-05-11,74.63082229278378
TECH_PHONE_020,2026-05-12,68.52999580556293
TECH_PHONE_020,2026-05-13,73.41474039789924
TECH_PHONE_020,2026-05-14,74.06682946726717
TECH_PHONE_020,2026-05-15,60.77071007086069
TECH_PHONE_020,2026-05-16,99.84199709287101
TECH_PHONE_020,2026-05-17,107.25482516463018
TECH_PHONE_020,2026-05-18,65.82022256907514
TECH_PHONE_020,2026-05-19,66.7444987075366
TECH_PHONE_020,2026-05-20,76.19804541524071
TECH_PHONE_020,2026-05-21,66.60676509302837
TECH_PHONE_020,2026-05-22,62.73953097568365
TECH_PHONE_020,2026-05-23,100.31381999002288
TECH_PHONE_020,2026-05-24,118.8623746572755
TECH_PHONE_020,2026-05-25,68.01286116965005
TECH_PHONE_020,2026-05-26,60.92808869317075
TECH_PHONE_020,2026-05-27,58.60630256856878
TECH_PHONE_020,2026-05-28,65.7397164796879
TECH_PHONE_020,2026-05-29,68.50121507149296
TECH_PHONE_020,2026-05-30,112.23995960920881
TECH_PHONE_020,2026-05-31,111.79930551541679
TECH_PHONE_020,2026-06-01,70.11128683145571
TECH_PHONE_020,2026-06-02,67.52957162442651
TECH_PHONE_020,2026-06-03,72.52157130587231
TECH_PHONE_020,2026-06-04,59.932648935568025
TECH_PHONE_020,2026-06-05,82.83459345296822
TECH_PHONE_020,2026-06-06,111.49004413472534
TECH_PHONE_020,2026-06-07,112.93864034034247
TECH_PHONE_020,2026-06-08,64.64766437055268
TECH_PHONE_020,2026-06-09,79.17415671190923
TECH_PHONE_020,2026-06-10,68.6938953177396
TECH_PHONE_020,2026-06-11,65.83939545080676
TECH_PHONE_020,2026-06-12,71.56104853930206
TECH_PHONE_020,2026-06-13,108.16841397547093
TECH_PHONE_020,2026-06-14,102.12092385767683
TECH_PHONE_020,2026-06-15,66.79088214339767
TECH_PHONE_020,2026-06-16,66.4632861704989
TECH_PHONE_020,2026-06-17,66.67133808607336
TECH_PHONE_020,2026-06-18,70.33260276669245
TECH_PHONE_020,2026-06-19,64.377190669348
TECH_PHONE_020,2026-06-20,105.382615565775
TECH_PHONE_020,2026-06-21,116.12532074514405
TECH_PHONE_020,2026-06-22,78.32218765783551
TECH_PHONE_020,2026-06-23,67.0457366305542
TECH_PHONE_020,2026-06-24,79.44504999549483
TECH_PHONE_020,2026-06-25,61.7547204582701
TECH_PHONE_020,2026-06-26,88.71778036427415
TECH_PHONE_020,2026-06-27,118.58191047202712
TECH_PHONE_020,2026-06-28,107.38563533594535
TECH_PHONE_020,2026-06-29,76.68280202658417
TECH_PHONE_020,2026-06-30,65.95439209853431
TECH_PHONE_020,2026-07-01,75.01870101854747
TECH_PHONE_020,2026-07-02,73.67965550173496
TECH_PHONE_020,2026-07-03,69.85794332470638
TECH_PHONE_020,2026-07-04,108.84179933341227
TECH_PHONE_020,2026-07-05,108.39137639756251
TECH_PHONE_020,2026-07-06,68.49640601216242
TECH_PHONE_020,2026-07-07,70.31530180003035
TECH_PHONE_020,2026-07-08,66.90474900140175
TECH_PHONE_020,2026-07-09,81.07971766991976
TECH_PHONE_020,2026-07-10,70.31411224661676
TECH_PHONE_020,2026-07-11,105.29567268342205
TECH_PHONE_020,2026-07-12,118.0331785468776
TECH_PHONE_020,2026-07-13,78.70468416146991
TECH_PHONE_020,2026-07-14,81.50745644128864
TECH_PHONE_020,2026-07-15,82.33810766759959
TECH_PHONE_020,2026-07-16,88.71847487132439
TECH_PHONE_020,2026-07-17,76.09815742317157
TECH_PHONE_020,2026-07-18,104.90859315812742
TECH_PHONE_020,2026-07-19,115.60333058464897
TECH_PHONE_020,2026-07-20,73.41907180043312
TECH_PHONE_020,2026-07-21,71.80921777177521
TECH_PHONE_020,2026-07-22,78.40954355052517
TECH_PHONE_020,2026-07-23,83.2310916713585
TECH_PHONE_020,2026-07-24,73.00043146626267
TECH_PHONE_020,2026-07-25,122.62376733272349
TECH_PHONE_020,2026-07-26,108.96335485008282
TECH_PHONE_020,2026-07-27,77.06219034991467
TECH_PHONE_020,2026-07-28,81.0564780788633
TECH_PHONE_020,2026-07-29,76.48381482702725
TECH_PHONE_020,2026-07-30,68.16638573247492
TECH_PHONE_020,2026-07-31,84.80718569991171
TECH_PHONE_020,2026-08-01,112.09686752382824
TECH_PHONE_020,2026-08-02,120.59388054130153
TECH_PHONE_020,2026-08-03,71.88872077633125
TECH_PHONE_020,2026-08-04,73.0800368492119
TECH_PHONE_020,2026-08-05,85.16084379828769
TECH_PHONE_020,2026-08-06,82.12709936572634
TECH_PHONE_020,2026-08-07,77.52462716482347
TECH_PHONE_020,2026-08-08,119.11569274884211
TECH_PHONE_020,2026-08-09,111.28036127317942
TECH_PHONE_020,2026-08-10,81.32258061668236
TECH_PHONE_020,2026-08-11,81.5841789326794
TECH_PHONE_020,2026-08-12,78.66993220833473
TECH_PHONE_020,2026-08-13,76.00475719589636
TECH_PHONE_020,2026-08-14,81.67851632711024
TECH_PHONE_020,2026-08-15,117.66461502586452
TECH_PHONE_020,2026-08-16,115.30848531859039
TECH_PHONE_020,2026-08-17,75.39373173189743
TECH_PHONE_020,2026-08-18,81.92611000094635
TECH_PHONE_020,2026-08-19,79.17373357449671
TECH_PHONE_020,2026-08-20,75.8385885153347
TECH_PHONE_020,2026-08-21,82.56553184562448
TECH_PHONE_020,2026-08-22,128.86066337953787
TECH_PHONE_020,2026-08-23,116.96235123796683
TECH_PHONE_020,2026-08-24,91.88643690157633
TECH_PHONE_020,2026-08-25,95.79742345985359
TECH_PHONE_020,2026-08-26,77.23414469549618
TECH_PHONE_020,2026-08-27,83.25516967001369
TECH_PHONE_020,2026-08-28,96.18276469867948
TECH_PHONE_021,2026-04-01,49.176202819525614
TECH_PHONE_021,2026-04-02,47.59272758071804
TECH_PHONE_021,2026-04-03,51.913121418123986
TECH_PHONE_021,2026-04-04,73.77942278954198
TECH_PHONE_021,2026-04-05,75.5855147811818
TECH_PHONE_021,2026-04-06,42.49089060573747
TECH_PHONE_021,2026-04-07,48.538498390101616
TECH_PHONE_021,2026-04-08,44.267432559048466
TECH_PHONE_021,2026-04-09,44.1610235940868
TECH_PHONE_021,2026-04-10,50.37625581591212
TECH_PHONE_021,2026-04-11,77.55730519226714
TECH_PHONE_021,2026-04-12,81.2479897008576
TECH_PHONE_021,2026-04-13,54.1046843346879
TECH_PHONE_021,2026-04-14,51.07791822611449
TECH_PHONE_021,2026-04-15,39.3579947539348
TECH_PHONE_021,2026-04-16,55.474564423273634
TECH_PHONE_021,2026-04-17,51.53085451799863
TECH_PHONE_021,2026-04-18,71.10362959461163
TECH_PHONE_021,2026-04-19,77.98009120003252
TECH_PHONE_021,2026-04-20,43.18230416566772
TECH_PHONE_021,2026-04-21,50.78383554049384
TECH_PHONE_021,2026-04-22,42.22678481516655
TECH_PHONE_021,2026-04-23,44.663017160460136
TECH_PHONE_021,2026-04-24,51.644681081402375
TECH_PHONE_021,2026-04-25,80.42799034346801
TECH_PHONE_021,2026-04-26,77.21446586745215
TECH_PHONE_021,2026-04-27,47.61224113490413
TECH_PHONE_021,2026-04-28,39.53310167242354
TECH_PHONE_021,2026-04-29,48.25940505156888
TECH_PHONE_021,2026-04-30,51.75068284571038
TECH_PHONE_021,2026-05-01,48.074557023289586
TECH_PHONE_021,2026-05-02,76.54839926507512
TECH_PHONE_021,2026-05-03,75.96472139436935
TECH_PHONE_021,2026-05-04,48.50232201980355
TECH_PHONE_021,2026-05-05,50.44144825481916
TECH_PHONE_021,2026-05-06,49.02287438031393
TECH_PHONE_021,2026-05-07,56.89480299134374
TECH_PHONE_021,2026-05-08,40.6211151822732
TECH_PHONE_021,2026-05-09,75.24370836313015
TECH_PHONE_021,2026-05-10,73.93384699417248
TECH_PHONE_021,2026-05-11,51.98599770015485
TECH_PHONE_021,2026-05-12,51.497151536474064
TECH_PHONE_021,2026-05-13,58.59986895697243
TECH_PHONE_021,2026-05-14,60.23013921734008
TECH_PHONE_021,2026-05-15,48.121124449932836
TECH_PHONE_021,2026-05-16,78.75225029265134
TECH_PHONE_021,2026-05-17,79.78336987615961
TECH_PHONE_021,2026-05-18,48.459838132481984
TECH_PHONE_021,2026-05-19,55.027719162169305
TECH_PHONE_021,2026-05-20,51.27221684055775
TECH_PHONE_021,2026-05-21,47.6956431722956
TECH_PHONE_021,2026-05-22,51.39194263080056
TECH_PHONE_021,2026-05-23,75.31046442266708
TECH_PHONE_021,2026-05-24,84.61491073238665
TECH_PHONE_021,2026-05-25,61.65701664801152
TECH_PHONE_021,2026-05-26,54.351687182525424
TECH_PHONE_021,2026-05-27,53.90074545623974
TECH_PHONE_021,2026-05-28,54.235956450933834
TECH_PHONE_021,2026-05-29,59.02005313022242
TECH_PHONE_021,2026-05-30,86.07314551618732
TECH_PHONE_021,2026-05-31,80.47955894153296
TECH_PHONE_021,2026-06-01,55.28665467320591
TECH_PHONE_021,2026-06-02,57.23690883229685
TECH_PHONE_021,2026-06-03,49.3304064455217
TECH_PHONE_021,2026-06-04,60.05673706839205
TECH_PHONE_021,2026-06-05,62.55674351052252
TECH_PHONE_021,2026-06-06,87.14264447177756
TECH_PHONE_021,2026-06-07,76.4448273977345
TECH_PHONE_021,2026-06-08,46.33499795061507
TECH_PHONE_021,2026-06-09,58.53923403083069
TECH_PHONE_021,2026-06-10,52.07914747967061
TECH_PHONE_021,2026-06-11,56.942100093553435
TECH_PHONE_021,2026-06-12,62.70816924003397
TECH_PHONE_021,2026-06-13,79.99370170620716
TECH_PHONE_021,2026-06-14,81.40100404615967
TECH_PHONE_021,2026-06-15,57.495253376647426
TECH_PHONE_021,2026-06-16,50.56120662007996
TECH_PHONE_021,2026-06-17,53.13964711797355
TECH_PHONE_021,2026-06-18,56.81185876688071
TECH_PHONE_021,2026-06-19,55.497953090320124
TECH_PHONE_021,2026-06-20,86.73783489209652
TECH_PHONE_021,2026-06-21,96.5969082649767
TECH_PHONE_021,2026-06-22,57.74612252738156
TECH_PHONE_021,2026-06-23,53.66229624282896
TECH_PHONE_021,2026-06-24,63.98208159640904
TECH_PHONE_021,2026-06-25,50.60031686105901
TECH_PHONE_021,2026-06-26,51.649913230369016
TECH_PHONE_021,2026-06-27,82.37203452608524
TECH_PHONE_021,2026-06-28,83.9270097576617
TECH_PHONE_021,2026-06-29,55.56417268567256
TECH_PHONE_021,2026-06-30,58.3581945400964
TECH_PHONE_021,2026-07-01,59.88633856235855
TECH_PHONE_021,2026-07-02,63.61031790873812
TECH_PHONE_021,2026-07-03,59.36034723229702
TECH_PHONE_021,2026-07-04,83.57124188537203
TECH_PHONE_021,2026-07-05,90.81590423897735
TECH_PHONE_021,2026-07-06,55.720280359214414
TECH_PHONE_021,2026-07-07,52.20328764440704
TECH_PHONE_021,2026-07-08,65.12680208057044
TECH_PHONE_021,2026-07-09,64.98833960164937
TECH_PHONE_021,2026-07-10,56.434657235081524
TECH_PHONE_021,2026-07-11,85.35405515780585
TECH_PHONE_021,2026-07-12,83.17382604601531
TECH_PHONE_021,2026-07-13,61.919808979043104
TECH_PHONE_021,2026-07-14,68.39422181115637
TECH_PHONE_021,2026-07-15,63.912968093678046
TECH_PHONE_021,2026-07-16,65.56076089162364
TECH_PHONE_021,2026-07-17,64.73877749260956
TECH_PHONE_021,2026-07-18,88.19946383148408
TECH_PHONE_021,2026-07-19,93.22503197060091
TECH_PHONE_021,2026-07-20,64.8526375331076
TECH_PHONE_021,2026-07-21,68.12750571818911
TECH_PHONE_021,2026-07-22,59.73202976477209
TECH_PHONE_021,2026-07-23,54.128497622045764
TECH_PHONE_021,2026-07-24,66.80362956692885
TECH_PHONE_021,2026-07-25,90.82396284272725
TECH_PHONE_021,2026-07-26,88.06779254855444
TECH_PHONE_021,2026-07-27,61.469312344616284
TECH_PHONE_021,2026-07-28,74.19608846655953
TECH_PHONE_021,2026-07-29,59.96012406359577
TECH_PHONE_021,2026-07-30,59.1601351192815
TECH_PHONE_021,2026-07-31,63.533779050720085
TECH_PHONE_021,2026-08-01,95.61220895087833
TECH_PHONE_021,2026-08-02,100.70280893938153
TECH_PHONE_021,2026-08-03,66.55814233525307
TECH_PHONE_021,2026-08-04,58.03316065209256
TECH_PHONE_021,2026-08-05,72.7688892182301
TECH_PHONE_021,2026-08-06,63.96239085415306
TECH_PHONE_021,2026-08-07,60.43030755647264
TECH_PHONE_021,2026-08-08,86.4927339430529
TECH_PHONE_021,2026-08-09,95.26347923700955
TECH_PHONE_021,2026-08-10,65.72473223783886
TECH_PHONE_021,2026-08-11,66.35283919625633
TECH_PHONE_021,2026-08-12,70.7392640358237
TECH_PHONE_021,2026-08-13,61.4903043382066
TECH_PHONE_021,2026-08-14,71.39769582723142
TECH_PHONE_021,2026-08-15,90.0637920474284
TECH_PHONE_021,2026-08-16,102.2880331826056
TECH_PHONE_021,2026-08-17,68.39432557196913
TECH_PHONE_021,2026-08-18,61.708926616006295
TECH_PHONE_021,2026-08-19,56.885618625057845
TECH_PHONE_021,2026-08-20,69.79016125025555
TECH_PHONE_021,2026-08-21,64.61618875804417
TECH_PHONE_021,2026-08-22,92.74995437465174
TECH_PHONE_021,2026-08-23,97.04788204128347
TECH_PHONE_021,2026-08-24,71.29686221812796
TECH_PHONE_021,2026-08-25,72.40669653301181
TECH_PHONE_021,2026-08-26,61.763214112276785
TECH_PHONE_021,2026-08-27,73.61652637331065
TECH_PHONE_021,2026-08-28,64.74429598724332
TECH_PHONE_022,2026-04-01,67.66157809950595
TECH_PHONE_022,2026-04-02,64.26670209622495
TECH_PHONE_022,2026-04-03,86.05599542425188
TECH_PHONE_022,2026-04-04,122.32188421341877
TECH_PHONE_022,2026-04-05,126.38135458056433
TECH_PHONE_022,2026-04-06,62.551805848667804
TECH_PHONE_022,2026-04-07,83.90012331535877
TECH_PHONE_022,2026-04-08,72.13885765983174
TECH_PHONE_022,2026-04-09,70.15336374893216
TECH_PHONE_022,2026-04-10,75.8747012427601
TECH_PHONE_022,2026-04-11,114.16514842093106
TECH_PHONE_022,2026-04-12,121.63701226330795
TECH_PHONE_022,2026-04-13,75.77746239739135
TECH_PHONE_022,2026-04-14,84.90296928925412
TECH_PHONE_022,2026-04-15,88.45008376604602
TECH_PHONE_022,2026-04-16,88.36136844631187
TECH_PHONE_022,2026-04-17,60.41613765452914
TECH_PHONE_022,2026-04-18,115.53624877617536
TECH_PHONE_022,2026-04-19,105.63834927133229
TECH_PHONE_022,2026-04-20,68.89843294173727
TECH_PHONE_022,2026-04-21,73.12861341822126
TECH_PHONE_022,2026-04-22,81.22921211420208
TECH_PHONE_022,2026-04-23,74.40050074130595
TECH_PHONE_022,2026-04-24,74.75947446788516
TECH_PHONE_022,2026-04-25,124.96323512399822
TECH_PHONE_022,2026-04-26,110.93017766094141
TECH_PHONE_022,2026-04-27,72.61055135277103
TECH_PHONE_022,2026-04-28,75.2733253063697
TECH_PHONE_022,2026-04-29,77.68198508526493
TECH_PHONE_022,2026-04-30,79.92715492669159
TECH_PHONE_022,2026-05-01,90.75487342299782
TECH_PHONE_022,2026-05-02,131.46252120810823
TECH_PHONE_022,2026-05-03,119.03017481631049
TECH_PHONE_022,2026-05-04,77.990032054114
TECH_PHONE_022,2026-05-05,77.62920647180907
TECH_PHONE_022,2026-05-06,76.39385612609442
TECH_PHONE_022,2026-05-07,82.44386869365682
TECH_PHONE_022,2026-05-08,66.60165335271819
TECH_PHONE_022,2026-05-09,132.30535791004863
TECH_PHONE_022,2026-05-10,138.55163093036515
TECH_PHONE_022,2026-05-11,78.97619594496138
TECH_PHONE_022,2026-05-12,78.97976681161629
TECH_PHONE_022,2026-05-13,82.47783185406503
TECH_PHONE_022,2026-05-14,89.09539482720157
TECH_PHONE_022,2026-05-15,79.16779712387067
TECH_PHONE_022,2026-05-16,133.75458874576302
TECH_PHONE_022,2026-05-17,130.56371004339934
TECH_PHONE_022,2026-05-18,99.76208583003518
TECH_PHONE_022,2026-05-19,79.73503488628279
TECH_PHONE_022,2026-05-20,67.52999664209375
TECH_PHONE_022,2026-05-21,71.75295659485865
TECH_PHONE_022,2026-05-22,82.73946178050119
TECH_PHONE_022,2026-05-23,135.50911570515564
TECH_PHONE_022,2026-05-24,123.05618144684458
TECH_PHONE_022,2026-05-25,81.36800662593502
TECH_PHONE_022,2026-05-26,88.38632052998682
TECH_PHONE_022,2026-05-27,76.16075549341157
TECH_PHONE_022,2026-05-28,78.96547950603886
TECH_PHONE_022,2026-05-29,74.94204984292304
TECH_PHONE_022,2026-05-30,137.6867106966192
TECH_PHONE_022,2026-05-31,140.56254608847274
TECH_PHONE_022,2026-06-01,72.30438757880205
TECH_PHONE_022,2026-06-02,83.23360875758833
TECH_PHONE_022,2026-06-03,95.0044423129871
TECH_PHONE_022,2026-06-04,87.59021387716678
TECH_PHONE_022,2026-06-05,81.08070575250679
TECH_PHONE_022,2026-06-06,118.30378410291826
TECH_PHONE_022,2026-06-07,138.6970841386715
TECH_PHONE_022,2026-06-08,87.90386411208374
TECH_PHONE_022,2026-06-09,74.30260209193683
TECH_PHONE_022,2026-06-10,94.42418290406243
TECH_PHONE_022,2026-06-11,73.64697328681598
TECH_PHONE_022,2026-06-12,84.14635384374441
TECH_PHONE_022,2026-06-13,128.965389724709
TECH_PHONE_022,2026-06-14,143.23785996635877
TECH_PHONE_022,2026-06-15,84.29215356089885
TECH_PHONE_022,2026-06-16,84.41517985274457
TECH_PHONE_022,2026-06-17,76.3269124132673
TECH_PHONE_022,2026-06-18,81.89701740706046
TECH_PHONE_022,2026-06-19,80.72028404339518
TECH_PHONE_022,2026-06-20,126.26083225496481
TECH_PHONE_022,2026-06-21,132.19713393668906
TECH_PHONE_022,2026-06-22,69.04367710618055
TECH_PHONE_022,2026-06-23,76.12327315937327
TECH_PHONE_022,2026-06-24,86.76735844794634
TECH_PHONE_022,2026-06-25,88.65941012327949
TECH_PHONE_022,2026-06-26,86.1492540101708
TECH_PHONE_022,2026-06-27,132.7440413266128
TECH_PHONE_022,2026-06-28,130.1316253975856
TECH_PHONE_022,2026-06-29,88.21121547577752
TECH_PHONE_022,2026-06-30,91.75606665196662
TECH_PHONE_022,2026-07-01,91.85350296515746
TECH_PHONE_022,2026-07-02,83.63281191406128
TECH_PHONE_022,2026-07-03,95.81321054687213
TECH_PHONE_022,2026-07-04,135.2783152087749
TECH_PHONE_022,2026-07-05,143.49160467254828
TECH_PHONE_022,2026-07-06,100.14654323450311
TECH_PHONE_022,2026-07-07,78.72954958970065
TECH_PHONE_022,2026-07-08,83.25729345848468
TECH_PHONE_022,2026-07-09,95.95161029977912
TECH_PHONE_022,2026-07-10,77.51330684903289
TECH_PHONE_022,2026-07-11,145.8013272202003
TECH_PHONE_022,2026-07-12,132.72088353890504
TECH_PHONE_022,2026-07-13,94.76274776331763
TECH_PHONE_022,2026-07-14,89.72707002854418
TECH_PHONE_022,2026-07-15,80.30707854162235
TECH_PHONE_022,2026-07-16,98.81658451598982
TECH_PHONE_022,2026-07-17,111.68042272902997
TECH_PHONE_022,2026-07-18,132.3374379273323
TECH_PHONE_022,2026-07-19,133.93231086866066
TECH_PHONE_022,2026-07-20,71.63175342549705
TECH_PHONE_022,2026-07-21,101.78627177592091
TECH_PHONE_022,2026-07-22,98.63823992131502
TECH_PHONE_022,2026-07-23,78.94962103458815
TECH_PHONE_022,2026-07-24,76.61335903464834
TECH_PHONE_022,2026-07-25,122.63076537626051
TECH_PHONE_022,2026-07-26,142.23876844029616
TECH_PHONE_022,2026-07-27,98.13743564710562
TECH_PHONE_022,2026-07-28,85.7749954172341
TECH_PHONE_022,2026-07-29,96.59445023537099
TECH_PHONE_022,2026-07-30,94.19157840743364
TECH_PHONE_022,2026-07-31,90.39547719859337
TECH_PHONE_022,2026-08-01,145.57647620013975
TECH_PHONE_022,2026-08-02,129.4129829907897
TECH_PHONE_022,2026-08-03,102.20654410195421
TECH_PHONE_022,2026-08-04,88.28608834489235
TECH_PHONE_022,2026-08-05,107.26152511475284
TECH_PHONE_022,2026-08-06,86.510204823889
TECH_PHONE_022,2026-08-07,91.56320941049906
TECH_PHONE_022,2026-08-08,139.78940353156764
TECH_PHONE_022,2026-08-09,139.89238910866862
TECH_PHONE_022,2026-08-10,98.33121375463573
TECH_PHONE_022,2026-08-11,85.15738186314992
TECH_PHONE_022,2026-08-12,94.67015693815024
TECH_PHONE_022,2026-08-13,96.1359877980204
TECH_PHONE_022,2026-08-14,91.29196331978905
TECH_PHONE_022,2026-08-15,143.43043963094564
TECH_PHONE_022,2026-08-16,130.45222564884165
TECH_PHONE_022,2026-08-17,93.25159583211988
TECH_PHONE_022,2026-08-18,90.2011190669725
TECH_PHONE_022,2026-08-19,93.57426802838236
TECH_PHONE_022,2026-08-20,107.00276594940902
TECH_PHONE_022,2026-08-21,107.2984179461805
TECH_PHONE_022,2026-08-22,150.97812345435915
TECH_PHONE_022,2026-08-23,138.1330703993936
TECH_PHONE_022,2026-08-24,103.55713707600155
TECH_PHONE_022,2026-08-25,97.74271595194354
TECH_PHONE_022,2026-08-26,97.39192277627257
TECH_PHONE_022,2026-08-27,96.61978989285623
TECH_PHONE_022,2026-08-28,110.53813393034343
TECH_PHONE_023,2026-04-01,30.968923510853003
TECH_PHONE_023,2026-04-02,29.966988084433847
TECH_PHONE_023,2026-04-03,31.80072140830971
TECH_PHONE_023,2026-04-04,46.8491990806825
TECH_PHONE_023,2026-04-05,52.262463896439144
TECH_PHONE_023,2026-04-06,28.119678656364464
TECH_PHONE_023,2026-04-07,36.03612085205368
TECH_PHONE_023,2026-04-08,25.807090470515217
TECH_PHONE_023,2026-04-09,32.504310193670676
TECH_PHONE_023,2026-04-10,32.77629204757987
TECH_PHONE_023,2026-04-11,47.113328796177356
TECH_PHONE_023,2026-04-12,50.923181813583035
TECH_PHONE_023,2026-04-13,35.63855600928048
TECH_PHONE_023,2026-04-14,25.299543481937807
TECH_PHONE_023,2026-04-15,33.60823442247244
TECH_PHONE_023,2026-04-16,24.77018753900977
TECH_PHONE_023,2026-04-17,29.503005589430373
TECH_PHONE_023,2026-04-18,55.43749909470283
TECH_PHONE_023,2026-04-19,48.95465389982384
TECH_PHONE_023,2026-04-20,29.328360106773083
TECH_PHONE_023,2026-04-21,32.406186813045956
TECH_PHONE_023,2026-04-22,39.35371901449066
TECH_PHONE_023,2026-04-23,27.804953258381918
TECH_PHONE_023,2026-04-24,30.29607026508197
TECH_PHONE_023,2026-04-25,56.09229504953888
TECH_PHONE_023,2026-04-26,57.3231070306132
TECH_PHONE_023,2026-04-27,33.58970632712915
TECH_PHONE_023,2026-04-28,30.33284189242007
TECH_PHONE_023,2026-04-29,40.48753050542748
TECH_PHONE_023,2026-04-30,39.133327175247594
TECH_PHONE_023,2026-05-01,36.5368409632867
TECH_PHONE_023,2026-05-02,50.21279295318774
TECH_PHONE_023,2026-05-03,52.652911977485886
TECH_PHONE_023,2026-05-04,34.46891975686551
TECH_PHONE_023,2026-05-05,36.092553913846736
TECH_PHONE_023,2026-05-06,39.603004314394006
TECH_PHONE_023,2026-05-07,38.03825112341221
TECH_PHONE_023,2026-05-08,32.31787176904572
TECH_PHONE_023,2026-05-09,57.829489350058616
TECH_PHONE_023,2026-05-10,54.789396420039466
TECH_PHONE_023,2026-05-11,38.06119738757675
TECH_PHONE_023,2026-05-12,40.549622577835805
TECH_PHONE_023,2026-05-13,32.965259251459344
TECH_PHONE_023,2026-05-14,36.342523263880615
TECH_PHONE_023,2026-05-15,35.005636345922355
TECH_PHONE_023,2026-05-16,50.046421723903634
TECH_PHONE_023,2026-05-17,55.940129932814756
TECH_PHONE_023,2026-05-18,44.58466965475327
TECH_PHONE_023,2026-05-19,31.679766766482743
TECH_PHONE_023,2026-05-20,37.25315816685159
TECH_PHONE_023,2026-05-21,39.42162880522432
TECH_PHONE_023,2026-05-22,38.019234604968545
TECH_PHONE_023,2026-05-23,55.460615842452775
TECH_PHONE_023,2026-05-24,52.05235090966253
TECH_PHONE_023,2026-05-25,38.79836022882049
TECH_PHONE_023,2026-05-26,35.97970806895222
TECH_PHONE_023,2026-05-27,31.83023488506434
TECH_PHONE_023,2026-05-28,42.13377666154119
TECH_PHONE_023,2026-05-29,41.57515745952613
TECH_PHONE_023,2026-05-30,57.00498293055324
TECH_PHONE_023,2026-05-31,57.687224064617105
TECH_PHONE_023,2026-06-01,42.37295403814668
TECH_PHONE_023,2026-06-02,39.973018970334245
TECH_PHONE_023,2026-06-03,42.16205266428395
TECH_PHONE_023,2026-06-04,38.707553397378454
TECH_PHONE_023,2026-06-05,43.68595121572184
TECH_PHONE_023,2026-06-06,58.86235717779805
TECH_PHONE_023,2026-06-07,58.63215583081762
TECH_PHONE_023,2026-06-08,36.38981673386391
TECH_PHONE_023,2026-06-09,41.21086756290513
TECH_PHONE_023,2026-06-10,38.00413524751664
TECH_PHONE_023,2026-06-11,38.735151820414515
TECH_PHONE_023,2026-06-12,38.353873115051634
TECH_PHONE_023,2026-06-13,55.75129520430233
TECH_PHONE_023,2026-06-14,65.47431420905089
TECH_PHONE_023,2026-06-15,45.24401718596521
TECH_PHONE_023,2026-06-16,47.16110250643278
TECH_PHONE_023,2026-06-17,37.88131494133331
TECH_PHONE_023,2026-06-18,41.91376124973268
TECH_PHONE_023,2026-06-19,37.969477124387716
TECH_PHONE_023,2026-06-20,57.91291536840881
TECH_PHONE_023,2026-06-21,57.39561904975027
TECH_PHONE_023,2026-06-22,46.01875201932468
TECH_PHONE_023,2026-06-23,41.261310965694726
TECH_PHONE_023,2026-06-24,45.80513800108205
TECH_PHONE_023,2026-06-25,44.56236266876555
TECH_PHONE_023,2026-06-26,49.810916256314364
TECH_PHONE_023,2026-06-27,56.61166733058083
TECH_PHONE_023,2026-06-28,64.9776997193604
TECH_PHONE_023,2026-06-29,46.78932261120218
TECH_PHONE_023,2026-06-30,40.5798634859189
TECH_PHONE_023,2026-07-01,46.67140000941948
TECH_PHONE_023,2026-07-02,44.80843488907868
TECH_PHONE_023,2026-07-03,43.26757122013978
TECH_PHONE_023,2026-07-04,59.628193539084
TECH_PHONE_023,2026-07-05,60.092671645652445
TECH_PHONE_023,2026-07-06,50.54943628735778
TECH_PHONE_023,2026-07-07,44.55204845687245
TECH_PHONE_023,2026-07-08,47.04639000459438
TECH_PHONE_023,2026-07-09,42.47730185499734
TECH_PHONE_023,2026-07-10,42.660441161335086
TECH_PHONE_023,2026-07-11,66.39595442774983
TECH_PHONE_023,2026-07-12,59.2512713653454
TECH_PHONE_023,2026-07-13,44.20435869628419
TECH_PHONE_023,2026-07-14,45.7020822332167
TECH_PHONE_023,2026-07-15,46.08411780552016
TECH_PHONE_023,2026-07-16,45.36272014495153
TECH_PHONE_023,2026-07-17,47.23745934328777
TECH_PHONE_023,2026-07-18,66.27856726745344
TECH_PHONE_023,2026-07-19,66.55391263637799
TECH_PHONE_023,2026-07-20,43.54258857399652
TECH_PHONE_023,2026-07-21,45.797534706213604
TECH_PHONE_023,2026-07-22,50.38428858563081
TECH_PHONE_023,2026-07-23,49.63394156272162
TECH_PHONE_023,2026-07-24,42.9814216455568
TECH_PHONE_023,2026-07-25,66.30443970105661
TECH_PHONE_023,2026-07-26,59.46532425187557
TECH_PHONE_023,2026-07-27,47.690804706181105
TECH_PHONE_023,2026-07-28,53.39330105023794
TECH_PHONE_023,2026-07-29,45.00632184819304
TECH_PHONE_023,2026-07-30,45.497030863525254
TECH_PHONE_023,2026-07-31,50.442089344718575
TECH_PHONE_023,2026-08-01,61.67159545437106
TECH_PHONE_023,2026-08-02,64.55173491034489
TECH_PHONE_023,2026-08-03,50.389323412745256
TECH_PHONE_023,2026-08-04,46.84714245693179
TECH_PHONE_023,2026-08-05,48.192090038367084
TECH_PHONE_023,2026-08-06,51.2825571309451
TECH_PHONE_023,2026-08-07,50.46463825060969
TECH_PHONE_023,2026-08-08,68.1504551888862
TECH_PHONE_023,2026-08-09,66.48263316218988
TECH_PHONE_023,2026-08-10,50.760183345806865
TECH_PHONE_023,2026-08-11,49.42880195970073
TECH_PHONE_023,2026-08-12,51.32341682977736
TECH_PHONE_023,2026-08-13,48.60920392464606
TECH_PHONE_023,2026-08-14,49.70229307686137
TECH_PHONE_023,2026-08-15,65.43012662234396
TECH_PHONE_023,2026-08-16,68.44497716998129
TECH_PHONE_023,2026-08-17,48.26699740911347
TECH_PHONE_023,2026-08-18,47.507860649514015
TECH_PHONE_023,2026-08-19,51.77598344356616
TECH_PHONE_023,2026-08-20,51.78821932757298
TECH_PHONE_023,2026-08-21,53.64862120484572
TECH_PHONE_023,2026-08-22,68.15662329127471
TECH_PHONE_023,2026-08-23,70.82415854051027
TECH_PHONE_023,2026-08-24,53.40239271682099
TECH_PHONE_023,2026-08-25,53.234321423494784
TECH_PHONE_023,2026-08-26,49.573038951593574
TECH_PHONE_023,2026-08-27,52.64809044681357
TECH_PHONE_023,2026-08-28,53.44242088816398
TECH_PHONE_024,2026-04-01,54.82632200611978
TECH_PHONE_024,2026-04-02,51.972777960609534
TECH_PHONE_024,2026-04-03,50.2351211147262
TECH_PHONE_024,2026-04-04,82.5902825671609
TECH_PHONE_024,2026-04-05,84.88146658643119
TECH_PHONE_024,2026-04-06,53.80825988093809
TECH_PHONE_024,2026-04-07,50.407841285511076
TECH_PHONE_024,2026-04-08,54.46014487699266
TECH_PHONE_024,2026-04-09,49.29177741959276
TECH_PHONE_024,2026-04-10,59.431866569620304
TECH_PHONE_024,2026-04-11,93.01575695708381
TECH_PHONE_024,2026-04-12,84.24664397287394
TECH_PHONE_024,2026-04-13,51.69506550237781
TECH_PHONE_024,2026-04-14,56.910750757853314
TECH_PHONE_024,2026-04-15,62.932976902370456
TECH_PHONE_024,2026-04-16,64.27798378696714
TECH_PHONE_024,2026-04-17,48.82518929452416
TECH_PHONE_024,2026-04-18,94.38404608011824
TECH_PHONE_024,2026-04-19,88.76761197514996
TECH_PHONE_024,2026-04-20,56.622175617513115
TECH_PHONE_024,2026-04-21,59.72544677451303
TECH_PHONE_024,2026-04-22,54.55282965975298
TECH_PHONE_024,2026-04-23,63.22218341338484
TECH_PHONE_024,2026-04-24,65.13939626755696
TECH_PHONE_024,2026-04-25,97.89093509869028
TECH_PHONE_024,2026-04-26,80.1928601433675
TECH_PHONE_024,2026-04-27,56.659850748866475
TECH_PHONE_024,2026-04-28,47.59975484203811
TECH_PHONE_024,2026-04-29,54.06748766550596
TECH_PHONE_024,2026-04-30,45.40350609589985
TECH_PHONE_024,2026-05-01,60.931439827053225
TECH_PHONE_024,2026-05-02,92.23427203213295
TECH_PHONE_024,2026-05-03,88.86395402459347
TECH_PHONE_024,2026-05-04,54.677800203028376
TECH_PHONE_024,2026-05-05,60.79577077150982
TECH_PHONE_024,2026-05-06,53.78832081459608
TECH_PHONE_024,2026-05-07,53.57090458025644
TECH_PHONE_024,2026-05-08,53.056952509552566
TECH_PHONE_024,2026-05-09,90.9992589740113
TECH_PHONE_024,2026-05-10,89.10553912452308
TECH_PHONE_024,2026-05-11,57.92511470029618
TECH_PHONE_024,2026-05-12,62.96776719610115
TECH_PHONE_024,2026-05-13,65.50180166624129
TECH_PHONE_024,2026-05-14,68.28259623843779
TECH_PHONE_024,2026-05-15,60.92473968102878
TECH_PHONE_024,2026-05-16,95.02698115383896
TECH_PHONE_024,2026-05-17,94.31977032850695
TECH_PHONE_024,2026-05-18,52.009397226404914
TECH_PHONE_024,2026-05-19,59.203635897756136
TECH_PHONE_024,2026-05-20,59.378469597200414
TECH_PHONE_024,2026-05-21,58.741610740844095
TECH_PHONE_024,2026-05-22,61.42892762545827
TECH_PHONE_024,2026-05-23,93.01480501264263
TECH_PHONE_024,2026-05-24,89.0238354748047
TECH_PHONE_024,2026-05-25,61.28445984922591
TECH_PHONE_024,2026-05-26,58.799127855740835
TECH_PHONE_024,2026-05-27,48.25608927464878
TECH_PHONE_024,2026-05-28,55.0058278303235
TECH_PHONE_024,2026-05-29,63.18013735939063
TECH_PHONE_024,2026-05-30,101.14621309643219
TECH_PHONE_024,2026-05-31,82.29310240853738
TECH_PHONE_024,2026-06-01,58.44988517773025
TECH_PHONE_024,2026-06-02,65.6298507035717
TECH_PHONE_024,2026-06-03,68.19225550426711
TECH_PHONE_024,2026-06-04,61.331386767489505
TECH_PHONE_024,2026-06-05,60.06297526452622
TECH_PHONE_024,2026-06-06,102.88643804940705
TECH_PHONE_024,2026-06-07,100.74890061239228
TECH_PHONE_024,2026-06-08,68.83653934961049
TECH_PHONE_024,2026-06-09,61.82245438654997
TECH_PHONE_024,2026-06-10,70.51394888349186
TECH_PHONE_024,2026-06-11,54.14662884253596
TECH_PHONE_024,2026-06-12,70.90864249495867
TECH_PHONE_024,2026-06-13,96.9907263714138
TECH_PHONE_024,2026-06-14,98.1962446327382
TECH_PHONE_024,2026-06-15,60.14563564638162
TECH_PHONE_024,2026-06-16,55.60425772021599
TECH_PHONE_024,2026-06-17,66.13160239807534
TECH_PHONE_024,2026-06-18,68.67753056779355
TECH_PHONE_024,2026-06-19,69.64453887802132
TECH_PHONE_024,2026-06-20,101.61180441745277
TECH_PHONE_024,2026-06-21,100.53807315328868
TECH_PHONE_024,2026-06-22,61.31155324455801
TECH_PHONE_024,2026-06-23,70.59437079160818
TECH_PHONE_024,2026-06-24,61.00763932363322
TECH_PHONE_024,2026-06-25,72.72814687475173
TECH_PHONE_024,2026-06-26,66.44649790844667
TECH_PHONE_024,2026-06-27,99.17617021272639
TECH_PHONE_024,2026-06-28,104.27600373884756
TECH_PHONE_024,2026-06-29,72.75793057788434
TECH_PHONE_024,2026-06-30,71.66144886633074
TECH_PHONE_024,2026-07-01,63.219527612399396
TECH_PHONE_024,2026-07-02,71.91841557236818
TECH_PHONE_024,2026-07-03,63.550136106159584
TECH_PHONE_024,2026-07-04,104.75466756932936
TECH_PHONE_024,2026-07-05,92.95411874126377
TECH_PHONE_024,2026-07-06,67.89412766553284
TECH_PHONE_024,2026-07-07,64.11718784666937
TECH_PHONE_024,2026-07-08,73.39765252321934
TECH_PHONE_024,2026-07-09,74.87190058008066
TECH_PHONE_024,2026-07-10,70.07458117447644
TECH_PHONE_024,2026-07-11,102.44698937726459
TECH_PHONE_024,2026-07-12,105.50255646139814
TECH_PHONE_024,2026-07-13,75.50402035172525
TECH_PHONE_024,2026-07-14,69.80148034317567
TECH_PHONE_024,2026-07-15,67.0517532452809
TECH_PHONE_024,2026-07-16,73.39524442677865
TECH_PHONE_024,2026-07-17,60.01287219609417
TECH_PHONE_024,2026-07-18,107.51211831361766
TECH_PHONE_024,2026-07-19,98.91499047301475
TECH_PHONE_024,2026-07-20,69.20276952212878
TECH_PHONE_024,2026-07-21,75.59667714483888
TECH_PHONE_024,2026-07-22,68.55624861149566
TECH_PHONE_024,2026-07-23,74.44600794430394
TECH_PHONE_024,2026-07-24,77.25010727200183
TECH_PHONE_024,2026-07-25,104.24417868625653
TECH_PHONE_024,2026-07-26,105.48182004145346
TECH_PHONE_024,2026-07-27,70.90504628070391
TECH_PHONE_024,2026-07-28,72.32422918414409
TECH_PHONE_024,2026-07-29,65.82141418826983
TECH_PHONE_024,2026-07-30,70.4138143325864
TECH_PHONE_024,2026-07-31,65.1936897222944
TECH_PHONE_024,2026-08-01,99.84665698755205
TECH_PHONE_024,2026-08-02,94.03407528837033
TECH_PHONE_024,2026-08-03,74.02521202892639
TECH_PHONE_024,2026-08-04,81.88465169303804
TECH_PHONE_024,2026-08-05,70.43702903024092
TECH_PHONE_024,2026-08-06,78.26172138909085
TECH_PHONE_024,2026-08-07,79.27874120649135
TECH_PHONE_024,2026-08-08,99.27465893451934
TECH_PHONE_024,2026-08-09,100.58751284446957
TECH_PHONE_024,2026-08-10,79.00030967710192
TECH_PHONE_024,2026-08-11,73.30135663984399
TECH_PHONE_024,2026-08-12,66.97974012278681
TECH_PHONE_024,2026-08-13,70.66095823058552
TECH_PHONE_024,2026-08-14,76.51616532198516
TECH_PHONE_024,2026-08-15,102.5127419598339
TECH_PHONE_024,2026-08-16,91.96750092665427
TECH_PHONE_024,2026-08-17,72.96112884307769
TECH_PHONE_024,2026-08-18,73.54863675318194
TECH_PHONE_024,2026-08-19,75.04982274437937
TECH_PHONE_024,2026-08-20,81.94797021576346
TECH_PHONE_024,2026-08-21,75.58902310865484
TECH_PHONE_024,2026-08-22,109.16186171389883
TECH_PHONE_024,2026-08-23,113.69989965770687
TECH_PHONE_024,2026-08-24,75.80585768551312
TECH_PHONE_024,2026-08-25,87.43721202456656
TECH_PHONE_024,2026-08-26,69.22597521251339
TECH_PHONE_024,2026-08-27,71.15560234921765
TECH_PHONE_024,2026-08-28,79.66537540466238
TECH_PHONE_025,2026-04-01,52.650977434353344
TECH_PHONE_025,2026-04-02,46.22505176775457
TECH_PHONE_025,2026-04-03,49.93574121519712
TECH_PHONE_025,2026-04-04,80.03242354954165
TECH_PHONE_025,2026-04-05,74.95166518050306
TECH_PHONE_025,2026-04-06,41.25013065406602
TECH_PHONE_025,2026-04-07,45.885043349467445
TECH_PHONE_025,2026-04-08,43.63565913759547
TECH_PHONE_025,2026-04-09,44.883880855318424
TECH_PHONE_025,2026-04-10,46.91473055381327
TECH_PHONE_025,2026-04-11,74.48288404637559
TECH_PHONE_025,2026-04-12,77.14570214069333
TECH_PHONE_025,2026-04-13,50.36359975139024
TECH_PHONE_025,2026-04-14,47.3329321891743
TECH_PHONE_025,2026-04-15,49.95595702329642
TECH_PHONE_025,2026-04-16,45.72294466729697
TECH_PHONE_025,2026-04-17,54.44798719774391
TECH_PHONE_025,2026-04-18,73.54864807419884
TECH_PHONE_025,2026-04-19,81.80705782926319
TECH_PHONE_025,2026-04-20,42.06009137785008
TECH_PHONE_025,2026-04-21,47.250126615910105
TECH_PHONE_025,2026-04-22,47.62750040137741
TECH_PHONE_025,2026-04-23,50.58336225584298
TECH_PHONE_025,2026-04-24,53.41435729480659
TECH_PHONE_025,2026-04-25,71.45278206592617
TECH_PHONE_025,2026-04-26,72.25327800660263
TECH_PHONE_025,2026-04-27,43.451222888505306
TECH_PHONE_025,2026-04-28,56.12284730711272
TECH_PHONE_025,2026-04-29,51.568982736866765
TECH_PHONE_025,2026-04-30,45.36189244109723
TECH_PHONE_025,2026-05-01,48.461763579802074
TECH_PHONE_025,2026-05-02,83.68610242004289
TECH_PHONE_025,2026-05-03,77.1206515405683
TECH_PHONE_025,2026-05-04,49.398934566160605
TECH_PHONE_025,2026-05-05,47.50603514861393
TECH_PHONE_025,2026-05-06,46.53503535643369
TECH_PHONE_025,2026-05-07,56.84328952803852
TECH_PHONE_025,2026-05-08,59.24994730821348
TECH_PHONE_025,2026-05-09,74.76810574717821
TECH_PHONE_025,2026-05-10,85.91273471440336
TECH_PHONE_025,2026-05-11,49.75800868506551
TECH_PHONE_025,2026-05-12,54.60478077869688
TECH_PHONE_025,2026-05-13,58.78698350214627
TECH_PHONE_025,2026-05-14,51.78264765976329
TECH_PHONE_025,2026-05-15,51.09146716677015
TECH_PHONE_025,2026-05-16,84.03497243342566
TECH_PHONE_025,2026-05-17,75.39421694963326
TECH_PHONE_025,2026-05-18,58.32648233806598
TECH_PHONE_025,2026-05-19,53.85692320523589
TECH_PHONE_025,2026-05-20,50.69234766249079
TECH_PHONE_025,2026-05-21,50.72082902474707
TECH_PHONE_025,2026-05-22,47.28607244558951
TECH_PHONE_025,2026-05-23,78.93360803352965
TECH_PHONE_025,2026-05-24,80.33542629482577
TECH_PHONE_025,2026-05-25,49.218049754127186
TECH_PHONE_025,2026-05-26,54.04086110980658
TECH_PHONE_025,2026-05-27,56.57541858881728
TECH_PHONE_025,2026-05-28,53.56802817440267
TECH_PHONE_025,2026-05-29,57.74853880198863
TECH_PHONE_025,2026-05-30,78.73715607829506
TECH_PHONE_025,2026-05-31,87.21556071541174
TECH_PHONE_025,2026-06-01,55.710347646564344
TECH_PHONE_025,2026-06-02,62.408182980871814
TECH_PHONE_025,2026-06-03,66.55539963629818
TECH_PHONE_025,2026-06-04,53.43687947540491
TECH_PHONE_025,2026-06-05,53.77630616625329
TECH_PHONE_025,2026-06-06,82.36728623903592
TECH_PHONE_025,2026-06-07,86.39023035080737
TECH_PHONE_025,2026-06-08,62.29946186418542
TECH_PHONE_025,2026-06-09,53.34708097281891
TECH_PHONE_025,2026-06-10,58.25372362579913
TECH_PHONE_025,2026-06-11,56.02473446666347
TECH_PHONE_025,2026-06-12,59.6433018716867
TECH_PHONE_025,2026-06-13,91.49350538967539
TECH_PHONE_025,2026-06-14,83.59449010780813
TECH_PHONE_025,2026-06-15,49.568608733300835
TECH_PHONE_025,2026-06-16,60.821947713649344
TECH_PHONE_025,2026-06-17,53.71955599441492
TECH_PHONE_025,2026-06-18,57.04166760996662
TECH_PHONE_025,2026-06-19,61.470341849609426
TECH_PHONE_025,2026-06-20,86.9680163262431
TECH_PHONE_025,2026-06-21,85.28208788245601
TECH_PHONE_025,2026-06-22,55.65094412269172
TECH_PHONE_025,2026-06-23,45.110488610735004
TECH_PHONE_025,2026-06-24,61.812275752478534
TECH_PHONE_025,2026-06-25,57.58642218356149
TECH_PHONE_025,2026-06-26,65.86134688043634
TECH_PHONE_025,2026-06-27,88.4809289378246
TECH_PHONE_025,2026-06-28,84.31082328633974
TECH_PHONE_025,2026-06-29,64.25760240652978
TECH_PHONE_025,2026-06-30,64.79519526740768
TECH_PHONE_025,2026-07-01,58.6424536539786
TECH_PHONE_025,2026-07-02,65.29076638163684
TECH_PHONE_025,2026-07-03,57.395582945224184
TECH_PHONE_025,2026-07-04,88.43437973927635
TECH_PHONE_025,2026-07-05,90.4784785835064
TECH_PHONE_025,2026-07-06,64.00999528646527
TECH_PHONE_025,2026-07-07,63.409000503633095
TECH_PHONE_025,2026-07-08,59.16977696940941
TECH_PHONE_025,2026-07-09,65.88100914718063
TECH_PHONE_025,2026-07-10,60.42763431371048
TECH_PHONE_025,2026-07-11,86.1324741335341
TECH_PHONE_025,2026-07-12,86.35004535035868
TECH_PHONE_025,2026-07-13,70.37394660079114
TECH_PHONE_025,2026-07-14,58.18687623077705
TECH_PHONE_025,2026-07-15,67.69152204309806
TECH_PHONE_025,2026-07-16,56.67685319927322
TECH_PHONE_025,2026-07-17,64.29436504734126
TECH_PHONE_025,2026-07-18,91.16658387685786
TECH_PHONE_025,2026-07-19,97.40764364674065
TECH_PHONE_025,2026-07-20,59.48975128222483
TECH_PHONE_025,2026-07-21,58.36894459738222
TECH_PHONE_025,2026-07-22,62.26405225960388
TECH_PHONE_025,2026-07-23,70.60808841450608
TECH_PHONE_025,2026-07-24,59.03287099225866
TECH_PHONE_025,2026-07-25,78.94328349186068
TECH_PHONE_025,2026-07-26,91.2749320519171
TECH_PHONE_025,2026-07-27,67.91780542262063
TECH_PHONE_025,2026-07-28,59.03649270985663
TECH_PHONE_025,2026-07-29,67.75048799742501
TECH_PHONE_025,2026-07-30,59.2348094689427
TECH_PHONE_025,2026-07-31,63.475830735818285
TECH_PHONE_025,2026-08-01,95.36233865031586
TECH_PHONE_025,2026-08-02,86.5876591520032
TECH_PHONE_025,2026-08-03,65.43496132493475
TECH_PHONE_025,2026-08-04,70.33887815194429
TECH_PHONE_025,2026-08-05,67.08009685637222
TECH_PHONE_025,2026-08-06,61.73512013508247
TECH_PHONE_025,2026-08-07,72.18610442249725
TECH_PHONE_025,2026-08-08,95.97860555484345
TECH_PHONE_025,2026-08-09,84.5419392003482
TECH_PHONE_025,2026-08-10,69.62552062777745
TECH_PHONE_025,2026-08-11,63.17167843888052
TECH_PHONE_025,2026-08-12,66.85419231915535
TECH_PHONE_025,2026-08-13,70.73681841974899
TECH_PHONE_025,2026-08-14,63.721818910541764
TECH_PHONE_025,2026-08-15,86.43027397540766
TECH_PHONE_025,2026-08-16,101.07550788276681
TECH_PHONE_025,2026-08-17,72.05708396752897
TECH_PHONE_025,2026-08-18,66.44862233935845
TECH_PHONE_025,2026-08-19,70.92573867686373
TECH_PHONE_025,2026-08-20,65.45082103250705
TECH_PHONE_025,2026-08-21,67.74606281309991
TECH_PHONE_025,2026-08-22,94.386275463871
TECH_PHONE_025,2026-08-23,93.68685720735641
TECH_PHONE_025,2026-08-24,69.40279186839447
TECH_PHONE_025,2026-08-25,62.3423774112303
TECH_PHONE_025,2026-08-26,66.89272817847834
TECH_PHONE_025,2026-08-27,69.64660557342367
TECH_PHONE_025,2026-08-28,76.80526325662352
TECH_PHONE_026,2026-04-01,42.09900743411381
TECH_PHONE_026,2026-04-02,40.949844523810654
TECH_PHONE_026,2026-04-03,51.635074719025575
TECH_PHONE_026,2026-04-04,71.38463210609928
TECH_PHONE_026,2026-04-05,73.23279908846078
TECH_PHONE_026,2026-04-06,48.427317660973
TECH_PHONE_026,2026-04-07,45.4897798994253
TECH_PHONE_026,2026-04-08,46.10878407371068
TECH_PHONE_026,2026-04-09,40.41884922140369
TECH_PHONE_026,2026-04-10,41.407093874879024
TECH_PHONE_026,2026-04-11,67.72961507743484
TECH_PHONE_026,2026-04-12,74.71401703401037
TECH_PHONE_026,2026-04-13,46.111918872417085
TECH_PHONE_026,2026-04-14,42.00746111943142
TECH_PHONE_026,2026-04-15,48.65243490319491
TECH_PHONE_026,2026-04-16,48.64120842819807
TECH_PHONE_026,2026-04-17,43.34214963828279
TECH_PHONE_026,2026-04-18,72.82755880363119
TECH_PHONE_026,2026-04-19,75.50742337026611
TECH_PHONE_026,2026-04-20,43.073236441874535
TECH_PHONE_026,2026-04-21,49.49139776554218
TECH_PHONE_026,2026-04-22,48.47450385831967
TECH_PHONE_026,2026-04-23,42.90352129579548
TECH_PHONE_026,2026-04-24,48.41710563399165
TECH_PHONE_026,2026-04-25,75.60885378128597
TECH_PHONE_026,2026-04-26,71.39559504498929
TECH_PHONE_026,2026-04-27,45.49195194058868
TECH_PHONE_026,2026-04-28,43.61295230390276
TECH_PHONE_026,2026-04-29,46.224404535854866
TECH_PHONE_026,2026-04-30,48.29683915407655
TECH_PHONE_026,2026-05-01,46.10410250174499
TECH_PHONE_026,2026-05-02,68.51649324772691
TECH_PHONE_026,2026-05-03,72.17021269159885
TECH_PHONE_026,2026-05-04,47.11391473002719
TECH_PHONE_026,2026-05-05,52.69409032238191
TECH_PHONE_026,2026-05-06,51.866965625018494
TECH_PHONE_026,2026-05-07,53.07937274705001
TECH_PHONE_026,2026-05-08,46.29831685320454
TECH_PHONE_026,2026-05-09,76.72282342794912
TECH_PHONE_026,2026-05-10,65.58859540439325
TECH_PHONE_026,2026-05-11,51.88724975199635
TECH_PHONE_026,2026-05-12,52.83794976516351
TECH_PHONE_026,2026-05-13,48.75284926141193
TECH_PHONE_026,2026-05-14,51.74989117157584
TECH_PHONE_026,2026-05-15,43.93433318837177
TECH_PHONE_026,2026-05-16,73.62530524224078
TECH_PHONE_026,2026-05-17,80.66797664910203
TECH_PHONE_026,2026-05-18,53.299514425574124
TECH_PHONE_026,2026-05-19,49.387840151403026
TECH_PHONE_026,2026-05-20,54.91999419658073
TECH_PHONE_026,2026-05-21,52.10851171391961
TECH_PHONE_026,2026-05-22,49.431427758742494
TECH_PHONE_026,2026-05-23,77.39555983334552
TECH_PHONE_026,2026-05-24,76.34616215822925
TECH_PHONE_026,2026-05-25,46.891385816398476
TECH_PHONE_026,2026-05-26,57.779417545969245
TECH_PHONE_026,2026-05-27,49.900692493512594
TECH_PHONE_026,2026-05-28,48.887612857093586
TECH_PHONE_026,2026-05-29,45.97086738974122
TECH_PHONE_026,2026-05-30,67.65174138260784
TECH_PHONE_026,2026-05-31,82.48658621972355
TECH_PHONE_026,2026-06-01,56.641878222959335
TECH_PHONE_026,2026-06-02,58.549369772216714
TECH_PHONE_026,2026-06-03,52.7942270088512
TECH_PHONE_026,2026-06-04,52.18323287990818
TECH_PHONE_026,2026-06-05,51.516018301466175
TECH_PHONE_026,2026-06-06,78.46714642871191
TECH_PHONE_026,2026-06-07,85.37707754325683
TECH_PHONE_026,2026-06-08,54.083332905592584
TECH_PHONE_026,2026-06-09,56.013511502406175
TECH_PHONE_026,2026-06-10,52.555169939374224
TECH_PHONE_026,2026-06-11,60.46173078737111
TECH_PHONE_026,2026-06-12,46.41914893048714
TECH_PHONE_026,2026-06-13,75.97969363124061
TECH_PHONE_026,2026-06-14,83.17072630663206
TECH_PHONE_026,2026-06-15,62.95268730541612
TECH_PHONE_026,2026-06-16,54.409559121061406
TECH_PHONE_026,2026-06-17,51.84356845479969
TECH_PHONE_026,2026-06-18,60.102915902696715
TECH_PHONE_026,2026-06-19,57.27427314486556
TECH_PHONE_026,2026-06-20,88.07694077277468
TECH_PHONE_026,2026-06-21,76.8724552271249
TECH_PHONE_026,2026-06-22,61.631341338448074
TECH_PHONE_026,2026-06-23,49.63678719021961
TECH_PHONE_026,2026-06-24,55.33204255691859
TECH_PHONE_026,2026-06-25,58.566244112425274
TECH_PHONE_026,2026-06-26,57.71845886407601
TECH_PHONE_026,2026-06-27,88.11660627832242
TECH_PHONE_026,2026-06-28,75.56269592515943
TECH_PHONE_026,2026-06-29,57.97043291067576
TECH_PHONE_026,2026-06-30,62.778424944249366
TECH_PHONE_026,2026-07-01,57.91089459911722
TECH_PHONE_026,2026-07-02,52.773705409026505
TECH_PHONE_026,2026-07-03,62.38303253723728
TECH_PHONE_026,2026-07-04,81.64743481136775
TECH_PHONE_026,2026-07-05,81.02297874692334
TECH_PHONE_026,2026-07-06,54.21940268731257
TECH_PHONE_026,2026-07-07,57.675785503024564
TECH_PHONE_026,2026-07-08,59.505464969640634
TECH_PHONE_026,2026-07-09,53.265959759306455
TECH_PHONE_026,2026-07-10,54.319958142388245
TECH_PHONE_026,2026-07-11,82.49427534620625
TECH_PHONE_026,2026-07-12,81.49804994929879
TECH_PHONE_026,2026-07-13,59.611736196817496
TECH_PHONE_026,2026-07-14,61.18937502416388
TECH_PHONE_026,2026-07-15,60.73504476517301
TECH_PHONE_026,2026-07-16,60.89146031049033
TECH_PHONE_026,2026-07-17,67.40236354726989
TECH_PHONE_026,2026-07-18,88.46420783835948
TECH_PHONE_026,2026-07-19,90.19944269071269
TECH_PHONE_026,2026-07-20,58.67569070098132
TECH_PHONE_026,2026-07-21,64.80362702771056
TECH_PHONE_026,2026-07-22,58.76564889530938
TECH_PHONE_026,2026-07-23,62.7603726413898
TECH_PHONE_026,2026-07-24,55.06598577999751
TECH_PHONE_026,2026-07-25,88.38143018074774
TECH_PHONE_026,2026-07-26,83.50832696525492
TECH_PHONE_026,2026-07-27,65.6685568797292
TECH_PHONE_026,2026-07-28,65.55385643279466
TECH_PHONE_026,2026-07-29,59.796839494739984
TECH_PHONE_026,2026-07-30,71.01812968594797
TECH_PHONE_026,2026-07-31,60.89213549674871
TECH_PHONE_026,2026-08-01,81.60711683704088
TECH_PHONE_026,2026-08-02,85.42188093040421
TECH_PHONE_026,2026-08-03,58.00577950162545
TECH_PHONE_026,2026-08-04,64.42024924785952
TECH_PHONE_026,2026-08-05,57.46440268264121
TECH_PHONE_026,2026-08-06,60.67745833045252
TECH_PHONE_026,2026-08-07,64.58402955036179
TECH_PHONE_026,2026-08-08,90.36004193673193
TECH_PHONE_026,2026-08-09,89.84436722569617
TECH_PHONE_026,2026-08-10,64.2044022837939
TECH_PHONE_026,2026-08-11,62.16979957096632
TECH_PHONE_026,2026-08-12,56.893490955068145
TECH_PHONE_026,2026-08-13,62.353911828723554
TECH_PHONE_026,2026-08-14,66.31249905098726
TECH_PHONE_026,2026-08-15,90.19748605011863
TECH_PHONE_026,2026-08-16,92.6725488417742
TECH_PHONE_026,2026-08-17,62.11815467015827
TECH_PHONE_026,2026-08-18,69.22507875146289
TECH_PHONE_026,2026-08-19,53.75220138312613
TECH_PHONE_026,2026-08-20,65.77233825686277
TECH_PHONE_026,2026-08-21,71.23507352733363
TECH_PHONE_026,2026-08-22,98.43987347058244
TECH_PHONE_026,2026-08-23,90.97996485533311
TECH_PHONE_026,2026-08-24,59.91472811517131
TECH_PHONE_026,2026-08-25,71.91248050631079
TECH_PHONE_026,2026-08-26,65.82179326605554
TECH_PHONE_026,2026-08-27,65.50053402721252
TECH_PHONE_026,2026-08-28,62.42143958013798
TECH_PHONE_027,2026-04-01,65.47753488062719
TECH_PHONE_027,2026-04-02,54.378974738410236
TECH_PHONE_027,2026-04-03,56.94918357608546
TECH_PHONE_027,2026-04-04,89.58781538337632
TECH_PHONE_027,2026-04-05,95.2046009183689
TECH_PHONE_027,2026-04-06,58.75545273181899
TECH_PHONE_027,2026-04-07,62.07809280046164
TECH_PHONE_027,2026-04-08,60.74007317726601
TECH_PHONE_027,2026-04-09,54.26257707282427
TECH_PHONE_027,2026-04-10,60.101821064267654
TECH_PHONE_027,2026-04-11,109.67146613400381
TECH_PHONE_027,2026-04-12,109.08602138155325
TECH_PHONE_027,2026-04-13,66.62525957927107
TECH_PHONE_027,2026-04-14,68.06121532978908
TECH_PHONE_027,2026-04-15,76.87710136703915
TECH_PHONE_027,2026-04-16,67.79173548944868
TECH_PHONE_027,2026-04-17,68.39397713533282
TECH_PHONE_027,2026-04-18,92.04958523809603
TECH_PHONE_027,2026-04-19,95.00169052032355
TECH_PHONE_027,2026-04-20,64.64732003459254
TECH_PHONE_027,2026-04-21,59.99385820453967
TECH_PHONE_027,2026-04-22,58.96267722045634
TECH_PHONE_027,2026-04-23,59.82875390096005
TECH_PHONE_027,2026-04-24,56.62386201847701
TECH_PHONE_027,2026-04-25,97.89341618629128
TECH_PHONE_027,2026-04-26,105.05450043982758
TECH_PHONE_027,2026-04-27,77.03720834420506
TECH_PHONE_027,2026-04-28,70.99128953282444
TECH_PHONE_027,2026-04-29,70.1441640072445
TECH_PHONE_027,2026-04-30,56.28409301672988
TECH_PHONE_027,2026-05-01,67.23963957113651
TECH_PHONE_027,2026-05-02,103.43484859955774
TECH_PHONE_027,2026-05-03,105.80259480109731
TECH_PHONE_027,2026-05-04,64.71373768923975
TECH_PHONE_027,2026-05-05,77.40487579429094
TECH_PHONE_027,2026-05-06,67.5772082010465
TECH_PHONE_027,2026-05-07,68.33138480060862
TECH_PHONE_027,2026-05-08,55.38287060594952
TECH_PHONE_027,2026-05-09,104.23861077194522
TECH_PHONE_027,2026-05-10,112.17540797018994
TECH_PHONE_027,2026-05-11,71.44456877047442
TECH_PHONE_027,2026-05-12,54.78533617359273
TECH_PHONE_027,2026-05-13,65.5120145464934
TECH_PHONE_027,2026-05-14,79.18777669765062
TECH_PHONE_027,2026-05-15,67.66602753425454
TECH_PHONE_027,2026-05-16,107.948979092809
TECH_PHONE_027,2026-05-17,116.13785758118128
TECH_PHONE_027,2026-05-18,68.09139232240918
TECH_PHONE_027,2026-05-19,74.10438513173901
TECH_PHONE_027,2026-05-20,71.90065443838184
TECH_PHONE_027,2026-05-21,73.37592295376443
TECH_PHONE_027,2026-05-22,72.00113707236753
TECH_PHONE_027,2026-05-23,103.60469475320832
TECH_PHONE_027,2026-05-24,104.37365518117946
TECH_PHONE_027,2026-05-25,64.80162768171638
TECH_PHONE_027,2026-05-26,60.08380346300421
TECH_PHONE_027,2026-05-27,78.1160854461952
TECH_PHONE_027,2026-05-28,70.61251439466349
TECH_PHONE_027,2026-05-29,78.10379313165164
TECH_PHONE_027,2026-05-30,117.75531058242483
TECH_PHONE_027,2026-05-31,108.53118838163918
TECH_PHONE_027,2026-06-01,63.00636738351813
TECH_PHONE_027,2026-06-02,70.08363349571471
TECH_PHONE_027,2026-06-03,67.28890963806865
TECH_PHONE_027,2026-06-04,59.32306715385907
TECH_PHONE_027,2026-06-05,68.63928078944096
TECH_PHONE_027,2026-06-06,108.65646928520003
TECH_PHONE_027,2026-06-07,105.26138874625914
TECH_PHONE_027,2026-06-08,67.41642046090078
TECH_PHONE_027,2026-06-09,64.42927790277568
TECH_PHONE_027,2026-06-10,73.71471731979652
TECH_PHONE_027,2026-06-11,84.2394695559407
TECH_PHONE_027,2026-06-12,80.72746810591711
TECH_PHONE_027,2026-06-13,114.20248670551919
TECH_PHONE_027,2026-06-14,114.48753653737245
TECH_PHONE_027,2026-06-15,72.42761250559343
TECH_PHONE_027,2026-06-16,62.21201828842035
TECH_PHONE_027,2026-06-17,71.25952352534367
TECH_PHONE_027,2026-06-18,67.69047833854067
TECH_PHONE_027,2026-06-19,74.809119845941
TECH_PHONE_027,2026-06-20,118.84593116442028
TECH_PHONE_027,2026-06-21,123.58513945954046
TECH_PHONE_027,2026-06-22,74.7006503933193
TECH_PHONE_027,2026-06-23,64.1136307095004
TECH_PHONE_027,2026-06-24,74.98859151100426
TECH_PHONE_027,2026-06-25,75.30710821006296
TECH_PHONE_027,2026-06-26,79.10883199726244
TECH_PHONE_027,2026-06-27,112.13098758751485
TECH_PHONE_027,2026-06-28,112.81241329855622
TECH_PHONE_027,2026-06-29,71.43122330110023
TECH_PHONE_027,2026-06-30,73.56620770472495
TECH_PHONE_027,2026-07-01,78.83204104625413
TECH_PHONE_027,2026-07-02,63.347400959910296
TECH_PHONE_027,2026-07-03,73.98281089288429
TECH_PHONE_027,2026-07-04,117.56497980157464
TECH_PHONE_027,2026-07-05,123.6225194342343
TECH_PHONE_027,2026-07-06,73.93031404639254
TECH_PHONE_027,2026-07-07,83.89929264110748
TECH_PHONE_027,2026-07-08,87.17814784159125
TECH_PHONE_027,2026-07-09,74.46062911341139
TECH_PHONE_027,2026-07-10,73.53910709644272
TECH_PHONE_027,2026-07-11,113.22113828543004
TECH_PHONE_027,2026-07-12,113.9918989326088
TECH_PHONE_027,2026-07-13,84.21310054070422
TECH_PHONE_027,2026-07-14,72.8029038870405
TECH_PHONE_027,2026-07-15,87.2860057038539
TECH_PHONE_027,2026-07-16,72.93530317309745
TECH_PHONE_027,2026-07-17,70.2105654983711
TECH_PHONE_027,2026-07-18,118.64741871166382
TECH_PHONE_027,2026-07-19,123.17947465898908
TECH_PHONE_027,2026-07-20,79.60766398228006
TECH_PHONE_027,2026-07-21,81.3475232673909
TECH_PHONE_027,2026-07-22,90.91664287575693
TECH_PHONE_027,2026-07-23,86.66684724551887
TECH_PHONE_027,2026-07-24,79.29173759025149
TECH_PHONE_027,2026-07-25,113.77688932427199
TECH_PHONE_027,2026-07-26,123.38936497218458
TECH_PHONE_027,2026-07-27,84.69156026324049
TECH_PHONE_027,2026-07-28,82.29517543249251
TECH_PHONE_027,2026-07-29,77.82251514684037
TECH_PHONE_027,2026-07-30,79.52638425514563
TECH_PHONE_027,2026-07-31,79.23537869936806
TECH_PHONE_027,2026-08-01,115.57571354179598
TECH_PHONE_027,2026-08-02,113.92288155310492
TECH_PHONE_027,2026-08-03,82.24423154287946
TECH_PHONE_027,2026-08-04,76.74284516623007
TECH_PHONE_027,2026-08-05,81.9997508596697
TECH_PHONE_027,2026-08-06,68.0307859602419
TECH_PHONE_027,2026-08-07,77.48078015467495
TECH_PHONE_027,2026-08-08,125.35964104430309
TECH_PHONE_027,2026-08-09,113.11733880212017
TECH_PHONE_027,2026-08-10,85.32103215846749
TECH_PHONE_027,2026-08-11,76.73284074979492
TECH_PHONE_027,2026-08-12,86.75987107211796
TECH_PHONE_027,2026-08-13,80.25792452736904
TECH_PHONE_027,2026-08-14,80.16279105293523
TECH_PHONE_027,2026-08-15,119.93697916699149
TECH_PHONE_027,2026-08-16,111.42075280384549
TECH_PHONE_027,2026-08-17,88.72696307629006
TECH_PHONE_027,2026-08-18,90.93128733739756
TECH_PHONE_027,2026-08-19,80.76780471863127
TECH_PHONE_027,2026-08-20,86.40006585958959
TECH_PHONE_027,2026-08-21,88.12924621731476
TECH_PHONE_027,2026-08-22,120.0842031755439
TECH_PHONE_027,2026-08-23,113.92886765314924
TECH_PHONE_027,2026-08-24,93.63330921810143
TECH_PHONE_027,2026-08-25,81.46636542944145
TECH_PHONE_027,2026-08-26,80.27336443087438
TECH_PHONE_027,2026-08-27,94.36050997427034
TECH_PHONE_027,2026-08-28,88.13236435884846
TECH_PHONE_028,2026-04-01,34.2236641943953
TECH_PHONE_028,2026-04-02,32.5388231484426
TECH_PHONE_028,2026-04-03,30.31613195886993
TECH_PHONE_028,2026-04-04,57.44325518120473
TECH_PHONE_028,2026-04-05,67.01815166876135
TECH_PHONE_028,2026-04-06,38.75309602911902
TECH_PHONE_028,2026-04-07,41.37644382571416
TECH_PHONE_028,2026-04-08,34.71979933914228
TECH_PHONE_028,2026-04-09,32.37823588762179
TECH_PHONE_028,2026-04-10,33.83201338287415
TECH_PHONE_028,2026-04-11,60.34061489611675
TECH_PHONE_028,2026-04-12,53.47172327912675
TECH_PHONE_028,2026-04-13,35.075615459283846
TECH_PHONE_028,2026-04-14,36.78046546190622
TECH_PHONE_028,2026-04-15,34.21257636756579
TECH_PHONE_028,2026-04-16,31.39237283589813
TECH_PHONE_028,2026-04-17,40.4717186833761
TECH_PHONE_028,2026-04-18,61.91972434607289
TECH_PHONE_028,2026-04-19,64.78241051023149
TECH_PHONE_028,2026-04-20,35.74142472776597
TECH_PHONE_028,2026-04-21,42.811714149275645
TECH_PHONE_028,2026-04-22,45.80842551960148
TECH_PHONE_028,2026-04-23,41.27019450927636
TECH_PHONE_028,2026-04-24,38.193235710547356
TECH_PHONE_028,2026-04-25,63.336798403184204
TECH_PHONE_028,2026-04-26,60.51618665960637
TECH_PHONE_028,2026-04-27,37.85015083658862
TECH_PHONE_028,2026-04-28,43.5780634411623
TECH_PHONE_028,2026-04-29,40.68551381678737
TECH_PHONE_028,2026-04-30,45.808853917765106
TECH_PHONE_028,2026-05-01,39.863034939798794
TECH_PHONE_028,2026-05-02,62.587654051520964
TECH_PHONE_028,2026-05-03,61.90390931764355
TECH_PHONE_028,2026-05-04,37.80532127685734
TECH_PHONE_028,2026-05-05,45.11337212488139
TECH_PHONE_028,2026-05-06,50.33713315907237
TECH_PHONE_028,2026-05-07,40.98575921730524
TECH_PHONE_028,2026-05-08,40.03216500840247
TECH_PHONE_028,2026-05-09,62.14230311028377
TECH_PHONE_028,2026-05-10,62.53498705787859
TECH_PHONE_028,2026-05-11,49.104199639090965
TECH_PHONE_028,2026-05-12,40.4916220768884
TECH_PHONE_028,2026-05-13,41.1345128367087
TECH_PHONE_028,2026-05-14,38.86068926704141
TECH_PHONE_028,2026-05-15,44.68650046329336
TECH_PHONE_028,2026-05-16,65.70125062004135
TECH_PHONE_028,2026-05-17,61.89243852953054
TECH_PHONE_028,2026-05-18,40.7465304899231
TECH_PHONE_028,2026-05-19,49.87185347098156
TECH_PHONE_028,2026-05-20,44.47101869819444
TECH_PHONE_028,2026-05-21,44.876235963155004
TECH_PHONE_028,2026-05-22,45.04091915259642
TECH_PHONE_028,2026-05-23,72.16011393638135
TECH_PHONE_028,2026-05-24,63.28270685941338
TECH_PHONE_028,2026-05-25,43.63333657534712
TECH_PHONE_028,2026-05-26,44.62482873534871
TECH_PHONE_028,2026-05-27,39.03164944642802
TECH_PHONE_028,2026-05-28,42.160276388649024
TECH_PHONE_028,2026-05-29,49.57269686093947
TECH_PHONE_028,2026-05-30,70.86278993642144
TECH_PHONE_028,2026-05-31,71.66714743787752
TECH_PHONE_028,2026-06-01,43.97036617663382
TECH_PHONE_028,2026-06-02,44.5769276115603
TECH_PHONE_028,2026-06-03,39.83415766835928
TECH_PHONE_028,2026-06-04,50.048157806570345
TECH_PHONE_028,2026-06-05,50.807613394434554
TECH_PHONE_028,2026-06-06,73.11050757618176
TECH_PHONE_028,2026-06-07,75.1851376378658
TECH_PHONE_028,2026-06-08,48.76180179591265
TECH_PHONE_028,2026-06-09,53.110462795222766
TECH_PHONE_028,2026-06-10,46.75824394611585
TECH_PHONE_028,2026-06-11,41.112061649479465
TECH_PHONE_028,2026-06-12,50.984681305788435
TECH_PHONE_028,2026-06-13,63.47561023376783
TECH_PHONE_028,2026-06-14,70.92974758312545
TECH_PHONE_028,2026-06-15,51.78469806785974
TECH_PHONE_028,2026-06-16,49.59975754533023
TECH_PHONE_028,2026-06-17,56.97949936115442
TECH_PHONE_028,2026-06-18,41.42606272165618
TECH_PHONE_028,2026-06-19,48.54341551161711
TECH_PHONE_028,2026-06-20,71.26458522143483
TECH_PHONE_028,2026-06-21,66.37681958012507
TECH_PHONE_028,2026-06-22,45.03118867432014
TECH_PHONE_028,2026-06-23,46.32302413994158
TECH_PHONE_028,2026-06-24,45.53130501201773
TECH_PHONE_028,2026-06-25,49.35041979439369
TECH_PHONE_028,2026-06-26,47.669029869437004
TECH_PHONE_028,2026-06-27,73.426261021154
TECH_PHONE_028,2026-06-28,74.80289272495133
TECH_PHONE_028,2026-06-29,52.50258215095989
TECH_PHONE_028,2026-06-30,48.9825328928164
TECH_PHONE_028,2026-07-01,51.70255982901855
TECH_PHONE_028,2026-07-02,54.62997698985391
TECH_PHONE_028,2026-07-03,52.598588950726715
TECH_PHONE_028,2026-07-04,80.17821746944065
TECH_PHONE_028,2026-07-05,77.08406225103676
TECH_PHONE_028,2026-07-06,57.75810616879931
TECH_PHONE_028,2026-07-07,42.32833042665876
TECH_PHONE_028,2026-07-08,52.05770164821886
TECH_PHONE_028,2026-07-09,50.65144974647679
TECH_PHONE_028,2026-07-10,51.5375749978374
TECH_PHONE_028,2026-07-11,71.37165014561468
TECH_PHONE_028,2026-07-12,75.96593778142146
TECH_PHONE_028,2026-07-13,45.759081200055576
TECH_PHONE_028,2026-07-14,54.09271639262378
TECH_PHONE_028,2026-07-15,49.894668485332
TECH_PHONE_028,2026-07-16,51.04857146655439
TECH_PHONE_028,2026-07-17,54.672456547393224
TECH_PHONE_028,2026-07-18,75.69147759310545
TECH_PHONE_028,2026-07-19,79.44950737220388
TECH_PHONE_028,2026-07-20,49.912837028369836
TECH_PHONE_028,2026-07-21,53.35138908679663
TECH_PHONE_028,2026-07-22,57.088460532941255
TECH_PHONE_028,2026-07-23,55.28643905188018
TECH_PHONE_028,2026-07-24,55.67469873781234
TECH_PHONE_028,2026-07-25,80.54975857601796
TECH_PHONE_028,2026-07-26,75.09690293918274
TECH_PHONE_028,2026-07-27,52.26772575464759
TECH_PHONE_028,2026-07-28,56.83084641664965
TECH_PHONE_028,2026-07-29,54.29710350175896
TECH_PHONE_028,2026-07-30,59.15215320048155
TECH_PHONE_028,2026-07-31,56.518161717325704
TECH_PHONE_028,2026-08-01,75.19360248292602
TECH_PHONE_028,2026-08-02,78.90202089920123
TECH_PHONE_028,2026-08-03,52.26001124237662
TECH_PHONE_028,2026-08-04,59.25363533292111
TECH_PHONE_028,2026-08-05,50.730536465771834
TECH_PHONE_028,2026-08-06,60.57164151452588
TECH_PHONE_028,2026-08-07,57.38724309138294
TECH_PHONE_028,2026-08-08,77.9411244123961
TECH_PHONE_028,2026-08-09,81.52433635845534
TECH_PHONE_028,2026-08-10,58.54190858340071
TECH_PHONE_028,2026-08-11,61.72241223693482
TECH_PHONE_028,2026-08-12,61.837928431907834
TECH_PHONE_028,2026-08-13,58.40347464341525
TECH_PHONE_028,2026-08-14,54.02444845424616
TECH_PHONE_028,2026-08-15,77.5964166983489
TECH_PHONE_028,2026-08-16,79.4849065224969
TECH_PHONE_028,2026-08-17,61.70237026926185
TECH_PHONE_028,2026-08-18,56.16137009305133
TECH_PHONE_028,2026-08-19,56.6201200744085
TECH_PHONE_028,2026-08-20,64.98889732828948
TECH_PHONE_028,2026-08-21,57.91409550790241
TECH_PHONE_028,2026-08-22,78.30149200601356
TECH_PHONE_028,2026-08-23,83.67359030505834
TECH_PHONE_028,2026-08-24,58.54230315304954
TECH_PHONE_028,2026-08-25,53.75848309529581
TECH_PHONE_028,2026-08-26,62.90138210638728
TECH_PHONE_028,2026-08-27,56.43595451341269
TECH_PHONE_028,2026-08-28,59.511266714041426
TECH_PHONE_029,2026-04-01,38.63627866502752
TECH_PHONE_029,2026-04-02,37.00675900958776
TECH_PHONE_029,2026-04-03,38.225373740537
TECH_PHONE_029,2026-04-04,60.108590005363865
TECH_PHONE_029,2026-04-05,55.41218047795662
TECH_PHONE_029,2026-04-06,35.232212443323434
TECH_PHONE_029,2026-04-07,40.40508727602456
TECH_PHONE_029,2026-04-08,31.814450415192592
TECH_PHONE_029,2026-04-09,37.701965015328035
TECH_PHONE_029,2026-04-10,33.84151909879043
TECH_PHONE_029,2026-04-11,61.350915611308395
TECH_PHONE_029,2026-04-12,57.58722581798701
TECH_PHONE_029,2026-04-13,36.82657877382343
TECH_PHONE_029,2026-04-14,43.00107960588841
TECH_PHONE_029,2026-04-15,33.33385027192974
TECH_PHONE_029,2026-04-16,38.005368156265114
TECH_PHONE_029,2026-04-17,36.76955854115762
TECH_PHONE_029,2026-04-18,60.413439606150604
TECH_PHONE_029,2026-04-19,65.45265775341132
TECH_PHONE_029,2026-04-20,35.73165471526186
TECH_PHONE_029,2026-04-21,33.809108006760844
TECH_PHONE_029,2026-04-22,35.31735401011298
TECH_PHONE_029,2026-04-23,37.48513671222678
TECH_PHONE_029,2026-04-24,38.674807917961644
TECH_PHONE_029,2026-04-25,60.00085078525304
TECH_PHONE_029,2026-04-26,66.05931332911402
TECH_PHONE_029,2026-04-27,44.58693665629195
TECH_PHONE_029,2026-04-28,43.61031271173436
TECH_PHONE_029,2026-04-29,48.0005352281607
TECH_PHONE_029,2026-04-30,42.23434459831921
TECH_PHONE_029,2026-05-01,43.37924279229424
TECH_PHONE_029,2026-05-02,63.46669682662818
TECH_PHONE_029,2026-05-03,63.04316859827825
TECH_PHONE_029,2026-05-04,41.33038783463995
TECH_PHONE_029,2026-05-05,38.71100034279638
TECH_PHONE_029,2026-05-06,35.886276132567474
TECH_PHONE_029,2026-05-07,39.9427111086326
TECH_PHONE_029,2026-05-08,42.53020794885222
TECH_PHONE_029,2026-05-09,61.95291665340897
TECH_PHONE_029,2026-05-10,58.12132507058261
TECH_PHONE_029,2026-05-11,40.419409325058176
TECH_PHONE_029,2026-05-12,40.38699016995901
TECH_PHONE_029,2026-05-13,41.08175875310927
TECH_PHONE_029,2026-05-14,43.16820372124331
TECH_PHONE_029,2026-05-15,44.07190312918606
TECH_PHONE_029,2026-05-16,60.999819921589065
TECH_PHONE_029,2026-05-17,66.3339241580438
TECH_PHONE_029,2026-05-18,46.01073341883909
TECH_PHONE_029,2026-05-19,43.32105676566991
TECH_PHONE_029,2026-05-20,44.67662595183574
TECH_PHONE_029,2026-05-21,45.94481004861682
TECH_PHONE_029,2026-05-22,38.80824372647185
TECH_PHONE_029,2026-05-23,67.49155967243628
TECH_PHONE_029,2026-05-24,61.18478694590716
TECH_PHONE_029,2026-05-25,40.675544271800675
TECH_PHONE_029,2026-05-26,43.93701208735166
TECH_PHONE_029,2026-05-27,35.89585956013865
TECH_PHONE_029,2026-05-28,44.16467107879016
TECH_PHONE_029,2026-05-29,47.13623331434531
TECH_PHONE_029,2026-05-30,59.08926653743894
TECH_PHONE_029,2026-05-31,68.81153263591258
TECH_PHONE_029,2026-06-01,41.704243335153905
TECH_PHONE_029,2026-06-02,45.0240162317248
TECH_PHONE_029,2026-06-03,42.512489225480884
TECH_PHONE_029,2026-06-04,46.60521469445166
TECH_PHONE_029,2026-06-05,48.33731644657317
TECH_PHONE_029,2026-06-06,68.16453627533875
TECH_PHONE_029,2026-06-07,66.03606597677205
TECH_PHONE_029,2026-06-08,43.53450632192302
TECH_PHONE_029,2026-06-09,45.1074428972011
TECH_PHONE_029,2026-06-10,47.79590012735875
TECH_PHONE_029,2026-06-11,48.065932397105215
TECH_PHONE_029,2026-06-12,47.727893037616425
TECH_PHONE_029,2026-06-13,62.46097860455035
TECH_PHONE_029,2026-06-14,67.01942139547606
TECH_PHONE_029,2026-06-15,44.03299862530997
TECH_PHONE_029,2026-06-16,48.72725156967039
TECH_PHONE_029,2026-06-17,43.87259886317491
TECH_PHONE_029,2026-06-18,48.28218815329479
TECH_PHONE_029,2026-06-19,45.86234283714915
TECH_PHONE_029,2026-06-20,61.42316335856991
TECH_PHONE_029,2026-06-21,71.40835750060799
TECH_PHONE_029,2026-06-22,47.21149472347614
TECH_PHONE_029,2026-06-23,51.91592053517992
TECH_PHONE_029,2026-06-24,41.77141822462827
TECH_PHONE_029,2026-06-25,46.72967541178876
TECH_PHONE_029,2026-06-26,47.14258452664047
TECH_PHONE_029,2026-06-27,69.99572201933408
TECH_PHONE_029,2026-06-28,64.56184443545051
TECH_PHONE_029,2026-06-29,50.25413249870823
TECH_PHONE_029,2026-06-30,55.190818421983614
TECH_PHONE_029,2026-07-01,50.31088071262936
TECH_PHONE_029,2026-07-02,49.12505340638229
TECH_PHONE_029,2026-07-03,44.1288990754112
TECH_PHONE_029,2026-07-04,67.39013860255041
TECH_PHONE_029,2026-07-05,70.05454284712029
TECH_PHONE_029,2026-07-06,47.5457823520501
TECH_PHONE_029,2026-07-07,53.14189749194844
TECH_PHONE_029,2026-07-08,51.56796120339023
TECH_PHONE_029,2026-07-09,59.2733250567644
TECH_PHONE_029,2026-07-10,46.56699547251498
TECH_PHONE_029,2026-07-11,71.26590113987108
TECH_PHONE_029,2026-07-12,66.45777669612998
TECH_PHONE_029,2026-07-13,42.671457288933865
TECH_PHONE_029,2026-07-14,53.12952342808604
TECH_PHONE_029,2026-07-15,52.48815384038575
TECH_PHONE_029,2026-07-16,47.90893347873973
TECH_PHONE_029,2026-07-17,51.37560366857698
TECH_PHONE_029,2026-07-18,69.9975634037606
TECH_PHONE_029,2026-07-19,70.62027390804853
TECH_PHONE_029,2026-07-20,50.37900385531804
TECH_PHONE_029,2026-07-21,48.512021879085026
TECH_PHONE_029,2026-07-22,49.291725315630146
TECH_PHONE_029,2026-07-23,49.540475946195116
TECH_PHONE_029,2026-07-24,53.58007596363665
TECH_PHONE_029,2026-07-25,63.54022938405315
TECH_PHONE_029,2026-07-26,72.6032975848032
TECH_PHONE_029,2026-07-27,48.74311343211814
TECH_PHONE_029,2026-07-28,49.01956559821152
TECH_PHONE_029,2026-07-29,51.010213190706956
TECH_PHONE_029,2026-07-30,52.94981101509395
TECH_PHONE_029,2026-07-31,52.39955848402657
TECH_PHONE_029,2026-08-01,70.57578821570628
TECH_PHONE_029,2026-08-02,76.97593781455952
TECH_PHONE_029,2026-08-03,50.44088604598828
TECH_PHONE_029,2026-08-04,51.17852810425859
TECH_PHONE_029,2026-08-05,54.89572125063081
TECH_PHONE_029,2026-08-06,55.17128997502459
TECH_PHONE_029,2026-08-07,52.05905118603458
TECH_PHONE_029,2026-08-08,65.07343289465294
TECH_PHONE_029,2026-08-09,72.40078189694253
TECH_PHONE_029,2026-08-10,55.21660865184089
TECH_PHONE_029,2026-08-11,57.2101281879151
TECH_PHONE_029,2026-08-12,54.67246169865044
TECH_PHONE_029,2026-08-13,53.42354883523534
TECH_PHONE_029,2026-08-14,63.27623851994763
TECH_PHONE_029,2026-08-15,75.09629857473126
TECH_PHONE_029,2026-08-16,78.69281440376886
TECH_PHONE_029,2026-08-17,51.027317666005864
TECH_PHONE_029,2026-08-18,52.03441252776861
TECH_PHONE_029,2026-08-19,58.26563964011778
TECH_PHONE_029,2026-08-20,59.8059644652488
TECH_PHONE_029,2026-08-21,54.93599088432308
TECH_PHONE_029,2026-08-22,70.97977507929318
TECH_PHONE_029,2026-08-23,77.0135493120957
TECH_PHONE_029,2026-08-24,57.41292065272847
TECH_PHONE_029,2026-08-25,57.24586313625088
TECH_PHONE_029,2026-08-26,55.078136172636476
TECH_PHONE_029,2026-08-27,56.66490558258672
TECH_PHONE_029,2026-08-28,54.725781045005625
TECH_PHONE_030,2026-04-01,71.00312973493187
TECH_PHONE_030,2026-04-02,62.2377254427877
TECH_PHONE_030,2026-04-03,58.60224927059294
TECH_PHONE_030,2026-04-04,97.7950730109499
TECH_PHONE_030,2026-04-05,104.81529947023486
TECH_PHONE_030,2026-04-06,59.126377190527286
TECH_PHONE_030,2026-04-07,58.253982325578775
TECH_PHONE_030,2026-04-08,61.67647309498082
TECH_PHONE_030,2026-04-09,55.9028349008262
TECH_PHONE_030,2026-04-10,74.63737222923926
TECH_PHONE_030,2026-04-11,97.18835353446872
TECH_PHONE_030,2026-04-12,106.0060240743185
TECH_PHONE_030,2026-04-13,65.09871451861619
TECH_PHONE_030,2026-04-14,57.8458888870118
TECH_PHONE_030,2026-04-15,64.06308080288107
TECH_PHONE_030,2026-04-16,69.11081723172664
TECH_PHONE_030,2026-04-17,63.232779722464905
TECH_PHONE_030,2026-04-18,109.14730026427637
TECH_PHONE_030,2026-04-19,108.23339543524756
TECH_PHONE_030,2026-04-20,70.54727209888163
TECH_PHONE_030,2026-04-21,62.15012801190742
TECH_PHONE_030,2026-04-22,58.454976823754784
TECH_PHONE_030,2026-04-23,61.49575684675067
TECH_PHONE_030,2026-04-24,66.66669383213367
TECH_PHONE_030,2026-04-25,106.1838776239006
TECH_PHONE_030,2026-04-26,89.48625729048523
TECH_PHONE_030,2026-04-27,65.84969815000716
TECH_PHONE_030,2026-04-28,67.03015319700374
TECH_PHONE_030,2026-04-29,64.47922561084359
TECH_PHONE_030,2026-04-30,74.35589780189844
TECH_PHONE_030,2026-05-01,69.1150364603554
TECH_PHONE_030,2026-05-02,111.97318983010157
TECH_PHONE_030,2026-05-03,102.66104477382856
TECH_PHONE_030,2026-05-04,72.76236045354294
TECH_PHONE_030,2026-05-05,77.23741164607061
TECH_PHONE_030,2026-05-06,75.3824993854905
TECH_PHONE_030,2026-05-07,60.62872212074186
TECH_PHONE_030,2026-05-08,65.97720831923723
TECH_PHONE_030,2026-05-09,102.75997882621127
TECH_PHONE_030,2026-05-10,108.08337811747323
TECH_PHONE_030,2026-05-11,72.2553920410901
TECH_PHONE_030,2026-05-12,62.94886542104044
TECH_PHONE_030,2026-05-13,68.72059878628501
TECH_PHONE_030,2026-05-14,55.926450540631954
TECH_PHONE_030,2026-05-15,77.54005903597171
TECH_PHONE_030,2026-05-16,102.7732797078045
TECH_PHONE_030,2026-05-17,106.4463564270359
TECH_PHONE_030,2026-05-18,67.13017177327401
TECH_PHONE_030,2026-05-19,76.30537096508317
TECH_PHONE_030,2026-05-20,51.75746006333624
TECH_PHONE_030,2026-05-21,69.39701587757936
TECH_PHONE_030,2026-05-22,68.99392370351428
TECH_PHONE_030,2026-05-23,104.18745439693157
TECH_PHONE_030,2026-05-24,117.85260458294093
TECH_PHONE_030,2026-05-25,64.59855735509421
TECH_PHONE_030,2026-05-26,75.0351362988611
TECH_PHONE_030,2026-05-27,72.60876728997772
TECH_PHONE_030,2026-05-28,78.3714193657202
TECH_PHONE_030,2026-05-29,66.56342767437947
TECH_PHONE_030,2026-05-30,103.50559282543269
TECH_PHONE_030,2026-05-31,114.99563342635987
TECH_PHONE_030,2026-06-01,73.7869921116467
TECH_PHONE_030,2026-06-02,61.721388450604096
TECH_PHONE_030,2026-06-03,68.10630891032773
TECH_PHONE_030,2026-06-04,73.99557245385797
TECH_PHONE_030,2026-06-05,76.94413817358885
TECH_PHONE_030,2026-06-06,104.88876995020368
TECH_PHONE_030,2026-06-07,91.18161286313497
TECH_PHONE_030,2026-06-08,75.4439837515696
TECH_PHONE_030,2026-06-09,64.78401172234734
TECH_PHONE_030,2026-06-10,59.99249945164105
TECH_PHONE_030,2026-06-11,55.08957926509834
TECH_PHONE_030,2026-06-12,77.84668133322599
TECH_PHONE_030,2026-06-13,110.9474281925108
TECH_PHONE_030,2026-06-14,108.90093043958403
TECH_PHONE_030,2026-06-15,81.86195105036913
TECH_PHONE_030,2026-06-16,77.35141303474306
TECH_PHONE_030,2026-06-17,83.57106026487588
TECH_PHONE_030,2026-06-18,65.06504007256463
TECH_PHONE_030,2026-06-19,73.63578613148542
TECH_PHONE_030,2026-06-20,101.1763770753223
TECH_PHONE_030,2026-06-21,109.92782954249611
TECH_PHONE_030,2026-06-22,72.7585817066466
TECH_PHONE_030,2026-06-23,78.33500455103105
TECH_PHONE_030,2026-06-24,74.88249606307977
TECH_PHONE_030,2026-06-25,78.61512425733548
TECH_PHONE_030,2026-06-26,79.26132882546115
TECH_PHONE_030,2026-06-27,125.61055779977548
TECH_PHONE_030,2026-06-28,110.44516073722603
TECH_PHONE_030,2026-06-29,69.51565925586844
TECH_PHONE_030,2026-06-30,77.02571841496173
TECH_PHONE_030,2026-07-01,70.67586383173483
TECH_PHONE_030,2026-07-02,84.98815676430652
TECH_PHONE_030,2026-07-03,74.19404815853956
TECH_PHONE_030,2026-07-04,109.79342651918125
TECH_PHONE_030,2026-07-05,110.52784252886308
TECH_PHONE_030,2026-07-06,80.85418802552418
TECH_PHONE_030,2026-07-07,75.57196870396479
TECH_PHONE_030,2026-07-08,72.72166571519163
TECH_PHONE_030,2026-07-09,87.17518188926589
TECH_PHONE_030,2026-07-10,71.69174698789715
TECH_PHONE_030,2026-07-11,114.57050965900456
TECH_PHONE_030,2026-07-12,118.54429813998343
TECH_PHONE_030,2026-07-13,67.33572231541415
TECH_PHONE_030,2026-07-14,80.57761510871673
TECH_PHONE_030,2026-07-15,71.2083324120212
TECH_PHONE_030,2026-07-16,83.00125324117082
TECH_PHONE_030,2026-07-17,72.08156372610235
TECH_PHONE_030,2026-07-18,119.69516799746295
TECH_PHONE_030,2026-07-19,122.40616501102721
TECH_PHONE_030,2026-07-20,83.84090645892339
TECH_PHONE_030,2026-07-21,80.20816321907624
TECH_PHONE_030,2026-07-22,77.36593415383587
TECH_PHONE_030,2026-07-23,75.37619862672398
TECH_PHONE_030,2026-07-24,88.22041508306604
TECH_PHONE_030,2026-07-25,112.11312963496061
TECH_PHONE_030,2026-07-26,110.17019034386601
TECH_PHONE_030,2026-07-27,83.67528739720355
TECH_PHONE_030,2026-07-28,74.76395182024373
TECH_PHONE_030,2026-07-29,73.95960631571
TECH_PHONE_030,2026-07-30,71.04965357454746
TECH_PHONE_030,2026-07-31,77.15595899534479
TECH_PHONE_030,2026-08-01,116.98716685184174
TECH_PHONE_030,2026-08-02,119.15716871149634
TECH_PHONE_030,2026-08-03,86.49809871465679
TECH_PHONE_030,2026-08-04,84.01676712672793
TECH_PHONE_030,2026-08-05,79.71659223877029
TECH_PHONE_030,2026-08-06,79.82118680644574
TECH_PHONE_030,2026-08-07,84.36297630727414
TECH_PHONE_030,2026-08-08,126.43993501015713
TECH_PHONE_030,2026-08-09,119.48314803679584
TECH_PHONE_030,2026-08-10,78.74138870389547
TECH_PHONE_030,2026-08-11,75.64423079326961
TECH_PHONE_030,2026-08-12,72.98972736064421
TECH_PHONE_030,2026-08-13,86.23087196666984
TECH_PHONE_030,2026-08-14,85.83346684656526
TECH_PHONE_030,2026-08-15,123.1796538556613
TECH_PHONE_030,2026-08-16,118.95231143261725
TECH_PHONE_030,2026-08-17,91.42299542452886
TECH_PHONE_030,2026-08-18,79.84846533357413
TECH_PHONE_030,2026-08-19,88.92266927068468
TECH_PHONE_030,2026-08-20,82.90979405106484
TECH_PHONE_030,2026-08-21,79.5282252589881
TECH_PHONE_030,2026-08-22,124.32368790537012
TECH_PHONE_030,2026-08-23,123.33974393584076
TECH_PHONE_030,2026-08-24,85.96323110745494
TECH_PHONE_030,2026-08-25,84.40392621674843
TECH_PHONE_030,2026-08-26,83.81506289335564
TECH_PHONE_030,2026-08-27,99.00790635579672
TECH_PHONE_030,2026-08-28,91.69239120021626
ACC_CABLE_001,2026-04-01,248.57809270835546
ACC_CABLE_001,2026-04-02,241.99082999152384
ACC_CABLE_001,2026-04-03,248.95357007695478
ACC_CABLE_001,2026-04-04,467.64499931174873
ACC_CABLE_001,2026-04-05,410.5190154557614
ACC_CABLE_001,2026-04-06,218.3458015270922
ACC_CABLE_001,2026-04-07,203.0668536763361
ACC_CABLE_001,2026-04-08,269.6752190496338
ACC_CABLE_001,2026-04-09,265.00312925778917
ACC_CABLE_001,2026-04-10,258.32397665147573
ACC_CABLE_001,2026-04-11,370.54703954914476
ACC_CABLE_001,2026-04-12,399.27783497418056
ACC_CABLE_001,2026-04-13,227.2227123995338
ACC_CABLE_001,2026-04-14,261.05559983030935
ACC_CABLE_001,2026-04-15,268.97856284671786
ACC_CABLE_001,2026-04-16,232.0436119604423
ACC_CABLE_001,2026-04-17,272.9029869175348
ACC_CABLE_001,2026-04-18,394.14091330937384
ACC_CABLE_001,2026-04-19,403.45251906234023
ACC_CABLE_001,2026-04-20,214.02590926231346
ACC_CABLE_001,2026-04-21,251.64281249470406
ACC_CABLE_001,2026-04-22,229.73329938582359
ACC_CABLE_001,2026-04-23,257.83359293254443
ACC_CABLE_001,2026-04-24,282.10205287252563
ACC_CABLE_001,2026-04-25,399.4353410863874
ACC_CABLE_001,2026-04-26,370.65922577367365
ACC_CABLE_001,2026-04-27,262.12312603019535
ACC_CABLE_001,2026-04-28,256.81346652264153
ACC_CABLE_001,2026-04-29,297.2240224375275
ACC_CABLE_001,2026-04-30,253.52142144989293
ACC_CABLE_001,2026-05-01,233.27295771325512
ACC_CABLE_001,2026-05-02,412.176581783207
ACC_CABLE_001,2026-05-03,390.4974228429741
ACC_CABLE_001,2026-05-04,249.9000990499961
ACC_CABLE_001,2026-05-05,225.53803246187408
ACC_CABLE_001,2026-05-06,245.27483404887704
ACC_CABLE_001,2026-05-07,249.1485541490176
ACC_CABLE_001,2026-05-08,245.4311271795939
ACC_CABLE_001,2026-05-09,380.141437092931
ACC_CABLE_001,2026-05-10,401.6539678673907
ACC_CABLE_001,2026-05-11,226.55962027074344
ACC_CABLE_001,2026-05-12,220.98643120726692
ACC_CABLE_001,2026-05-13,266.5417289486525
ACC_CABLE_001,2026-05-14,264.461329327521
ACC_CABLE_001,2026-05-15,217.82521111946744
ACC_CABLE_001,2026-05-16,351.09181237169116
ACC_CABLE_001,2026-05-17,371.1875682968634
ACC_CABLE_001,2026-05-18,246.9323344343013
ACC_CABLE_001,2026-05-19,278.2506946668018
ACC_CABLE_001,2026-05-20,246.63830700215576
ACC_CABLE_001,2026-05-21,231.80452651590883
ACC_CABLE_001,2026-05-22,254.26064536671836
ACC_CABLE_001,2026-05-23,393.82940839943524
ACC_CABLE_001,2026-05-24,363.19152242889214
ACC_CABLE_001,2026-05-25,217.6859718964753
ACC_CABLE_001,2026-05-26,218.48880069859837
ACC_CABLE_001,2026-05-27,311.6603922982629
ACC_CABLE_001,2026-05-28,272.4475489986488
ACC_CABLE_001,2026-05-29,237.27269977759067
ACC_CABLE_001,2026-05-30,424.58088379474304
ACC_CABLE_001,2026-05-31,383.9962322098264
ACC_CABLE_001,2026-06-01,278.2768836464616
ACC_CABLE_001,2026-06-02,254.25144690678775
ACC_CABLE_001,2026-06-03,236.43991462992568
ACC_CABLE_001,2026-06-04,269.11963440364394
ACC_CABLE_001,2026-06-05,256.09172561718555
ACC_CABLE_001,2026-06-06,408.3779068639576
ACC_CABLE_001,2026-06-07,404.0868206633739
ACC_CABLE_001,2026-06-08,258.18185898076354
ACC_CABLE_001,2026-06-09,272.8034594805079
ACC_CABLE_001,2026-06-10,316.28650642626934
ACC_CABLE_001,2026-06-11,283.9956431833543
ACC_CABLE_001,2026-06-12,259.137377394878
ACC_CABLE_001,2026-06-13,392.20225196794036
ACC_CABLE_001,2026-06-14,395.0221414925516
ACC_CABLE_001,2026-06-15,223.72605814096607
ACC_CABLE_001,2026-06-16,270.54840808404316
ACC_CABLE_001,2026-06-17,229.88737859270228
ACC_CABLE_001,2026-06-18,245.64936021720288
ACC_CABLE_001,2026-06-19,271.1394734805186
ACC_CABLE_001,2026-06-20,395.0329951177444
ACC_CABLE_001,2026-06-21,388.98740183013916
ACC_CABLE_001,2026-06-22,226.20121932763288
ACC_CABLE_001,2026-06-23,284.7394395950069
ACC_CABLE_001,2026-06-24,235.35270866949503
ACC_CABLE_001,2026-06-25,241.51321740516482
ACC_CABLE_001,2026-06-26,212.36097509803716
ACC_CABLE_001,2026-06-27,401.36737653826805
ACC_CABLE_001,2026-06-28,393.90093426141414
ACC_CABLE_001,2026-06-29,260.76914738233245
ACC_CABLE_001,2026-06-30,227.95645024993095
ACC_CABLE_001,2026-07-01,274.4905932829038
ACC_CABLE_001,2026-07-02,212.1071835658394
ACC_CABLE_001,2026-07-03,254.71008675042754
ACC_CABLE_001,2026-07-04,405.7063652802919
ACC_CABLE_001,2026-07-05,404.45390836295786
ACC_CABLE_001,2026-07-06,261.2334433691945
ACC_CABLE_001,2026-07-07,276.7147219275391
ACC_CABLE_001,2026-07-08,289.8901785308451
ACC_CABLE_001,2026-07-09,254.06872734199555
ACC_CABLE_001,2026-07-10,234.4814239661074
ACC_CABLE_001,2026-07-11,417.575429959714
ACC_CABLE_001,2026-07-12,397.2901829507162
ACC_CABLE_001,2026-07-13,289.18025899241894
ACC_CABLE_001,2026-07-14,243.97221127075736
ACC_CABLE_001,2026-07-15,237.90033540622343
ACC_CABLE_001,2026-07-16,262.39418814815
ACC_CABLE_001,2026-07-17,216.7578476729411
ACC_CABLE_001,2026-07-18,393.64148225567374
ACC_CABLE_001,2026-07-19,397.13487398841716
ACC_CABLE_001,2026-07-20,264.8574773947762
ACC_CABLE_001,2026-07-21,235.44058806063413
ACC_CABLE_001,2026-07-22,238.42813852388878
ACC_CABLE_001,2026-07-23,288.0630026839225
ACC_CABLE_001,2026-07-24,259.77288665356866
ACC_CABLE_001,2026-07-25,427.06068356884197
ACC_CABLE_001,2026-07-26,393.03456614638185
ACC_CABLE_001,2026-07-27,259.2268416131727
ACC_CABLE_001,2026-07-28,265.9131865768099
ACC_CABLE_001,2026-07-29,303.3155842552453
ACC_CABLE_001,2026-07-30,255.71187822183302
ACC_CABLE_001,2026-07-31,257.10966588259475
ACC_CABLE_001,2026-08-01,433.78511857400275
ACC_CABLE_001,2026-08-02,398.0205820448124
ACC_CABLE_001,2026-08-03,268.5164893576479
ACC_CABLE_001,2026-08-04,286.3163087159825
ACC_CABLE_001,2026-08-05,247.90704251771572
ACC_CABLE_001,2026-08-06,270.32323744955283
ACC_CABLE_001,2026-08-07,304.6168822565238
ACC_CABLE_001,2026-08-08,430.53802858676715
ACC_CABLE_001,2026-08-09,415.22387359334095
ACC_CABLE_001,2026-08-10,257.19899212246696
ACC_CABLE_001,2026-08-11,248.11506576502146
ACC_CABLE_001,2026-08-12,238.93708206536988
ACC_CABLE_001,2026-08-13,299.78386222716597
ACC_CABLE_001,2026-08-14,295.215946402491
ACC_CABLE_001,2026-08-15,393.232118195764
ACC_CABLE_001,2026-08-16,417.55579405329877
ACC_CABLE_001,2026-08-17,266.40523391370334
ACC_CABLE_001,2026-08-18,292.63129571017504
ACC_CABLE_001,2026-08-19,273.30206911872284
ACC_CABLE_001,2026-08-20,263.5955041142525
ACC_CABLE_001,2026-08-21,251.13703986421498
ACC_CABLE_001,2026-08-22,418.5330886365576
ACC_CABLE_001,2026-08-23,401.93916352560836
ACC_CABLE_001,2026-08-24,270.1126441666552
ACC_CABLE_001,2026-08-25,263.05390276916296
ACC_CABLE_001,2026-08-26,255.99844731915545
ACC_CABLE_001,2026-08-27,241.56239920074677
ACC_CABLE_001,2026-08-28,277.84494464175947
ACC_CABLE_002,2026-04-01,272.8621614551827
ACC_CABLE_002,2026-04-02,228.51427440167532
ACC_CABLE_002,2026-04-03,242.05098328205312
ACC_CABLE_002,2026-04-04,345.8063222378965
ACC_CABLE_002,2026-04-05,382.3344597423793
ACC_CABLE_002,2026-04-06,227.46443255850207
ACC_CABLE_002,2026-04-07,195.85096622109185
ACC_CABLE_002,2026-04-08,222.63008625853678
ACC_CABLE_002,2026-04-09,272.0362212631796
ACC_CABLE_002,2026-04-10,247.84877849118308
ACC_CABLE_002,2026-04-11,356.09726593582263
ACC_CABLE_002,2026-04-12,322.4199372252788
ACC_CABLE_002,2026-04-13,209.90245025416468
ACC_CABLE_002,2026-04-14,197.02304010841772
ACC_CABLE_002,2026-04-15,187.21831825395958
ACC_CABLE_002,2026-04-16,247.08291865475238
ACC_CABLE_002,2026-04-17,230.81619389782978
ACC_CABLE_002,2026-04-18,406.49896177740754
ACC_CABLE_002,2026-04-19,343.25352889729385
ACC_CABLE_002,2026-04-20,229.79822278096773
ACC_CABLE_002,2026-04-21,198.35224221534503
ACC_CABLE_002,2026-04-22,216.6463747015263
ACC_CABLE_002,2026-04-23,225.2581038641303
ACC_CABLE_002,2026-04-24,221.9453549306756
ACC_CABLE_002,2026-04-25,368.01537231497196
ACC_CABLE_002,2026-04-26,389.0055370858065
ACC_CABLE_002,2026-04-27,250.5676791898184
ACC_CABLE_002,2026-04-28,213.58610494112753
ACC_CABLE_002,2026-04-29,230.51096143369514
ACC_CABLE_002,2026-04-30,249.37598771157937
ACC_CABLE_002,2026-05-01,255.0112187186498
ACC_CABLE_002,2026-05-02,352.84174325835073
ACC_CABLE_002,2026-05-03,384.0753331239655
ACC_CABLE_002,2026-05-04,239.4670257585608
ACC_CABLE_002,2026-05-05,207.90204712266632
ACC_CABLE_002,2026-05-06,250.4135857506962
ACC_CABLE_002,2026-05-07,235.84003083141704
ACC_CABLE_002,2026-05-08,193.02043323638787
ACC_CABLE_002,2026-05-09,362.22952417185195
ACC_CABLE_002,2026-05-10,369.95476619397897
ACC_CABLE_002,2026-05-11,219.24778433084063
ACC_CABLE_002,2026-05-12,261.03078525881654
ACC_CABLE_002,2026-05-13,262.003434738393
ACC_CABLE_002,2026-05-14,224.7674733926784
ACC_CABLE_002,2026-05-15,222.42648066527005
ACC_CABLE_002,2026-05-16,366.97097291451644
ACC_CABLE_002,2026-05-17,365.5581711561884
ACC_CABLE_002,2026-05-18,220.60020701069635
ACC_CABLE_002,2026-05-19,150.01031696836128
ACC_CABLE_002,2026-05-20,274.18422957611125
ACC_CABLE_002,2026-05-21,234.50948777776384
ACC_CABLE_002,2026-05-22,230.60236045920996
ACC_CABLE_002,2026-05-23,378.3813392521793
ACC_CABLE_002,2026-05-24,369.3326891082762
ACC_CABLE_002,2026-05-25,225.3318303265483
ACC_CABLE_002,2026-05-26,212.42183610890274
ACC_CABLE_002,2026-05-27,193.6634899735477
ACC_CABLE_002,2026-05-28,204.80559829003528
ACC_CABLE_002,2026-05-29,210.35149868567964
ACC_CABLE_002,2026-05-30,386.82593298753005
ACC_CABLE_002,2026-05-31,388.6489454315518
ACC_CABLE_002,2026-06-01,216.1331603286043
ACC_CABLE_002,2026-06-02,175.83505101207115
ACC_CABLE_002,2026-06-03,236.6570403326926
ACC_CABLE_002,2026-06-04,227.03099170453348
ACC_CABLE_002,2026-06-05,226.61984155190703
ACC_CABLE_002,2026-06-06,394.7997806998511
ACC_CABLE_002,2026-06-07,376.3974145982338
ACC_CABLE_002,2026-06-08,215.0361819785942
ACC_CABLE_002,2026-06-09,209.96442412912955
ACC_CABLE_002,2026-06-10,231.53872219644148
ACC_CABLE_002,2026-06-11,217.07443029829514
ACC_CABLE_002,2026-06-12,236.1565739345731
ACC_CABLE_002,2026-06-13,397.4434244079247
ACC_CABLE_002,2026-06-14,342.97893925669257
ACC_CABLE_002,2026-06-15,240.2425931701636
ACC_CABLE_002,2026-06-16,259.17163460659515
ACC_CABLE_002,2026-06-17,236.59354747692893
ACC_CABLE_002,2026-06-18,255.07988631917073
ACC_CABLE_002,2026-06-19,232.328914428979
ACC_CABLE_002,2026-06-20,379.0777974029166
ACC_CABLE_002,2026-06-21,385.35581796416744
ACC_CABLE_002,2026-06-22,226.31554465142685
ACC_CABLE_002,2026-06-23,284.63834559021296
ACC_CABLE_002,2026-06-24,252.71107009353463
ACC_CABLE_002,2026-06-25,269.3277708208741
ACC_CABLE_002,2026-06-26,264.2122435823894
ACC_CABLE_002,2026-06-27,383.6794664127335
ACC_CABLE_002,2026-06-28,407.8574198875677
ACC_CABLE_002,2026-06-29,244.6156639440565
ACC_CABLE_002,2026-06-30,223.93410107194197
ACC_CABLE_002,2026-07-01,240.98639655647926
ACC_CABLE_002,2026-07-02,217.96001108817651
ACC_CABLE_002,2026-07-03,193.24131175190746
ACC_CABLE_002,2026-07-04,357.9472910825602
ACC_CABLE_002,2026-07-05,379.1044107984389
ACC_CABLE_002,2026-07-06,265.50569263057946
ACC_CABLE_002,2026-07-07,222.12971405611677
ACC_CABLE_002,2026-07-08,264.6306876950664
ACC_CABLE_002,2026-07-09,214.3674962221839
ACC_CABLE_002,2026-07-10,221.12684001863448
ACC_CABLE_002,2026-07-11,411.2458548970995
ACC_CABLE_002,2026-07-12,379.5809971531487
ACC_CABLE_002,2026-07-13,238.5087818420386
ACC_CABLE_002,2026-07-14,247.94085577090766
ACC_CABLE_002,2026-07-15,215.36464620870035
ACC_CABLE_002,2026-07-16,235.38974748137423
ACC_CABLE_002,2026-07-17,243.11040828947273
ACC_CABLE_002,2026-07-18,407.35234725127316
ACC_CABLE_002,2026-07-19,341.63153093785826
ACC_CABLE_002,2026-07-20,283.51988015903
ACC_CABLE_002,2026-07-21,240.82049634002152
ACC_CABLE_002,2026-07-22,218.5903731484489
ACC_CABLE_002,2026-07-23,214.6298919437493
ACC_CABLE_002,2026-07-24,250.30048949599546
ACC_CABLE_002,2026-07-25,349.8683448024445
ACC_CABLE_002,2026-07-26,367.88519552638667
ACC_CABLE_002,2026-07-27,238.87720051807398
ACC_CABLE_002,2026-07-28,270.6614392844895
ACC_CABLE_002,2026-07-29,267.9688935252922
ACC_CABLE_002,2026-07-30,230.40407274429964
ACC_CABLE_002,2026-07-31,240.32209203598507
ACC_CABLE_002,2026-08-01,345.28476276601066
ACC_CABLE_002,2026-08-02,335.3625318493676
ACC_CABLE_002,2026-08-03,217.70050943964753
ACC_CABLE_002,2026-08-04,271.2443101020959
ACC_CABLE_002,2026-08-05,263.60783239442713
ACC_CABLE_002,2026-08-06,254.75400316094314
ACC_CABLE_002,2026-08-07,213.1119241537129
ACC_CABLE_002,2026-08-08,366.39532759322105
ACC_CABLE_002,2026-08-09,363.22746266034534
ACC_CABLE_002,2026-08-10,242.88183698691324
ACC_CABLE_002,2026-08-11,241.60048426445098
ACC_CABLE_002,2026-08-12,224.20557935300468
ACC_CABLE_002,2026-08-13,255.02722153929693
ACC_CABLE_002,2026-08-14,252.44708283063622
ACC_CABLE_002,2026-08-15,367.0557156505901
ACC_CABLE_002,2026-08-16,390.6571194900585
ACC_CABLE_002,2026-08-17,273.2212778611028
ACC_CABLE_002,2026-08-18,280.2669796406977
ACC_CABLE_002,2026-08-19,259.1380309550438
ACC_CABLE_002,2026-08-20,258.6207823153924
ACC_CABLE_002,2026-08-21,242.84884665164813
ACC_CABLE_002,2026-08-22,408.02448272864814
ACC_CABLE_002,2026-08-23,360.5030220545869
ACC_CABLE_002,2026-08-24,269.49439825536535
ACC_CABLE_002,2026-08-25,242.37137253409577
ACC_CABLE_002,2026-08-26,282.8942659774793
ACC_CABLE_002,2026-08-27,262.5522854398097
ACC_CABLE_002,2026-08-28,247.80943655464063
ACC_CABLE_003,2026-04-01,536.8270839468141
ACC_CABLE_003,2026-04-02,471.9489299528985
ACC_CABLE_003,2026-04-03,476.06592721990046
ACC_CABLE_003,2026-04-04,677.9548378743593
ACC_CABLE_003,2026-04-05,708.9045281758077
ACC_CABLE_003,2026-04-06,543.4513466273081
ACC_CABLE_003,2026-04-07,388.3441805864094
ACC_CABLE_003,2026-04-08,462.17013096389854
ACC_CABLE_003,2026-04-09,513.2581433207426
ACC_CABLE_003,2026-04-10,484.9480900693258
ACC_CABLE_003,2026-04-11,786.5478969741029
ACC_CABLE_003,2026-04-12,716.6373578128464
ACC_CABLE_003,2026-04-13,469.412278410751
ACC_CABLE_003,2026-04-14,447.7910504574554
ACC_CABLE_003,2026-04-15,466.6205391580555
ACC_CABLE_003,2026-04-16,402.88939721741906
ACC_CABLE_003,2026-04-17,478.34256483441635
ACC_CABLE_003,2026-04-18,721.1263505930272
ACC_CABLE_003,2026-04-19,711.0632780518256
ACC_CABLE_003,2026-04-20,520.8658712276792
ACC_CABLE_003,2026-04-21,432.29650389947943
ACC_CABLE_003,2026-04-22,497.41495172676105
ACC_CABLE_003,2026-04-23,501.9509861320993
ACC_CABLE_003,2026-04-24,482.1795073602189
ACC_CABLE_003,2026-04-25,666.6391045205169
ACC_CABLE_003,2026-04-26,725.1853529128332
ACC_CABLE_003,2026-04-27,531.2687166798992
ACC_CABLE_003,2026-04-28,364.85178912031637
ACC_CABLE_003,2026-04-29,436.92426040153754
ACC_CABLE_003,2026-04-30,496.6078057173676
ACC_CABLE_003,2026-05-01,440.41436154936514
ACC_CABLE_003,2026-05-02,745.9660527285478
ACC_CABLE_003,2026-05-03,772.5453243612213
ACC_CABLE_003,2026-05-04,456.1814770868622
ACC_CABLE_003,2026-05-05,468.54648196972937
ACC_CABLE_003,2026-05-06,450.30150817088685
ACC_CABLE_003,2026-05-07,459.5332393948909
ACC_CABLE_003,2026-05-08,539.2747673789255
ACC_CABLE_003,2026-05-09,708.4798714727835
ACC_CABLE_003,2026-05-10,695.8759069265999
ACC_CABLE_003,2026-05-11,492.9413614997715
ACC_CABLE_003,2026-05-12,409.9771251481369
ACC_CABLE_003,2026-05-13,420.1907837346029
ACC_CABLE_003,2026-05-14,420.6219725366893
ACC_CABLE_003,2026-05-15,436.31593355960047
ACC_CABLE_003,2026-05-16,702.9920035992304
ACC_CABLE_003,2026-05-17,743.3302919042488
ACC_CABLE_003,2026-05-18,432.95185188509237
ACC_CABLE_003,2026-05-19,480.8103389932717
ACC_CABLE_003,2026-05-20,486.46036908352266
ACC_CABLE_003,2026-05-21,419.6801561094129
ACC_CABLE_003,2026-05-22,485.8133354246017
ACC_CABLE_003,2026-05-23,754.5637550984605
ACC_CABLE_003,2026-05-24,635.8927031445792
ACC_CABLE_003,2026-05-25,462.042510021742
ACC_CABLE_003,2026-05-26,426.91740242392973
ACC_CABLE_003,2026-05-27,506.8651656326607
ACC_CABLE_003,2026-05-28,426.7676672294359
ACC_CABLE_003,2026-05-29,390.62879285079947
ACC_CABLE_003,2026-05-30,713.1350783849048
ACC_CABLE_003,2026-05-31,675.0435213892289
ACC_CABLE_003,2026-06-01,487.61671016612087
ACC_CABLE_003,2026-06-02,414.6401887993132
ACC_CABLE_003,2026-06-03,449.677965590797
ACC_CABLE_003,2026-06-04,518.7702398379397
ACC_CABLE_003,2026-06-05,499.19511223964344
ACC_CABLE_003,2026-06-06,736.5727088650426
ACC_CABLE_003,2026-06-07,710.0238228764447
ACC_CABLE_003,2026-06-08,468.085733718909
ACC_CABLE_003,2026-06-09,481.7341923151749
ACC_CABLE_003,2026-06-10,407.99083578219694
ACC_CABLE_003,2026-06-11,489.1939724570413
ACC_CABLE_003,2026-06-12,403.2152922822327
ACC_CABLE_003,2026-06-13,741.7951303340415
ACC_CABLE_003,2026-06-14,667.8861331593608
ACC_CABLE_003,2026-06-15,538.8093143326441
ACC_CABLE_003,2026-06-16,486.0633656597234
ACC_CABLE_003,2026-06-17,383.92928520553943
ACC_CABLE_003,2026-06-18,452.65913578325024
ACC_CABLE_003,2026-06-19,429.8552878558676
ACC_CABLE_003,2026-06-20,689.3880423966418
ACC_CABLE_003,2026-06-21,724.2372655172572
ACC_CABLE_003,2026-06-22,412.37547563961925
ACC_CABLE_003,2026-06-23,487.0306402358136
ACC_CABLE_003,2026-06-24,484.675245236671
ACC_CABLE_003,2026-06-25,469.2478325749415
ACC_CABLE_003,2026-06-26,453.0398502913478
ACC_CABLE_003,2026-06-27,747.7479864101737
ACC_CABLE_003,2026-06-28,753.7001008180391
ACC_CABLE_003,2026-06-29,474.41187219030815
ACC_CABLE_003,2026-06-30,396.64635557775154
ACC_CABLE_003,2026-07-01,419.88217237837677
ACC_CABLE_003,2026-07-02,442.9785133621979
ACC_CABLE_003,2026-07-03,389.86762140482836
ACC_CABLE_003,2026-07-04,729.5785381799205
ACC_CABLE_003,2026-07-05,782.0753296429715
ACC_CABLE_003,2026-07-06,510.599545174098
ACC_CABLE_003,2026-07-07,488.167512950615
ACC_CABLE_003,2026-07-08,487.79209628373553
ACC_CABLE_003,2026-07-09,553.5445329154851
ACC_CABLE_003,2026-07-10,493.2143949990658
ACC_CABLE_003,2026-07-11,761.5705337873661
ACC_CABLE_003,2026-07-12,657.4438619797755
ACC_CABLE_003,2026-07-13,515.2273088311114
ACC_CABLE_003,2026-07-14,474.1737331484753
ACC_CABLE_003,2026-07-15,453.23151036641895
ACC_CABLE_003,2026-07-16,442.45115872859066
ACC_CABLE_003,2026-07-17,432.8569412428863
ACC_CABLE_003,2026-07-18,777.2238603357156
ACC_CABLE_003,2026-07-19,720.6993712197499
ACC_CABLE_003,2026-07-20,434.9349755538221
ACC_CABLE_003,2026-07-21,423.6247859114019
ACC_CABLE_003,2026-07-22,465.323406835812
ACC_CABLE_003,2026-07-23,442.09121204399577
ACC_CABLE_003,2026-07-24,432.17998013476523
ACC_CABLE_003,2026-07-25,661.8969217549518
ACC_CABLE_003,2026-07-26,765.3076595541484
ACC_CABLE_003,2026-07-27,452.4631735526653
ACC_CABLE_003,2026-07-28,410.8409752252407
ACC_CABLE_003,2026-07-29,446.88848616721987
ACC_CABLE_003,2026-07-30,483.2167236680837
ACC_CABLE_003,2026-07-31,460.421882437706
ACC_CABLE_003,2026-08-01,732.3228242766838
ACC_CABLE_003,2026-08-02,725.9263781773727
ACC_CABLE_003,2026-08-03,403.2906602589484
ACC_CABLE_003,2026-08-04,501.57922675792173
ACC_CABLE_003,2026-08-05,384.56634432715674
ACC_CABLE_003,2026-08-06,480.40376294036463
ACC_CABLE_003,2026-08-07,487.3466776379491
ACC_CABLE_003,2026-08-08,715.2548926633381
ACC_CABLE_003,2026-08-09,740.6859332998251
ACC_CABLE_003,2026-08-10,448.4283258065062
ACC_CABLE_003,2026-08-11,476.91833845631817
ACC_CABLE_003,2026-08-12,504.7378841691837
ACC_CABLE_003,2026-08-13,426.1672245964067
ACC_CABLE_003,2026-08-14,490.97185027979657
ACC_CABLE_003,2026-08-15,800.6347519053157
ACC_CABLE_003,2026-08-16,737.8173280777653
ACC_CABLE_003,2026-08-17,439.5131037030157
ACC_CABLE_003,2026-08-18,561.6585682036722
ACC_CABLE_003,2026-08-19,465.9119451418738
ACC_CABLE_003,2026-08-20,472.3604687577069
ACC_CABLE_003,2026-08-21,473.4297026404321
ACC_CABLE_003,2026-08-22,746.8007727471283
ACC_CABLE_003,2026-08-23,712.2556149056998
ACC_CABLE_003,2026-08-24,471.12859695705396
ACC_CABLE_003,2026-08-25,504.8913030855615
ACC_CABLE_003,2026-08-26,446.58301496354727
ACC_CABLE_003,2026-08-27,444.6782656087127
ACC_CABLE_003,2026-08-28,450.4690746318325
ACC_CABLE_004,2026-04-01,209.97997920368266
ACC_CABLE_004,2026-04-02,233.40659554404797
ACC_CABLE_004,2026-04-03,213.13726940981533
ACC_CABLE_004,2026-04-04,330.649422083991
ACC_CABLE_004,2026-04-05,343.3290676518821
ACC_CABLE_004,2026-04-06,212.5148233900472
ACC_CABLE_004,2026-04-07,170.29362213879676
ACC_CABLE_004,2026-04-08,225.68194200340236
ACC_CABLE_004,2026-04-09,219.75662723888928
ACC_CABLE_004,2026-04-10,211.68960777786066
ACC_CABLE_004,2026-04-11,359.8094907151813
ACC_CABLE_004,2026-04-12,363.12298664925413
ACC_CABLE_004,2026-04-13,228.5741418909446
ACC_CABLE_004,2026-04-14,194.09368286325378
ACC_CABLE_004,2026-04-15,194.97006667683382
ACC_CABLE_004,2026-04-16,235.71404634004165
ACC_CABLE_004,2026-04-17,172.9782975341508
ACC_CABLE_004,2026-04-18,335.4242021815956
ACC_CABLE_004,2026-04-19,347.9363419476527
ACC_CABLE_004,2026-04-20,176.0914375556024
ACC_CABLE_004,2026-04-21,217.92120801585628
ACC_CABLE_004,2026-04-22,233.193010608305
ACC_CABLE_004,2026-04-23,182.102902527827
ACC_CABLE_004,2026-04-24,248.27157434057733
ACC_CABLE_004,2026-04-25,318.3935684019229
ACC_CABLE_004,2026-04-26,351.8194611760176
ACC_CABLE_004,2026-04-27,212.14447500446872
ACC_CABLE_004,2026-04-28,215.5098280977095
ACC_CABLE_004,2026-04-29,187.2466021508427
ACC_CABLE_004,2026-04-30,240.81993220941422
ACC_CABLE_004,2026-05-01,221.3435527303549
ACC_CABLE_004,2026-05-02,374.68764371496627
ACC_CABLE_004,2026-05-03,314.39423836784044
ACC_CABLE_004,2026-05-04,211.14407268854742
ACC_CABLE_004,2026-05-05,219.50011403374634
ACC_CABLE_004,2026-05-06,216.51804609319342
ACC_CABLE_004,2026-05-07,229.40249223812083
ACC_CABLE_004,2026-05-08,211.4777106195986
ACC_CABLE_004,2026-05-09,386.2625469723144
ACC_CABLE_004,2026-05-10,342.68668876595177
ACC_CABLE_004,2026-05-11,155.43275684899098
ACC_CABLE_004,2026-05-12,217.91822117512683
ACC_CABLE_004,2026-05-13,242.79074368218986
ACC_CABLE_004,2026-05-14,197.06057186113878
ACC_CABLE_004,2026-05-15,195.87814102740404
ACC_CABLE_004,2026-05-16,325.1018161668686
ACC_CABLE_004,2026-05-17,320.2939869904803
ACC_CABLE_004,2026-05-18,206.98256401217412
ACC_CABLE_004,2026-05-19,236.2952417533336
ACC_CABLE_004,2026-05-20,249.40298729666657
ACC_CABLE_004,2026-05-21,166.5907431973188
ACC_CABLE_004,2026-05-22,209.7024522748734
ACC_CABLE_004,2026-05-23,350.15665788191137
ACC_CABLE_004,2026-05-24,348.206245631089
ACC_CABLE_004,2026-05-25,257.9987329990807
ACC_CABLE_004,2026-05-26,176.02542789877657
ACC_CABLE_004,2026-05-27,164.02965737154153
ACC_CABLE_004,2026-05-28,261.8564630048034
ACC_CABLE_004,2026-05-29,234.52210755819405
ACC_CABLE_004,2026-05-30,332.8511966739889
ACC_CABLE_004,2026-05-31,348.6035742344271
ACC_CABLE_004,2026-06-01,224.2575700737824
ACC_CABLE_004,2026-06-02,206.79406340294446
ACC_CABLE_004,2026-06-03,222.4273457845201
ACC_CABLE_004,2026-06-04,227.0510808678625
ACC_CABLE_004,2026-06-05,262.07613548861934
ACC_CABLE_004,2026-06-06,366.13247566799635
ACC_CABLE_004,2026-06-07,382.57578594508357
ACC_CABLE_004,2026-06-08,191.9849988428692
ACC_CABLE_004,2026-06-09,213.05885754802497
ACC_CABLE_004,2026-06-10,225.58718666256414
ACC_CABLE_004,2026-06-11,180.30688418420777
ACC_CABLE_004,2026-06-12,245.6190461002949
ACC_CABLE_004,2026-06-13,360.4364052185365
ACC_CABLE_004,2026-06-14,339.38967108096887
ACC_CABLE_004,2026-06-15,217.3999787864835
ACC_CABLE_004,2026-06-16,247.73120466529872
ACC_CABLE_004,2026-06-17,204.84580309962374
ACC_CABLE_004,2026-06-18,248.877892342908
ACC_CABLE_004,2026-06-19,216.55718653168796
ACC_CABLE_004,2026-06-20,363.87591710831526
ACC_CABLE_004,2026-06-21,349.97204831715874
ACC_CABLE_004,2026-06-22,269.1970707796749
ACC_CABLE_004,2026-06-23,203.81475980774195
ACC_CABLE_004,2026-06-24,210.56106492588438
ACC_CABLE_004,2026-06-25,191.12136496853455
ACC_CABLE_004,2026-06-26,199.86809949238426
ACC_CABLE_004,2026-06-27,364.0256902615848
ACC_CABLE_004,2026-06-28,382.8034364161663
ACC_CABLE_004,2026-06-29,240.70609827756581
ACC_CABLE_004,2026-06-30,223.3867785057358
ACC_CABLE_004,2026-07-01,204.88409546522288
ACC_CABLE_004,2026-07-02,242.66679210417016
ACC_CABLE_004,2026-07-03,204.0293599910974
ACC_CABLE_004,2026-07-04,321.7720135795791
ACC_CABLE_004,2026-07-05,343.77214400259203
ACC_CABLE_004,2026-07-06,181.6872470453416
ACC_CABLE_004,2026-07-07,195.54091763440277
ACC_CABLE_004,2026-07-08,264.3057970535392
ACC_CABLE_004,2026-07-09,191.94702308637355
ACC_CABLE_004,2026-07-10,200.04888399803795
ACC_CABLE_004,2026-07-11,352.6584910618399
ACC_CABLE_004,2026-07-12,353.90198148063035
ACC_CABLE_004,2026-07-13,220.52288975504405
ACC_CABLE_004,2026-07-14,183.52915127328657
ACC_CABLE_004,2026-07-15,243.56827588039357
ACC_CABLE_004,2026-07-16,216.59587860508208
ACC_CABLE_004,2026-07-17,251.67943996567294
ACC_CABLE_004,2026-07-18,338.6588299478942
ACC_CABLE_004,2026-07-19,372.98238112195213
ACC_CABLE_004,2026-07-20,253.71775243066813
ACC_CABLE_004,2026-07-21,216.84421220916977
ACC_CABLE_004,2026-07-22,245.2894540762186
ACC_CABLE_004,2026-07-23,199.05056175955565
ACC_CABLE_004,2026-07-24,232.63747922845937
ACC_CABLE_004,2026-07-25,378.91678187545165
ACC_CABLE_004,2026-07-26,364.28834976524655
ACC_CABLE_004,2026-07-27,278.080702379918
ACC_CABLE_004,2026-07-28,239.76151783811426
ACC_CABLE_004,2026-07-29,220.17930369524248
ACC_CABLE_004,2026-07-30,287.65861425303143
ACC_CABLE_004,2026-07-31,262.45772136429855
ACC_CABLE_004,2026-08-01,320.6389412022337
ACC_CABLE_004,2026-08-02,337.98256429650536
ACC_CABLE_004,2026-08-03,206.79867975213222
ACC_CABLE_004,2026-08-04,242.30822169469016
ACC_CABLE_004,2026-08-05,240.89431877315258
ACC_CABLE_004,2026-08-06,240.8824905803055
ACC_CABLE_004,2026-08-07,194.97190135052202
ACC_CABLE_004,2026-08-08,341.95007752129396
ACC_CABLE_004,2026-08-09,352.3650096508035
ACC_CABLE_004,2026-08-10,191.38966846426484
ACC_CABLE_004,2026-08-11,211.4916169022843
ACC_CABLE_004,2026-08-12,258.43510791348035
ACC_CABLE_004,2026-08-13,197.46440404263865
ACC_CABLE_004,2026-08-14,260.8104703680881
ACC_CABLE_004,2026-08-15,379.3141309432455
ACC_CABLE_004,2026-08-16,350.4445183841059
ACC_CABLE_004,2026-08-17,217.07366701327862
ACC_CABLE_004,2026-08-18,248.31838006505131
ACC_CABLE_004,2026-08-19,214.45745662119174
ACC_CABLE_004,2026-08-20,215.65204305113141
ACC_CABLE_004,2026-08-21,230.7987635159007
ACC_CABLE_004,2026-08-22,312.71509448847473
ACC_CABLE_004,2026-08-23,327.1505124335642
ACC_CABLE_004,2026-08-24,225.12111377096886
ACC_CABLE_004,2026-08-25,241.88961667646458
ACC_CABLE_004,2026-08-26,215.21694730034775
ACC_CABLE_004,2026-08-27,228.05017996154464
ACC_CABLE_004,2026-08-28,198.46735242910972
ACC_CABLE_005,2026-04-01,409.5315383009848
ACC_CABLE_005,2026-04-02,473.0897921179537
ACC_CABLE_005,2026-04-03,387.4054928786156
ACC_CABLE_005,2026-04-04,681.9848295388622
ACC_CABLE_005,2026-04-05,646.5533785490859
ACC_CABLE_005,2026-04-06,410.7909893624725
ACC_CABLE_005,2026-04-07,358.32726497542086
ACC_CABLE_005,2026-04-08,412.76534055250977
ACC_CABLE_005,2026-04-09,414.0450035102111
ACC_CABLE_005,2026-04-10,445.0961224439028
ACC_CABLE_005,2026-04-11,684.5001264480511
ACC_CABLE_005,2026-04-12,624.7976915395188
ACC_CABLE_005,2026-04-13,468.44474607423314
ACC_CABLE_005,2026-04-14,431.803757993346
ACC_CABLE_005,2026-04-15,431.45236707317224
ACC_CABLE_005,2026-04-16,422.86342292248565
ACC_CABLE_005,2026-04-17,401.60241147194455
ACC_CABLE_005,2026-04-18,685.3194785034214
ACC_CABLE_005,2026-04-19,696.3222731525934
ACC_CABLE_005,2026-04-20,350.30569139435215
ACC_CABLE_005,2026-04-21,401.3181687477294
ACC_CABLE_005,2026-04-22,413.41673254600886
ACC_CABLE_005,2026-04-23,435.0847824997291
ACC_CABLE_005,2026-04-24,474.688393349532
ACC_CABLE_005,2026-04-25,644.7097117054755
ACC_CABLE_005,2026-04-26,656.3858062489688
ACC_CABLE_005,2026-04-27,403.32231394178024
ACC_CABLE_005,2026-04-28,391.30568845659883
ACC_CABLE_005,2026-04-29,410.5834485557737
ACC_CABLE_005,2026-04-30,457.80077346149363
ACC_CABLE_005,2026-05-01,381.13352564516106
ACC_CABLE_005,2026-05-02,696.2609860359372
ACC_CABLE_005,2026-05-03,606.7499161162281
ACC_CABLE_005,2026-05-04,402.3176703497831
ACC_CABLE_005,2026-05-05,412.22850046082283
ACC_CABLE_005,2026-05-06,496.76159222968215
ACC_CABLE_005,2026-05-07,414.8308229699118
ACC_CABLE_005,2026-05-08,333.8776497677163
ACC_CABLE_005,2026-05-09,595.1467770211415
ACC_CABLE_005,2026-05-10,680.8826455851953
ACC_CABLE_005,2026-05-11,452.8397530287551
ACC_CABLE_005,2026-05-12,442.9566916061073
ACC_CABLE_005,2026-05-13,434.3547014542217
ACC_CABLE_005,2026-05-14,476.38112905498855
ACC_CABLE_005,2026-05-15,404.8832096069668
ACC_CABLE_005,2026-05-16,718.0257344087294
ACC_CABLE_005,2026-05-17,611.7921733403879
ACC_CABLE_005,2026-05-18,389.9516962333074
ACC_CABLE_005,2026-05-19,352.1235572733705
ACC_CABLE_005,2026-05-20,416.7790128418018
ACC_CABLE_005,2026-05-21,426.552402753087
ACC_CABLE_005,2026-05-22,433.45367282273645
ACC_CABLE_005,2026-05-23,684.0052891565483
ACC_CABLE_005,2026-05-24,642.5000047728263
ACC_CABLE_005,2026-05-25,421.09086045020365
ACC_CABLE_005,2026-05-26,366.207495251698
ACC_CABLE_005,2026-05-27,486.79193985306773
ACC_CABLE_005,2026-05-28,416.76734233099415
ACC_CABLE_005,2026-05-29,409.1178943882606
ACC_CABLE_005,2026-05-30,749.3443878274959
ACC_CABLE_005,2026-05-31,630.3014209375775
ACC_CABLE_005,2026-06-01,382.76278249925406
ACC_CABLE_005,2026-06-02,384.14912432303345
ACC_CABLE_005,2026-06-03,427.5926148304518
ACC_CABLE_005,2026-06-04,448.77169160774287
ACC_CABLE_005,2026-06-05,461.8903372077608
ACC_CABLE_005,2026-06-06,791.7810028665382
ACC_CABLE_005,2026-06-07,588.9488936781478
ACC_CABLE_005,2026-06-08,456.82776830213794
ACC_CABLE_005,2026-06-09,407.8948028947091
ACC_CABLE_005,2026-06-10,406.81192223178266
ACC_CABLE_005,2026-06-11,405.55759340051173
ACC_CABLE_005,2026-06-12,393.5407968589843
ACC_CABLE_005,2026-06-13,755.4684955368054
ACC_CABLE_005,2026-06-14,720.1607174672854
ACC_CABLE_005,2026-06-15,433.22655069726545
ACC_CABLE_005,2026-06-16,489.2777631797027
ACC_CABLE_005,2026-06-17,368.87253056091737
ACC_CABLE_005,2026-06-18,376.677313970968
ACC_CABLE_005,2026-06-19,341.15755847460366
ACC_CABLE_005,2026-06-20,656.1546478608096
ACC_CABLE_005,2026-06-21,692.5575079742702
ACC_CABLE_005,2026-06-22,437.6303461309513
ACC_CABLE_005,2026-06-23,439.73729445562094
ACC_CABLE_005,2026-06-24,374.19450741211796
ACC_CABLE_005,2026-06-25,467.56281466405034
ACC_CABLE_005,2026-06-26,443.9883185178618
ACC_CABLE_005,2026-06-27,717.5115852497186
ACC_CABLE_005,2026-06-28,607.1147123234589
ACC_CABLE_005,2026-06-29,447.46376515538697
ACC_CABLE_005,2026-06-30,384.4950833994721
ACC_CABLE_005,2026-07-01,417.92269106758766
ACC_CABLE_005,2026-07-02,457.29676223259173
ACC_CABLE_005,2026-07-03,438.78504082337395
ACC_CABLE_005,2026-07-04,651.8501668512907
ACC_CABLE_005,2026-07-05,688.114099875364
ACC_CABLE_005,2026-07-06,370.9223632282426
ACC_CABLE_005,2026-07-07,483.9762573673183
ACC_CABLE_005,2026-07-08,427.05754277920784
ACC_CABLE_005,2026-07-09,482.9409526531492
ACC_CABLE_005,2026-07-10,413.8330159732566
ACC_CABLE_005,2026-07-11,666.7074508880828
ACC_CABLE_005,2026-07-12,656.7277362825466
ACC_CABLE_005,2026-07-13,473.33692252427846
ACC_CABLE_005,2026-07-14,406.7329482764712
ACC_CABLE_005,2026-07-15,463.88746770467895
ACC_CABLE_005,2026-07-16,420.7987540581229
ACC_CABLE_005,2026-07-17,353.8619450745628
ACC_CABLE_005,2026-07-18,665.7897777461899
ACC_CABLE_005,2026-07-19,640.3095441753242
ACC_CABLE_005,2026-07-20,438.9273046670264
ACC_CABLE_005,2026-07-21,387.5338343281039
ACC_CABLE_005,2026-07-22,476.7835517400854
ACC_CABLE_005,2026-07-23,434.11570627913756
ACC_CABLE_005,2026-07-24,430.6232086206571
ACC_CABLE_005,2026-07-25,718.4630590008572
ACC_CABLE_005,2026-07-26,731.5804819245939
ACC_CABLE_005,2026-07-27,437.70384255049765
ACC_CABLE_005,2026-07-28,406.23246738897484
ACC_CABLE_005,2026-07-29,364.16587916167936
ACC_CABLE_005,2026-07-30,410.1173052288189
ACC_CABLE_005,2026-07-31,413.1653644161208
ACC_CABLE_005,2026-08-01,696.4071187709757
ACC_CABLE_005,2026-08-02,677.5193163040891
ACC_CABLE_005,2026-08-03,468.5619781233651
ACC_CABLE_005,2026-08-04,413.94340427950397
ACC_CABLE_005,2026-08-05,437.4985668754911
ACC_CABLE_005,2026-08-06,489.89587135858903
ACC_CABLE_005,2026-08-07,454.5908415075041
ACC_CABLE_005,2026-08-08,690.4224194949114
ACC_CABLE_005,2026-08-09,667.7581389945291
ACC_CABLE_005,2026-08-10,413.99095819829944
ACC_CABLE_005,2026-08-11,404.989182050723
ACC_CABLE_005,2026-08-12,418.1736109505399
ACC_CABLE_005,2026-08-13,472.91353181113567
ACC_CABLE_005,2026-08-14,431.9085037785955
ACC_CABLE_005,2026-08-15,637.1745537790501
ACC_CABLE_005,2026-08-16,768.5899272378168
ACC_CABLE_005,2026-08-17,455.17053454721133
ACC_CABLE_005,2026-08-18,382.6176828383956
ACC_CABLE_005,2026-08-19,423.3981601631613
ACC_CABLE_005,2026-08-20,446.81831671707636
ACC_CABLE_005,2026-08-21,514.0633271278195
ACC_CABLE_005,2026-08-22,648.3984655073017
ACC_CABLE_005,2026-08-23,736.2913142848854
ACC_CABLE_005,2026-08-24,501.66837857553566
ACC_CABLE_005,2026-08-25,416.43365375636057
ACC_CABLE_005,2026-08-26,431.36667664598417
ACC_CABLE_005,2026-08-27,399.57138068556424
ACC_CABLE_005,2026-08-28,434.7842859605192
ACC_CABLE_006,2026-04-01,337.7704623782978
ACC_CABLE_006,2026-04-02,357.4711023564467
ACC_CABLE_006,2026-04-03,289.62803246022355
ACC_CABLE_006,2026-04-04,618.233755996835
ACC_CABLE_006,2026-04-05,547.8413171617472
ACC_CABLE_006,2026-04-06,398.80692367683343
ACC_CABLE_006,2026-04-07,395.17308473174285
ACC_CABLE_006,2026-04-08,445.61757331636005
ACC_CABLE_006,2026-04-09,384.5739207551236
ACC_CABLE_006,2026-04-10,348.5308815244761
ACC_CABLE_006,2026-04-11,593.8304265598953
ACC_CABLE_006,2026-04-12,550.3168974781709
ACC_CABLE_006,2026-04-13,373.2897663903207
ACC_CABLE_006,2026-04-14,354.7175098004746
ACC_CABLE_006,2026-04-15,359.56781581181264
ACC_CABLE_006,2026-04-16,329.9088064346077
ACC_CABLE_006,2026-04-17,373.21605815145995
ACC_CABLE_006,2026-04-18,608.2222809246985
ACC_CABLE_006,2026-04-19,519.2245153918178
ACC_CABLE_006,2026-04-20,338.0606644824551
ACC_CABLE_006,2026-04-21,369.04969809048976
ACC_CABLE_006,2026-04-22,278.6466009163171
ACC_CABLE_006,2026-04-23,425.9495196136651
ACC_CABLE_006,2026-04-24,337.85001067609
ACC_CABLE_006,2026-04-25,545.8288493246966
ACC_CABLE_006,2026-04-26,572.2856780547556
ACC_CABLE_006,2026-04-27,368.845422196736
ACC_CABLE_006,2026-04-28,336.8169756737159
ACC_CABLE_006,2026-04-29,399.4948919756014
ACC_CABLE_006,2026-04-30,378.73943541988405
ACC_CABLE_006,2026-05-01,334.3592918302072
ACC_CABLE_006,2026-05-02,561.8434157907946
ACC_CABLE_006,2026-05-03,526.1962909299484
ACC_CABLE_006,2026-05-04,319.82972776074587
ACC_CABLE_006,2026-05-05,379.053539815645
ACC_CABLE_006,2026-05-06,335.4828759814862
ACC_CABLE_006,2026-05-07,430.3542403097673
ACC_CABLE_006,2026-05-08,368.1032352111291
ACC_CABLE_006,2026-05-09,532.9983566962562
ACC_CABLE_006,2026-05-10,540.6894977015678
ACC_CABLE_006,2026-05-11,403.9069090085314
ACC_CABLE_006,2026-05-12,363.3955103060733
ACC_CABLE_006,2026-05-13,402.0118137560749
ACC_CABLE_006,2026-05-14,353.2564327171896
ACC_CABLE_006,2026-05-15,346.43164466987366
ACC_CABLE_006,2026-05-16,623.0501053572378
ACC_CABLE_006,2026-05-17,551.9912144269706
ACC_CABLE_006,2026-05-18,384.655948801333
ACC_CABLE_006,2026-05-19,359.57579002555076
ACC_CABLE_006,2026-05-20,398.9840428815279
ACC_CABLE_006,2026-05-21,432.9654235512888
ACC_CABLE_006,2026-05-22,353.53160340476364
ACC_CABLE_006,2026-05-23,564.1028830033275
ACC_CABLE_006,2026-05-24,607.9191020053448
ACC_CABLE_006,2026-05-25,329.14787057268956
ACC_CABLE_006,2026-05-26,426.4427564826013
ACC_CABLE_006,2026-05-27,420.45681180203303
ACC_CABLE_006,2026-05-28,332.5816929902245
ACC_CABLE_006,2026-05-29,311.70750650135136
ACC_CABLE_006,2026-05-30,543.0692224971762
ACC_CABLE_006,2026-05-31,543.7666929614718
ACC_CABLE_006,2026-06-01,398.01338031677915
ACC_CABLE_006,2026-06-02,425.0701313680585
ACC_CABLE_006,2026-06-03,397.89454365427764
ACC_CABLE_006,2026-06-04,361.09708020180756
ACC_CABLE_006,2026-06-05,382.0799448087749
ACC_CABLE_006,2026-06-06,554.5879908190187
ACC_CABLE_006,2026-06-07,625.5494896403123
ACC_CABLE_006,2026-06-08,385.7530418393712
ACC_CABLE_006,2026-06-09,398.1851201525927
ACC_CABLE_006,2026-06-10,344.3087147330481
ACC_CABLE_006,2026-06-11,364.5805012727287
ACC_CABLE_006,2026-06-12,396.9026330393233
ACC_CABLE_006,2026-06-13,638.9164643828502
ACC_CABLE_006,2026-06-14,565.208408659851
ACC_CABLE_006,2026-06-15,399.3462686581495
ACC_CABLE_006,2026-06-16,345.76541532202975
ACC_CABLE_006,2026-06-17,447.7689758217579
ACC_CABLE_006,2026-06-18,356.76631050218896
ACC_CABLE_006,2026-06-19,395.01618626587606
ACC_CABLE_006,2026-06-20,593.9619461484108
ACC_CABLE_006,2026-06-21,681.9409123689777
ACC_CABLE_006,2026-06-22,380.5764578888843
ACC_CABLE_006,2026-06-23,353.9079831723554
ACC_CABLE_006,2026-06-24,395.6222344540703
ACC_CABLE_006,2026-06-25,394.9706712039134
ACC_CABLE_006,2026-06-26,367.2310849046781
ACC_CABLE_006,2026-06-27,549.638428887788
ACC_CABLE_006,2026-06-28,570.1920409899473
ACC_CABLE_006,2026-06-29,405.08396213321714
ACC_CABLE_006,2026-06-30,310.59183793557736
ACC_CABLE_006,2026-07-01,364.72034762211433
ACC_CABLE_006,2026-07-02,409.6151011854042
ACC_CABLE_006,2026-07-03,370.58413611599826
ACC_CABLE_006,2026-07-04,668.3535650238988
ACC_CABLE_006,2026-07-05,527.4425913492485
ACC_CABLE_006,2026-07-06,339.79075671890035
ACC_CABLE_006,2026-07-07,291.22318311889967
ACC_CABLE_006,2026-07-08,446.47286040283075
ACC_CABLE_006,2026-07-09,340.8304625729413
ACC_CABLE_006,2026-07-10,303.47083277778
ACC_CABLE_006,2026-07-11,569.1209046806844
ACC_CABLE_006,2026-07-12,541.1588721052151
ACC_CABLE_006,2026-07-13,353.6777439490055
ACC_CABLE_006,2026-07-14,377.08425303401657
ACC_CABLE_006,2026-07-15,404.72715974569564
ACC_CABLE_006,2026-07-16,369.6119181560062
ACC_CABLE_006,2026-07-17,376.96046517604833
ACC_CABLE_006,2026-07-18,571.2625719694754
ACC_CABLE_006,2026-07-19,537.9288638190123
ACC_CABLE_006,2026-07-20,310.02455125322757
ACC_CABLE_006,2026-07-21,363.52851190789096
ACC_CABLE_006,2026-07-22,379.8470320275557
ACC_CABLE_006,2026-07-23,361.15987723585494
ACC_CABLE_006,2026-07-24,311.9642282569917
ACC_CABLE_006,2026-07-25,600.5004033576541
ACC_CABLE_006,2026-07-26,652.0549757845553
ACC_CABLE_006,2026-07-27,373.42272551359866
ACC_CABLE_006,2026-07-28,356.836899207261
ACC_CABLE_006,2026-07-29,375.6722145512333
ACC_CABLE_006,2026-07-30,338.2423255957277
ACC_CABLE_006,2026-07-31,336.0696313453386
ACC_CABLE_006,2026-08-01,610.5509071714068
ACC_CABLE_006,2026-08-02,630.101575045164
ACC_CABLE_006,2026-08-03,373.3044593210009
ACC_CABLE_006,2026-08-04,307.6944582858324
ACC_CABLE_006,2026-08-05,391.620561355287
ACC_CABLE_006,2026-08-06,453.47575813214814
ACC_CABLE_006,2026-08-07,370.41966611586173
ACC_CABLE_006,2026-08-08,588.9475520854768
ACC_CABLE_006,2026-08-09,564.0851929158982
ACC_CABLE_006,2026-08-10,396.97874392416276
ACC_CABLE_006,2026-08-11,355.64459527819395
ACC_CABLE_006,2026-08-12,416.7240683160694
ACC_CABLE_006,2026-08-13,356.4271003265344
ACC_CABLE_006,2026-08-14,392.5544928522827
ACC_CABLE_006,2026-08-15,594.7316071418558
ACC_CABLE_006,2026-08-16,652.5340182951347
ACC_CABLE_006,2026-08-17,395.4412579031297
ACC_CABLE_006,2026-08-18,430.78226348849716
ACC_CABLE_006,2026-08-19,384.910446027978
ACC_CABLE_006,2026-08-20,375.0033491814858
ACC_CABLE_006,2026-08-21,379.92513229673193
ACC_CABLE_006,2026-08-22,569.6792687504211
ACC_CABLE_006,2026-08-23,616.7400762133394
ACC_CABLE_006,2026-08-24,356.8970997310745
ACC_CABLE_006,2026-08-25,385.94866949464256
ACC_CABLE_006,2026-08-26,412.83727079270085
ACC_CABLE_006,2026-08-27,439.2077607519698
ACC_CABLE_006,2026-08-28,388.2129630191397
ACC_CABLE_007,2026-04-01,249.38764035031247
ACC_CABLE_007,2026-04-02,244.50522731480208
ACC_CABLE_007,2026-04-03,270.2772749257486
ACC_CABLE_007,2026-04-04,402.57312056045464
ACC_CABLE_007,2026-04-05,384.85805671779366
ACC_CABLE_007,2026-04-06,224.70331975966553
ACC_CABLE_007,2026-04-07,240.70970829041642
ACC_CABLE_007,2026-04-08,233.4411836399036
ACC_CABLE_007,2026-04-09,258.6048420310925
ACC_CABLE_007,2026-04-10,255.766440014118
ACC_CABLE_007,2026-04-11,370.53423707411326
ACC_CABLE_007,2026-04-12,343.29314617406834
ACC_CABLE_007,2026-04-13,268.13460155518
ACC_CABLE_007,2026-04-14,250.6240379853453
ACC_CABLE_007,2026-04-15,229.59198334154226
ACC_CABLE_007,2026-04-16,250.00752368043626
ACC_CABLE_007,2026-04-17,239.15924069687568
ACC_CABLE_007,2026-04-18,409.5375212661576
ACC_CABLE_007,2026-04-19,333.3501645525819
ACC_CABLE_007,2026-04-20,228.51601228693434
ACC_CABLE_007,2026-04-21,275.57778111374915
ACC_CABLE_007,2026-04-22,251.38516248148184
ACC_CABLE_007,2026-04-23,279.9562567053839
ACC_CABLE_007,2026-04-24,209.7375333106586
ACC_CABLE_007,2026-04-25,404.79662282455445
ACC_CABLE_007,2026-04-26,403.53727395116505
ACC_CABLE_007,2026-04-27,199.37937941977242
ACC_CABLE_007,2026-04-28,232.10569619597254
ACC_CABLE_007,2026-04-29,236.69656602793904
ACC_CABLE_007,2026-04-30,201.29043332396597
ACC_CABLE_007,2026-05-01,233.0468453267697
ACC_CABLE_007,2026-05-02,401.1698038082972
ACC_CABLE_007,2026-05-03,371.6133081011686
ACC_CABLE_007,2026-05-04,245.64012915833962
ACC_CABLE_007,2026-05-05,245.9602016440998
ACC_CABLE_007,2026-05-06,239.964629838239
ACC_CABLE_007,2026-05-07,223.82822243540244
ACC_CABLE_007,2026-05-08,256.0321284097716
ACC_CABLE_007,2026-05-09,344.40470660413916
ACC_CABLE_007,2026-05-10,382.0518212549423
ACC_CABLE_007,2026-05-11,273.5589290021751
ACC_CABLE_007,2026-05-12,230.63672862873145
ACC_CABLE_007,2026-05-13,224.2079512946965
ACC_CABLE_007,2026-05-14,258.49962926122134
ACC_CABLE_007,2026-05-15,245.4406463737976
ACC_CABLE_007,2026-05-16,400.2680111283379
ACC_CABLE_007,2026-05-17,383.8047144138389
ACC_CABLE_007,2026-05-18,185.9251274073473
ACC_CABLE_007,2026-05-19,269.9279651450039
ACC_CABLE_007,2026-05-20,290.99561998823947
ACC_CABLE_007,2026-05-21,272.67496366065274
ACC_CABLE_007,2026-05-22,159.48684346086065
ACC_CABLE_007,2026-05-23,394.4005729938808
ACC_CABLE_007,2026-05-24,372.9814734514864
ACC_CABLE_007,2026-05-25,217.62027179012483
ACC_CABLE_007,2026-05-26,246.1342057984994
ACC_CABLE_007,2026-05-27,239.89973856985657
ACC_CABLE_007,2026-05-28,255.50345840057628
ACC_CABLE_007,2026-05-29,245.02963444867817
ACC_CABLE_007,2026-05-30,358.51091548810905
ACC_CABLE_007,2026-05-31,371.4498582465402
ACC_CABLE_007,2026-06-01,226.80797392636214
ACC_CABLE_007,2026-06-02,203.96264534650552
ACC_CABLE_007,2026-06-03,212.21635086708372
ACC_CABLE_007,2026-06-04,239.63988625769792
ACC_CABLE_007,2026-06-05,278.20822076972104
ACC_CABLE_007,2026-06-06,373.3144086270783
ACC_CABLE_007,2026-06-07,368.25037679330944
ACC_CABLE_007,2026-06-08,217.43976004318858
ACC_CABLE_007,2026-06-09,246.06760763239075
ACC_CABLE_007,2026-06-10,273.212594363338
ACC_CABLE_007,2026-06-11,292.7130450106019
ACC_CABLE_007,2026-06-12,252.50688535295964
ACC_CABLE_007,2026-06-13,390.2398529519562
ACC_CABLE_007,2026-06-14,374.32838197954175
ACC_CABLE_007,2026-06-15,237.40068439496125
ACC_CABLE_007,2026-06-16,261.18561463969155
ACC_CABLE_007,2026-06-17,239.15042969651765
ACC_CABLE_007,2026-06-18,242.88636249156576
ACC_CABLE_007,2026-06-19,246.254339043365
ACC_CABLE_007,2026-06-20,374.11553939367434
ACC_CABLE_007,2026-06-21,386.3879874116775
ACC_CABLE_007,2026-06-22,199.84395597341617
ACC_CABLE_007,2026-06-23,260.34764325093386
ACC_CABLE_007,2026-06-24,302.8666382158433
ACC_CABLE_007,2026-06-25,234.77697504366793
ACC_CABLE_007,2026-06-26,256.68517290753925
ACC_CABLE_007,2026-06-27,409.0620435257853
ACC_CABLE_007,2026-06-28,419.2850589088603
ACC_CABLE_007,2026-06-29,242.1384450146058
ACC_CABLE_007,2026-06-30,206.1220445383151
ACC_CABLE_007,2026-07-01,254.92995084494592
ACC_CABLE_007,2026-07-02,251.82277423037905
ACC_CABLE_007,2026-07-03,240.82684019511393
ACC_CABLE_007,2026-07-04,386.962465112218
ACC_CABLE_007,2026-07-05,393.6264904579167
ACC_CABLE_007,2026-07-06,257.90140681444046
ACC_CABLE_007,2026-07-07,257.0655281906381
ACC_CABLE_007,2026-07-08,244.58438700172346
ACC_CABLE_007,2026-07-09,258.88055262216983
ACC_CABLE_007,2026-07-10,243.30177506554074
ACC_CABLE_007,2026-07-11,406.23759928608
ACC_CABLE_007,2026-07-12,376.55509336630223
ACC_CABLE_007,2026-07-13,252.1668675155147
ACC_CABLE_007,2026-07-14,212.4421433202451
ACC_CABLE_007,2026-07-15,242.05710396775703
ACC_CABLE_007,2026-07-16,264.2359849465545
ACC_CABLE_007,2026-07-17,226.7572306323604
ACC_CABLE_007,2026-07-18,384.67763880577303
ACC_CABLE_007,2026-07-19,335.8308655771101
ACC_CABLE_007,2026-07-20,219.35025844949826
ACC_CABLE_007,2026-07-21,225.64784793132333
ACC_CABLE_007,2026-07-22,254.19114969313353
ACC_CABLE_007,2026-07-23,259.78511179122876
ACC_CABLE_007,2026-07-24,250.78269420040536
ACC_CABLE_007,2026-07-25,384.2590555021466
ACC_CABLE_007,2026-07-26,384.4911089138044
ACC_CABLE_007,2026-07-27,269.3770751024516
ACC_CABLE_007,2026-07-28,257.70126640175175
ACC_CABLE_007,2026-07-29,245.00227848682397
ACC_CABLE_007,2026-07-30,283.3925381381696
ACC_CABLE_007,2026-07-31,298.9744134634084
ACC_CABLE_007,2026-08-01,365.02505241950877
ACC_CABLE_007,2026-08-02,406.728986649947
ACC_CABLE_007,2026-08-03,326.21240578063004
ACC_CABLE_007,2026-08-04,260.3348302146796
ACC_CABLE_007,2026-08-05,256.6129019498605
ACC_CABLE_007,2026-08-06,252.7402524125001
ACC_CABLE_007,2026-08-07,265.7192656610324
ACC_CABLE_007,2026-08-08,413.0901304139223
ACC_CABLE_007,2026-08-09,366.2479784570242
ACC_CABLE_007,2026-08-10,254.02763473521253
ACC_CABLE_007,2026-08-11,201.4668001843109
ACC_CABLE_007,2026-08-12,250.03105950939474
ACC_CABLE_007,2026-08-13,233.8868180451813
ACC_CABLE_007,2026-08-14,263.2206731096839
ACC_CABLE_007,2026-08-15,357.4750576121859
ACC_CABLE_007,2026-08-16,384.5105432042113
ACC_CABLE_007,2026-08-17,278.4137898872344
ACC_CABLE_007,2026-08-18,239.95617094106012
ACC_CABLE_007,2026-08-19,211.23400923067967
ACC_CABLE_007,2026-08-20,262.2020290985311
ACC_CABLE_007,2026-08-21,242.51656866232307
ACC_CABLE_007,2026-08-22,393.0816922522869
ACC_CABLE_007,2026-08-23,380.4480647181291
ACC_CABLE_007,2026-08-24,303.1483234952807
ACC_CABLE_007,2026-08-25,220.2852907074424
ACC_CABLE_007,2026-08-26,323.6371468795154
ACC_CABLE_007,2026-08-27,248.0200415273432
ACC_CABLE_007,2026-08-28,261.66099454112623
ACC_CABLE_008,2026-04-01,190.3159652748024
ACC_CABLE_008,2026-04-02,197.6633435804867
ACC_CABLE_008,2026-04-03,170.4860503269971
ACC_CABLE_008,2026-04-04,278.23810770013495
ACC_CABLE_008,2026-04-05,308.4851461571249
ACC_CABLE_008,2026-04-06,214.04396258575855
ACC_CABLE_008,2026-04-07,177.4180675731987
ACC_CABLE_008,2026-04-08,156.66542749123406
ACC_CABLE_008,2026-04-09,168.91740207332776
ACC_CABLE_008,2026-04-10,195.53107710265795
ACC_CABLE_008,2026-04-11,264.96821079015723
ACC_CABLE_008,2026-04-12,279.58421568424126
ACC_CABLE_008,2026-04-13,182.9494939131967
ACC_CABLE_008,2026-04-14,161.71022151922503
ACC_CABLE_008,2026-04-15,197.39724828901896
ACC_CABLE_008,2026-04-16,190.463828267597
ACC_CABLE_008,2026-04-17,213.76800800764516
ACC_CABLE_008,2026-04-18,297.9037117670968
ACC_CABLE_008,2026-04-19,267.3883424140377
ACC_CABLE_008,2026-04-20,188.18449547200177
ACC_CABLE_008,2026-04-21,196.38918145387908
ACC_CABLE_008,2026-04-22,197.4448271286061
ACC_CABLE_008,2026-04-23,165.62757819712306
ACC_CABLE_008,2026-04-24,163.67445643854361
ACC_CABLE_008,2026-04-25,265.14238670368144
ACC_CABLE_008,2026-04-26,313.59328309684406
ACC_CABLE_008,2026-04-27,190.8626672996199
ACC_CABLE_008,2026-04-28,165.5965522139267
ACC_CABLE_008,2026-04-29,182.43852532212532
ACC_CABLE_008,2026-04-30,178.17310328414197
ACC_CABLE_008,2026-05-01,163.38256614620397
ACC_CABLE_008,2026-05-02,286.8868374136362
ACC_CABLE_008,2026-05-03,289.7562370638798
ACC_CABLE_008,2026-05-04,214.9400544658734
ACC_CABLE_008,2026-05-05,169.55989954651358
ACC_CABLE_008,2026-05-06,151.16457189416204
ACC_CABLE_008,2026-05-07,162.9384142577348
ACC_CABLE_008,2026-05-08,165.8394053475929
ACC_CABLE_008,2026-05-09,279.78608170182105
ACC_CABLE_008,2026-05-10,269.0315343673623
ACC_CABLE_008,2026-05-11,196.46934730241333
ACC_CABLE_008,2026-05-12,162.50782337103317
ACC_CABLE_008,2026-05-13,182.65231624206646
ACC_CABLE_008,2026-05-14,217.65338242999027
ACC_CABLE_008,2026-05-15,192.34280158303977
ACC_CABLE_008,2026-05-16,296.2833234061375
ACC_CABLE_008,2026-05-17,321.1887651331148
ACC_CABLE_008,2026-05-18,204.97343233057074
ACC_CABLE_008,2026-05-19,193.1461888654058
ACC_CABLE_008,2026-05-20,177.88120744097733
ACC_CABLE_008,2026-05-21,183.10067580369963
ACC_CABLE_008,2026-05-22,182.39505192907478
ACC_CABLE_008,2026-05-23,282.3349103627309
ACC_CABLE_008,2026-05-24,293.28184260913946
ACC_CABLE_008,2026-05-25,190.27315946803873
ACC_CABLE_008,2026-05-26,162.34453897801524
ACC_CABLE_008,2026-05-27,213.12394799933645
ACC_CABLE_008,2026-05-28,191.76243623008978
ACC_CABLE_008,2026-05-29,180.07501986966912
ACC_CABLE_008,2026-05-30,294.3426972256385
ACC_CABLE_008,2026-05-31,306.9744924843914
ACC_CABLE_008,2026-06-01,159.3363191384883
ACC_CABLE_008,2026-06-02,183.45093121394768
ACC_CABLE_008,2026-06-03,164.57893836242292
ACC_CABLE_008,2026-06-04,232.36326724917092
ACC_CABLE_008,2026-06-05,188.18207444072763
ACC_CABLE_008,2026-06-06,270.7716766022487
ACC_CABLE_008,2026-06-07,355.0006153402742
ACC_CABLE_008,2026-06-08,176.76607301346513
ACC_CABLE_008,2026-06-09,182.67019344185874
ACC_CABLE_008,2026-06-10,184.09235097625762
ACC_CABLE_008,2026-06-11,171.726026204385
ACC_CABLE_008,2026-06-12,191.15339550793212
ACC_CABLE_008,2026-06-13,253.64097307206356
ACC_CABLE_008,2026-06-14,311.81181153864037
ACC_CABLE_008,2026-06-15,167.4006342750249
ACC_CABLE_008,2026-06-16,180.09034120733853
ACC_CABLE_008,2026-06-17,200.77674625687646
ACC_CABLE_008,2026-06-18,184.10148607781235
ACC_CABLE_008,2026-06-19,184.97155965108178
ACC_CABLE_008,2026-06-20,275.78743700795604
ACC_CABLE_008,2026-06-21,330.6334086274799
ACC_CABLE_008,2026-06-22,197.654089926836
ACC_CABLE_008,2026-06-23,169.39298491046264
ACC_CABLE_008,2026-06-24,191.73601105061817
ACC_CABLE_008,2026-06-25,168.44896329413695
ACC_CABLE_008,2026-06-26,219.21449157421432
ACC_CABLE_008,2026-06-27,298.16362810847045
ACC_CABLE_008,2026-06-28,277.63038110883565
ACC_CABLE_008,2026-06-29,201.62759694698093
ACC_CABLE_008,2026-06-30,184.60586817194968
ACC_CABLE_008,2026-07-01,166.97717566280434
ACC_CABLE_008,2026-07-02,196.5064154766437
ACC_CABLE_008,2026-07-03,196.1600162808269
ACC_CABLE_008,2026-07-04,315.72411193318624
ACC_CABLE_008,2026-07-05,296.9852626017533
ACC_CABLE_008,2026-07-06,192.2842610504705
ACC_CABLE_008,2026-07-07,193.36834144319525
ACC_CABLE_008,2026-07-08,218.77698070332372
ACC_CABLE_008,2026-07-09,185.39270599037636
ACC_CABLE_008,2026-07-10,199.26240745098087
ACC_CABLE_008,2026-07-11,307.60471995547476
ACC_CABLE_008,2026-07-12,303.0560667384614
ACC_CABLE_008,2026-07-13,185.32687893335154
ACC_CABLE_008,2026-07-14,193.72263052861206
ACC_CABLE_008,2026-07-15,190.1016233987818
ACC_CABLE_008,2026-07-16,226.38210233796775
ACC_CABLE_008,2026-07-17,183.99335737640902
ACC_CABLE_008,2026-07-18,281.7386179379608
ACC_CABLE_008,2026-07-19,297.8408502307779
ACC_CABLE_008,2026-07-20,191.15011172525536
ACC_CABLE_008,2026-07-21,196.1144459549679
ACC_CABLE_008,2026-07-22,184.74893980125657
ACC_CABLE_008,2026-07-23,194.8925732468186
ACC_CABLE_008,2026-07-24,195.3810838858933
ACC_CABLE_008,2026-07-25,314.7954185327361
ACC_CABLE_008,2026-07-26,300.63691235328105
ACC_CABLE_008,2026-07-27,195.35356053911596
ACC_CABLE_008,2026-07-28,202.7876962828699
ACC_CABLE_008,2026-07-29,209.1207291119947
ACC_CABLE_008,2026-07-30,176.68730613777223
ACC_CABLE_008,2026-07-31,172.10915814634396
ACC_CABLE_008,2026-08-01,329.7404414771551
ACC_CABLE_008,2026-08-02,312.4417277075356
ACC_CABLE_008,2026-08-03,190.7387952006025
ACC_CABLE_008,2026-08-04,195.0967540847431
ACC_CABLE_008,2026-08-05,187.99091419739506
ACC_CABLE_008,2026-08-06,198.76854075017133
ACC_CABLE_008,2026-08-07,178.09566546647747
ACC_CABLE_008,2026-08-08,315.73693893758275
ACC_CABLE_008,2026-08-09,304.18797981586164
ACC_CABLE_008,2026-08-10,199.374636890187
ACC_CABLE_008,2026-08-11,180.06661406485802
ACC_CABLE_008,2026-08-12,205.17710090319838
ACC_CABLE_008,2026-08-13,180.77089908062968
ACC_CABLE_008,2026-08-14,184.06814486560538
ACC_CABLE_008,2026-08-15,303.54214585257483
ACC_CABLE_008,2026-08-16,346.27904143323553
ACC_CABLE_008,2026-08-17,199.71780394704464
ACC_CABLE_008,2026-08-18,151.63910451785077
ACC_CABLE_008,2026-08-19,185.6919756528508
ACC_CABLE_008,2026-08-20,209.1836323750821
ACC_CABLE_008,2026-08-21,177.43908736827944
ACC_CABLE_008,2026-08-22,317.6774029641636
ACC_CABLE_008,2026-08-23,305.9952421158646
ACC_CABLE_008,2026-08-24,215.19735858959766
ACC_CABLE_008,2026-08-25,188.06416767718244
ACC_CABLE_008,2026-08-26,186.84260309718422
ACC_CABLE_008,2026-08-27,208.1437387858074
ACC_CABLE_008,2026-08-28,198.21750060048998
ACC_CABLE_009,2026-04-01,410.34232952471814
ACC_CABLE_009,2026-04-02,381.9501764634642
ACC_CABLE_009,2026-04-03,331.8220406112124
ACC_CABLE_009,2026-04-04,558.4344461456528
ACC_CABLE_009,2026-04-05,591.5770682322029
ACC_CABLE_009,2026-04-06,282.82458277779614
ACC_CABLE_009,2026-04-07,429.31531720236353
ACC_CABLE_009,2026-04-08,384.26210522505636
ACC_CABLE_009,2026-04-09,413.2321697116936
ACC_CABLE_009,2026-04-10,310.34183537230354
ACC_CABLE_009,2026-04-11,634.3755413850379
ACC_CABLE_009,2026-04-12,670.7460100347184
ACC_CABLE_009,2026-04-13,320.32376435765246
ACC_CABLE_009,2026-04-14,397.2604458729682
ACC_CABLE_009,2026-04-15,369.1407349700237
ACC_CABLE_009,2026-04-16,312.56927776928944
ACC_CABLE_009,2026-04-17,387.4888417669636
ACC_CABLE_009,2026-04-18,620.3432376175307
ACC_CABLE_009,2026-04-19,567.8386555170534
ACC_CABLE_009,2026-04-20,412.63913629336673
ACC_CABLE_009,2026-04-21,308.82978297083645
ACC_CABLE_009,2026-04-22,315.29244942529806
ACC_CABLE_009,2026-04-23,375.31312441810724
ACC_CABLE_009,2026-04-24,371.38163970158234
ACC_CABLE_009,2026-04-25,564.5017529748354
ACC_CABLE_009,2026-04-26,620.6621158001683
ACC_CABLE_009,2026-04-27,390.3838213317253
ACC_CABLE_009,2026-04-28,402.5437039032784
ACC_CABLE_009,2026-04-29,366.68089282257176
ACC_CABLE_009,2026-04-30,393.4646958348051
ACC_CABLE_009,2026-05-01,355.1446338787992
ACC_CABLE_009,2026-05-02,667.2251459261781
ACC_CABLE_009,2026-05-03,562.1795702365231
ACC_CABLE_009,2026-05-04,449.21441566112003
ACC_CABLE_009,2026-05-05,373.3803876581813
ACC_CABLE_009,2026-05-06,321.76875035282717
ACC_CABLE_009,2026-05-07,422.6085121629316
ACC_CABLE_009,2026-05-08,377.170580954095
ACC_CABLE_009,2026-05-09,624.1362544105548
ACC_CABLE_009,2026-05-10,637.9655122105132
ACC_CABLE_009,2026-05-11,385.40296883712244
ACC_CABLE_009,2026-05-12,351.4147609953697
ACC_CABLE_009,2026-05-13,409.10868096046147
ACC_CABLE_009,2026-05-14,373.47772712358363
ACC_CABLE_009,2026-05-15,398.770981942929
ACC_CABLE_009,2026-05-16,514.9080879418534
ACC_CABLE_009,2026-05-17,610.5042290142616
ACC_CABLE_009,2026-05-18,350.6139002171774
ACC_CABLE_009,2026-05-19,434.87646368445206
ACC_CABLE_009,2026-05-20,397.21730566752984
ACC_CABLE_009,2026-05-21,383.30277927266917
ACC_CABLE_009,2026-05-22,392.4975767559531
ACC_CABLE_009,2026-05-23,558.3572206994245
ACC_CABLE_009,2026-05-24,654.7235205423797
ACC_CABLE_009,2026-05-25,448.18329435590044
ACC_CABLE_009,2026-05-26,389.66992583711954
ACC_CABLE_009,2026-05-27,433.7678109666525
ACC_CABLE_009,2026-05-28,354.66226110871804
ACC_CABLE_009,2026-05-29,346.4459321195432
ACC_CABLE_009,2026-05-30,597.5519382783515
ACC_CABLE_009,2026-05-31,612.162336108102
ACC_CABLE_009,2026-06-01,361.69068879837744
ACC_CABLE_009,2026-06-02,396.03609258652335
ACC_CABLE_009,2026-06-03,387.6944939920943
ACC_CABLE_009,2026-06-04,339.9621413468183
ACC_CABLE_009,2026-06-05,395.78970374047816
ACC_CABLE_009,2026-06-06,628.7914865005398
ACC_CABLE_009,2026-06-07,603.5429239555674
ACC_CABLE_009,2026-06-08,419.5021853897041
ACC_CABLE_009,2026-06-09,332.67128077866187
ACC_CABLE_009,2026-06-10,394.67378049223896
ACC_CABLE_009,2026-06-11,334.70069807523834
ACC_CABLE_009,2026-06-12,336.9132141528457
ACC_CABLE_009,2026-06-13,574.9948384018232
ACC_CABLE_009,2026-06-14,563.7263912628252
ACC_CABLE_009,2026-06-15,358.13855345220026
ACC_CABLE_009,2026-06-16,370.5406835968993
ACC_CABLE_009,2026-06-17,409.27356964836184
ACC_CABLE_009,2026-06-18,366.9134632795007
ACC_CABLE_009,2026-06-19,320.65753656155596
ACC_CABLE_009,2026-06-20,641.0404899663724
ACC_CABLE_009,2026-06-21,568.6287920963281
ACC_CABLE_009,2026-06-22,377.1449603252601
ACC_CABLE_009,2026-06-23,395.8378898047241
ACC_CABLE_009,2026-06-24,386.92570235538216
ACC_CABLE_009,2026-06-25,419.9063893940382
ACC_CABLE_009,2026-06-26,397.47941536251426
ACC_CABLE_009,2026-06-27,568.6399384251162
ACC_CABLE_009,2026-06-28,680.3532317854941
ACC_CABLE_009,2026-06-29,387.4820381045132
ACC_CABLE_009,2026-06-30,375.0926136829907
ACC_CABLE_009,2026-07-01,416.0260630261394
ACC_CABLE_009,2026-07-02,389.95484971563366
ACC_CABLE_009,2026-07-03,395.6016746808733
ACC_CABLE_009,2026-07-04,692.7631527486453
ACC_CABLE_009,2026-07-05,591.3530435830398
ACC_CABLE_009,2026-07-06,369.73817518956156
ACC_CABLE_009,2026-07-07,385.8284313908574
ACC_CABLE_009,2026-07-08,421.0246348358241
ACC_CABLE_009,2026-07-09,326.5602010920124
ACC_CABLE_009,2026-07-10,309.8640987828122
ACC_CABLE_009,2026-07-11,580.8028695682406
ACC_CABLE_009,2026-07-12,542.5350274025242
ACC_CABLE_009,2026-07-13,366.85868954580906
ACC_CABLE_009,2026-07-14,401.041738847945
ACC_CABLE_009,2026-07-15,350.05951670763193
ACC_CABLE_009,2026-07-16,330.53546463212473
ACC_CABLE_009,2026-07-17,385.59467383495326
ACC_CABLE_009,2026-07-18,635.0553458853768
ACC_CABLE_009,2026-07-19,541.3444748064404
ACC_CABLE_009,2026-07-20,413.6025290178296
ACC_CABLE_009,2026-07-21,413.64513767719654
ACC_CABLE_009,2026-07-22,418.81492324914825
ACC_CABLE_009,2026-07-23,428.6682238857909
ACC_CABLE_009,2026-07-24,464.9139110350079
ACC_CABLE_009,2026-07-25,591.3814218156807
ACC_CABLE_009,2026-07-26,608.6212769888574
ACC_CABLE_009,2026-07-27,369.26670949979746
ACC_CABLE_009,2026-07-28,384.77255020253824
ACC_CABLE_009,2026-07-29,441.1064521518527
ACC_CABLE_009,2026-07-30,335.63796843974444
ACC_CABLE_009,2026-07-31,353.54947703152334
ACC_CABLE_009,2026-08-01,656.0425403697174
ACC_CABLE_009,2026-08-02,643.0853398033067
ACC_CABLE_009,2026-08-03,372.27306856181326
ACC_CABLE_009,2026-08-04,417.1065534411304
ACC_CABLE_009,2026-08-05,398.4226214194576
ACC_CABLE_009,2026-08-06,441.1100781503363
ACC_CABLE_009,2026-08-07,388.9345020934425
ACC_CABLE_009,2026-08-08,644.1906985791238
ACC_CABLE_009,2026-08-09,703.6618371150792
ACC_CABLE_009,2026-08-10,408.600238990242
ACC_CABLE_009,2026-08-11,388.6103436846708
ACC_CABLE_009,2026-08-12,413.46380435760994
ACC_CABLE_009,2026-08-13,373.69419250391746
ACC_CABLE_009,2026-08-14,474.88841479275766
ACC_CABLE_009,2026-08-15,614.2086070834425
ACC_CABLE_009,2026-08-16,597.7333471477236
ACC_CABLE_009,2026-08-17,357.0302135157647
ACC_CABLE_009,2026-08-18,428.11798103195633
ACC_CABLE_009,2026-08-19,419.825778050778
ACC_CABLE_009,2026-08-20,369.89709456910276
ACC_CABLE_009,2026-08-21,409.45576436599293
ACC_CABLE_009,2026-08-22,553.2859959665883
ACC_CABLE_009,2026-08-23,615.5884201051849
ACC_CABLE_009,2026-08-24,405.3661581212147
ACC_CABLE_009,2026-08-25,451.55900401082346
ACC_CABLE_009,2026-08-26,360.7609499398571
ACC_CABLE_009,2026-08-27,342.28445852295465
ACC_CABLE_009,2026-08-28,356.487793834051
ACC_CABLE_010,2026-04-01,366.0747027146813
ACC_CABLE_010,2026-04-02,327.53384981947016
ACC_CABLE_010,2026-04-03,291.7343251649237
ACC_CABLE_010,2026-04-04,530.818199987694
ACC_CABLE_010,2026-04-05,496.3151399450426
ACC_CABLE_010,2026-04-06,303.88642760918526
ACC_CABLE_010,2026-04-07,289.7930493409693
ACC_CABLE_010,2026-04-08,252.82645101451305
ACC_CABLE_010,2026-04-09,329.9361696813716
ACC_CABLE_010,2026-04-10,260.8780703836542
ACC_CABLE_010,2026-04-11,472.9078757126073
ACC_CABLE_010,2026-04-12,511.0681811693586
ACC_CABLE_010,2026-04-13,296.2790315536391
ACC_CABLE_010,2026-04-14,316.8217079945194
ACC_CABLE_010,2026-04-15,274.47544526756076
ACC_CABLE_010,2026-04-16,301.44775943272504
ACC_CABLE_010,2026-04-17,317.4649568537038
ACC_CABLE_010,2026-04-18,469.05435200599265
ACC_CABLE_010,2026-04-19,550.9772678099996
ACC_CABLE_010,2026-04-20,293.08985870069745
ACC_CABLE_010,2026-04-21,355.73092042849305
ACC_CABLE_010,2026-04-22,307.9480281128595
ACC_CABLE_010,2026-04-23,264.67725745147806
ACC_CABLE_010,2026-04-24,278.20607493353475
ACC_CABLE_010,2026-04-25,505.0584579568728
ACC_CABLE_010,2026-04-26,531.7660483293112
ACC_CABLE_010,2026-04-27,368.76309111138625
ACC_CABLE_010,2026-04-28,318.0247805863921
ACC_CABLE_010,2026-04-29,277.705443827668
ACC_CABLE_010,2026-04-30,322.9830374968871
ACC_CABLE_010,2026-05-01,288.91834512583523
ACC_CABLE_010,2026-05-02,512.8079402570311
ACC_CABLE_010,2026-05-03,471.614288875428
ACC_CABLE_010,2026-05-04,250.1733226477358
ACC_CABLE_010,2026-05-05,355.9225254482169
ACC_CABLE_010,2026-05-06,308.2310813282969
ACC_CABLE_010,2026-05-07,316.939470348314
ACC_CABLE_010,2026-05-08,346.4477426014252
ACC_CABLE_010,2026-05-09,559.944247989275
ACC_CABLE_010,2026-05-10,524.1725002166177
ACC_CABLE_010,2026-05-11,319.19305010231193
ACC_CABLE_010,2026-05-12,330.4990591595104
ACC_CABLE_010,2026-05-13,307.1617256581143
ACC_CABLE_010,2026-05-14,317.5695457331788
ACC_CABLE_010,2026-05-15,321.09077277363474
ACC_CABLE_010,2026-05-16,478.3646170391029
ACC_CABLE_010,2026-05-17,503.5563811932142
ACC_CABLE_010,2026-05-18,328.43015742762185
ACC_CABLE_010,2026-05-19,333.227523824842
ACC_CABLE_010,2026-05-20,330.90703725530875
ACC_CABLE_010,2026-05-21,275.9902182396944
ACC_CABLE_010,2026-05-22,355.75702722058935
ACC_CABLE_010,2026-05-23,539.3347180510683
ACC_CABLE_010,2026-05-24,500.96939934521754
ACC_CABLE_010,2026-05-25,332.2207695482685
ACC_CABLE_010,2026-05-26,311.53683321963626
ACC_CABLE_010,2026-05-27,341.71068754715543
ACC_CABLE_010,2026-05-28,293.30757276986554
ACC_CABLE_010,2026-05-29,360.31627845401863
ACC_CABLE_010,2026-05-30,526.6184359663567
ACC_CABLE_010,2026-05-31,527.4884475386356
ACC_CABLE_010,2026-06-01,315.8933608307996
ACC_CABLE_010,2026-06-02,275.50882634708654
ACC_CABLE_010,2026-06-03,346.85197570374385
ACC_CABLE_010,2026-06-04,276.83359861802097
ACC_CABLE_010,2026-06-05,347.5251524669609
ACC_CABLE_010,2026-06-06,481.96405627820104
ACC_CABLE_010,2026-06-07,456.8514917250513
ACC_CABLE_010,2026-06-08,320.2309908151194
ACC_CABLE_010,2026-06-09,357.01681706669063
ACC_CABLE_010,2026-06-10,290.5662837990207
ACC_CABLE_010,2026-06-11,370.2200733562396
ACC_CABLE_010,2026-06-12,341.1589568587509
ACC_CABLE_010,2026-06-13,511.80954519334216
ACC_CABLE_010,2026-06-14,493.59564805658755
ACC_CABLE_010,2026-06-15,309.9071820943609
ACC_CABLE_010,2026-06-16,334.7351840912776
ACC_CABLE_010,2026-06-17,347.77726661409093
ACC_CABLE_010,2026-06-18,303.30161725278526
ACC_CABLE_010,2026-06-19,296.8480868541722
ACC_CABLE_010,2026-06-20,501.37136862892214
ACC_CABLE_010,2026-06-21,551.3524889515777
ACC_CABLE_010,2026-06-22,284.57646144956954
ACC_CABLE_010,2026-06-23,357.86680698702594
ACC_CABLE_010,2026-06-24,323.91067477938714
ACC_CABLE_010,2026-06-25,271.51508656208296
ACC_CABLE_010,2026-06-26,308.58939555146384
ACC_CABLE_010,2026-06-27,527.9497102611484
ACC_CABLE_010,2026-06-28,565.0562322962636
ACC_CABLE_010,2026-06-29,282.2014455751714
ACC_CABLE_010,2026-06-30,236.105529242287
ACC_CABLE_010,2026-07-01,283.0538627208039
ACC_CABLE_010,2026-07-02,358.8428807438617
ACC_CABLE_010,2026-07-03,268.34400708087895
ACC_CABLE_010,2026-07-04,556.5148706172611
ACC_CABLE_010,2026-07-05,547.9090773806196
ACC_CABLE_010,2026-07-06,330.3221235039455
ACC_CABLE_010,2026-07-07,305.13267537924213
ACC_CABLE_010,2026-07-08,326.4130794003314
ACC_CABLE_010,2026-07-09,343.7937079163432
ACC_CABLE_010,2026-07-10,339.21277040648425
ACC_CABLE_010,2026-07-11,565.0794405713732
ACC_CABLE_010,2026-07-12,503.23682405537863
ACC_CABLE_010,2026-07-13,285.123867817687
ACC_CABLE_010,2026-07-14,279.80429807890414
ACC_CABLE_010,2026-07-15,273.75397069016634
ACC_CABLE_010,2026-07-16,331.9846465986038
ACC_CABLE_010,2026-07-17,318.78457027760385
ACC_CABLE_010,2026-07-18,513.2122926897225
ACC_CABLE_010,2026-07-19,495.70115423500835
ACC_CABLE_010,2026-07-20,292.084827379597
ACC_CABLE_010,2026-07-21,345.694412423451
ACC_CABLE_010,2026-07-22,250.4450191047662
ACC_CABLE_010,2026-07-23,302.10053739963416
ACC_CABLE_010,2026-07-24,351.4811949590202
ACC_CABLE_010,2026-07-25,485.32400877220584
ACC_CABLE_010,2026-07-26,525.5419380137533
ACC_CABLE_010,2026-07-27,302.7419680383696
ACC_CABLE_010,2026-07-28,313.5688089112611
ACC_CABLE_010,2026-07-29,345.67253598994876
ACC_CABLE_010,2026-07-30,288.3867021710429
ACC_CABLE_010,2026-07-31,351.2536282323667
ACC_CABLE_010,2026-08-01,515.7235352658807
ACC_CABLE_010,2026-08-02,553.39960488875
ACC_CABLE_010,2026-08-03,335.05264912104894
ACC_CABLE_010,2026-08-04,295.5959147651402
ACC_CABLE_010,2026-08-05,382.46782708017827
ACC_CABLE_010,2026-08-06,298.4857687111331
ACC_CABLE_010,2026-08-07,322.1581613918478
ACC_CABLE_010,2026-08-08,545.029676735815
ACC_CABLE_010,2026-08-09,457.22223898480723
ACC_CABLE_010,2026-08-10,374.27973838353006
ACC_CABLE_010,2026-08-11,294.1225869378843
ACC_CABLE_010,2026-08-12,315.84501798503527
ACC_CABLE_010,2026-08-13,339.054595030128
ACC_CABLE_010,2026-08-14,328.9571184613526
ACC_CABLE_010,2026-08-15,540.864457811964
ACC_CABLE_010,2026-08-16,466.9249652998974
ACC_CABLE_010,2026-08-17,353.25099196695425
ACC_CABLE_010,2026-08-18,355.87451402097946
ACC_CABLE_010,2026-08-19,362.90600070662265
ACC_CABLE_010,2026-08-20,281.87051606904123
ACC_CABLE_010,2026-08-21,285.76300775130034
ACC_CABLE_010,2026-08-22,506.8363548605862
ACC_CABLE_010,2026-08-23,475.4144007796163
ACC_CABLE_010,2026-08-24,275.82699511815036
ACC_CABLE_010,2026-08-25,319.95061422614384
ACC_CABLE_010,2026-08-26,339.3068322051907
ACC_CABLE_010,2026-08-27,418.96836543913446
ACC_CABLE_010,2026-08-28,349.3589297754164
ACC_CABLE_011,2026-04-01,336.1640904123761
ACC_CABLE_011,2026-04-02,373.9970991930886
ACC_CABLE_011,2026-04-03,297.4753176443636
ACC_CABLE_011,2026-04-04,534.0324267458432
ACC_CABLE_011,2026-04-05,528.5583424631469
ACC_CABLE_011,2026-04-06,343.7681763433594
ACC_CABLE_011,2026-04-07,405.22403312621265
ACC_CABLE_011,2026-04-08,355.6456073465885
ACC_CABLE_011,2026-04-09,338.8075363741158
ACC_CABLE_011,2026-04-10,253.2449174018917
ACC_CABLE_011,2026-04-11,584.4231342512857
ACC_CABLE_011,2026-04-12,596.0165454778275
ACC_CABLE_011,2026-04-13,295.61930021951855
ACC_CABLE_011,2026-04-14,353.57917846582274
ACC_CABLE_011,2026-04-15,362.9324899377545
ACC_CABLE_011,2026-04-16,390.3969022085507
ACC_CABLE_011,2026-04-17,330.7431965781102
ACC_CABLE_011,2026-04-18,537.9622432175981
ACC_CABLE_011,2026-04-19,552.93999563422
ACC_CABLE_011,2026-04-20,402.3190716683194
ACC_CABLE_011,2026-04-21,393.9521286529125
ACC_CABLE_011,2026-04-22,356.3943763030965
ACC_CABLE_011,2026-04-23,393.40008906246544
ACC_CABLE_011,2026-04-24,273.59833127743354
ACC_CABLE_011,2026-04-25,598.0245588957108
ACC_CABLE_011,2026-04-26,530.5456778363898
ACC_CABLE_011,2026-04-27,420.4526671016135
ACC_CABLE_011,2026-04-28,320.37573719756386
ACC_CABLE_011,2026-04-29,328.01221935072897
ACC_CABLE_011,2026-04-30,378.2598000466437
ACC_CABLE_011,2026-05-01,381.8269763712487
ACC_CABLE_011,2026-05-02,555.2498444116416
ACC_CABLE_011,2026-05-03,584.3477028185753
ACC_CABLE_011,2026-05-04,376.4864454626284
ACC_CABLE_011,2026-05-05,373.01625882445444
ACC_CABLE_011,2026-05-06,344.9287559184328
ACC_CABLE_011,2026-05-07,377.2844702526334
ACC_CABLE_011,2026-05-08,409.3355123375839
ACC_CABLE_011,2026-05-09,528.7177078356535
ACC_CABLE_011,2026-05-10,542.5118747418201
ACC_CABLE_011,2026-05-11,360.9648493855645
ACC_CABLE_011,2026-05-12,322.75966896035163
ACC_CABLE_011,2026-05-13,296.459507808355
ACC_CABLE_011,2026-05-14,399.14655334622125
ACC_CABLE_011,2026-05-15,281.7008953826708
ACC_CABLE_011,2026-05-16,558.9056525076385
ACC_CABLE_011,2026-05-17,600.1666289194569
ACC_CABLE_011,2026-05-18,370.49117254837336
ACC_CABLE_011,2026-05-19,347.4913724443451
ACC_CABLE_011,2026-05-20,322.5006389906625
ACC_CABLE_011,2026-05-21,373.672920585437
ACC_CABLE_011,2026-05-22,326.6608368782727
ACC_CABLE_011,2026-05-23,583.6140135556664
ACC_CABLE_011,2026-05-24,579.3384847475104
ACC_CABLE_011,2026-05-25,367.44656498055184
ACC_CABLE_011,2026-05-26,339.58271592504866
ACC_CABLE_011,2026-05-27,434.43932247045154
ACC_CABLE_011,2026-05-28,375.2305148390113
ACC_CABLE_011,2026-05-29,352.8337040826245
ACC_CABLE_011,2026-05-30,584.6051782863879
ACC_CABLE_011,2026-05-31,547.9840578050794
ACC_CABLE_011,2026-06-01,349.4748207538821
ACC_CABLE_011,2026-06-02,447.97396559703094
ACC_CABLE_011,2026-06-03,336.28471945194224
ACC_CABLE_011,2026-06-04,360.84684641063967
ACC_CABLE_011,2026-06-05,347.6038883188583
ACC_CABLE_011,2026-06-06,539.4969584240027
ACC_CABLE_011,2026-06-07,591.356408653781
ACC_CABLE_011,2026-06-08,365.491115053559
ACC_CABLE_011,2026-06-09,396.6003667385975
ACC_CABLE_011,2026-06-10,393.19445837968215
ACC_CABLE_011,2026-06-11,396.5350532540866
ACC_CABLE_011,2026-06-12,332.29560060107485
ACC_CABLE_011,2026-06-13,600.0400122917896
ACC_CABLE_011,2026-06-14,601.0506113226694
ACC_CABLE_011,2026-06-15,329.1043698634773
ACC_CABLE_011,2026-06-16,354.1209850251557
ACC_CABLE_011,2026-06-17,314.00363178464454
ACC_CABLE_011,2026-06-18,389.40464118626204
ACC_CABLE_011,2026-06-19,389.3917954183167
ACC_CABLE_011,2026-06-20,629.0348430887898
ACC_CABLE_011,2026-06-21,570.4505328233721
ACC_CABLE_011,2026-06-22,382.2820233643584
ACC_CABLE_011,2026-06-23,401.4158225762959
ACC_CABLE_011,2026-06-24,339.91223988916397
ACC_CABLE_011,2026-06-25,334.6788339973534
ACC_CABLE_011,2026-06-26,341.30986388190377
ACC_CABLE_011,2026-06-27,567.0849404255351
ACC_CABLE_011,2026-06-28,548.7823758101262
ACC_CABLE_011,2026-06-29,343.2840990673727
ACC_CABLE_011,2026-06-30,398.6843969837769
ACC_CABLE_011,2026-07-01,364.239329245102
ACC_CABLE_011,2026-07-02,378.65712242754404
ACC_CABLE_011,2026-07-03,348.45462570060243
ACC_CABLE_011,2026-07-04,558.6806638069452
ACC_CABLE_011,2026-07-05,590.7586784897301
ACC_CABLE_011,2026-07-06,372.86260641132054
ACC_CABLE_011,2026-07-07,396.09072841210565
ACC_CABLE_011,2026-07-08,414.77639212934133
ACC_CABLE_011,2026-07-09,344.3740079686153
ACC_CABLE_011,2026-07-10,399.48593263683784
ACC_CABLE_011,2026-07-11,543.324861663662
ACC_CABLE_011,2026-07-12,655.1117653712362
ACC_CABLE_011,2026-07-13,341.61483651890313
ACC_CABLE_011,2026-07-14,394.0483221693893
ACC_CABLE_011,2026-07-15,331.26169200843884
ACC_CABLE_011,2026-07-16,364.5159826304033
ACC_CABLE_011,2026-07-17,424.7689532322345
ACC_CABLE_011,2026-07-18,553.6532730196931
ACC_CABLE_011,2026-07-19,660.7781903431722
ACC_CABLE_011,2026-07-20,370.3132438623398
ACC_CABLE_011,2026-07-21,405.19022384458634
ACC_CABLE_011,2026-07-22,385.06423790202757
ACC_CABLE_011,2026-07-23,387.1292183221114
ACC_CABLE_011,2026-07-24,320.61557441313414
ACC_CABLE_011,2026-07-25,566.9110111285771
ACC_CABLE_011,2026-07-26,626.137566771923
ACC_CABLE_011,2026-07-27,359.3610294573421
ACC_CABLE_011,2026-07-28,376.6146557282106
ACC_CABLE_011,2026-07-29,317.0712566557321
ACC_CABLE_011,2026-07-30,352.96977628857366
ACC_CABLE_011,2026-07-31,411.9055911361539
ACC_CABLE_011,2026-08-01,539.2949181097863
ACC_CABLE_011,2026-08-02,610.2345979096642
ACC_CABLE_011,2026-08-03,378.8933461059085
ACC_CABLE_011,2026-08-04,364.39717579477946
ACC_CABLE_011,2026-08-05,362.9906712018009
ACC_CABLE_011,2026-08-06,355.66754868803923
ACC_CABLE_011,2026-08-07,358.97022758918354
ACC_CABLE_011,2026-08-08,618.662803958315
ACC_CABLE_011,2026-08-09,570.605648975735
ACC_CABLE_011,2026-08-10,437.6386974056077
ACC_CABLE_011,2026-08-11,384.4034506077297
ACC_CABLE_011,2026-08-12,353.55032771239917
ACC_CABLE_011,2026-08-13,408.5571547179908
ACC_CABLE_011,2026-08-14,396.33591638491083
ACC_CABLE_011,2026-08-15,528.2421540159409
ACC_CABLE_011,2026-08-16,550.329713961579
ACC_CABLE_011,2026-08-17,370.6141213374346
ACC_CABLE_011,2026-08-18,318.79027912152503
ACC_CABLE_011,2026-08-19,449.0047585297951
ACC_CABLE_011,2026-08-20,404.25701924419263
ACC_CABLE_011,2026-08-21,374.82801721490927
ACC_CABLE_011,2026-08-22,575.7181880020905
ACC_CABLE_011,2026-08-23,566.7719066356915
ACC_CABLE_011,2026-08-24,306.2232616078298
ACC_CABLE_011,2026-08-25,314.5562727317447
ACC_CABLE_011,2026-08-26,443.3496738868733
ACC_CABLE_011,2026-08-27,431.9054272288335
ACC_CABLE_011,2026-08-28,355.967467475689
ACC_CABLE_012,2026-04-01,240.55798393360195
ACC_CABLE_012,2026-04-02,248.19734888348347
ACC_CABLE_012,2026-04-03,320.3573093470074
ACC_CABLE_012,2026-04-04,449.8757352631981
ACC_CABLE_012,2026-04-05,459.845431508768
ACC_CABLE_012,2026-04-06,276.33998176187293
ACC_CABLE_012,2026-04-07,271.0563211981489
ACC_CABLE_012,2026-04-08,287.5753879230107
ACC_CABLE_012,2026-04-09,295.13661493272605
ACC_CABLE_012,2026-04-10,298.5324734865531
ACC_CABLE_012,2026-04-11,436.4322680609501
ACC_CABLE_012,2026-04-12,466.22731764202604
ACC_CABLE_012,2026-04-13,208.22565998606837
ACC_CABLE_012,2026-04-14,300.3986640664683
ACC_CABLE_012,2026-04-15,264.4027767852198
ACC_CABLE_012,2026-04-16,291.4126790286665
ACC_CABLE_012,2026-04-17,258.6084203159333
ACC_CABLE_012,2026-04-18,404.5985698758689
ACC_CABLE_012,2026-04-19,450.40789045807674
ACC_CABLE_012,2026-04-20,235.70806366099916
ACC_CABLE_012,2026-04-21,266.0488384666978
ACC_CABLE_012,2026-04-22,254.8894264637462
ACC_CABLE_012,2026-04-23,272.50410845075874
ACC_CABLE_012,2026-04-24,299.29352987696524
ACC_CABLE_012,2026-04-25,428.578239178547
ACC_CABLE_012,2026-04-26,450.7694247991056
ACC_CABLE_012,2026-04-27,298.1580814474222
ACC_CABLE_012,2026-04-28,261.41121160825026
ACC_CABLE_012,2026-04-29,261.95855331309656
ACC_CABLE_012,2026-04-30,315.8696119202858
ACC_CABLE_012,2026-05-01,276.32475127008536
ACC_CABLE_012,2026-05-02,457.00040293181337
ACC_CABLE_012,2026-05-03,456.9427739306428
ACC_CABLE_012,2026-05-04,246.1251395934634
ACC_CABLE_012,2026-05-05,258.25200099288736
ACC_CABLE_012,2026-05-06,289.53451776099655
ACC_CABLE_012,2026-05-07,222.75557210377212
ACC_CABLE_012,2026-05-08,273.7604452931472
ACC_CABLE_012,2026-05-09,420.3912218964378
ACC_CABLE_012,2026-05-10,474.67786829016035
ACC_CABLE_012,2026-05-11,289.48356341644563
ACC_CABLE_012,2026-05-12,312.79014854850453
ACC_CABLE_012,2026-05-13,279.22798504063815
ACC_CABLE_012,2026-05-14,277.3294361181836
ACC_CABLE_012,2026-05-15,272.24493117721994
ACC_CABLE_012,2026-05-16,431.3658984521905
ACC_CABLE_012,2026-05-17,518.8595836901341
ACC_CABLE_012,2026-05-18,303.1664447327343
ACC_CABLE_012,2026-05-19,251.98643384133214
ACC_CABLE_012,2026-05-20,353.6670630150437
ACC_CABLE_012,2026-05-21,270.40354978093774
ACC_CABLE_012,2026-05-22,290.4495648048458
ACC_CABLE_012,2026-05-23,471.9449679892892
ACC_CABLE_012,2026-05-24,404.2100623982135
ACC_CABLE_012,2026-05-25,259.43124563481473
ACC_CABLE_012,2026-05-26,327.40971619323693
ACC_CABLE_012,2026-05-27,276.23969462458274
ACC_CABLE_012,2026-05-28,309.9135611992479
ACC_CABLE_012,2026-05-29,270.27496472629014
ACC_CABLE_012,2026-05-30,444.6453668096606
ACC_CABLE_012,2026-05-31,496.31603813049617
ACC_CABLE_012,2026-06-01,295.1378354389658
ACC_CABLE_012,2026-06-02,273.85117118609065
ACC_CABLE_012,2026-06-03,264.72584117400197
ACC_CABLE_012,2026-06-04,267.3826142478782
ACC_CABLE_012,2026-06-05,317.76874484219627
ACC_CABLE_012,2026-06-06,469.27465365670645
ACC_CABLE_012,2026-06-07,416.9762602811836
ACC_CABLE_012,2026-06-08,286.58869245825724
ACC_CABLE_012,2026-06-09,282.51922867251545
ACC_CABLE_012,2026-06-10,293.16094188617126
ACC_CABLE_012,2026-06-11,268.11215133552645
ACC_CABLE_012,2026-06-12,314.8798737591942
ACC_CABLE_012,2026-06-13,449.31330380236295
ACC_CABLE_012,2026-06-14,459.7321605818403
ACC_CABLE_012,2026-06-15,263.74948785926773
ACC_CABLE_012,2026-06-16,265.2798200278266
ACC_CABLE_012,2026-06-17,358.3658043939131
ACC_CABLE_012,2026-06-18,335.0221906964911
ACC_CABLE_012,2026-06-19,283.94073613700823
ACC_CABLE_012,2026-06-20,492.4043082499182
ACC_CABLE_012,2026-06-21,483.7790078907906
ACC_CABLE_012,2026-06-22,269.1692178040536
ACC_CABLE_012,2026-06-23,266.58683028158146
ACC_CABLE_012,2026-06-24,304.9217395346261
ACC_CABLE_012,2026-06-25,293.8756614842913
ACC_CABLE_012,2026-06-26,275.885073512319
ACC_CABLE_012,2026-06-27,471.2116072987155
ACC_CABLE_012,2026-06-28,412.0759678387533
ACC_CABLE_012,2026-06-29,290.50104186315735
ACC_CABLE_012,2026-06-30,253.5534918923805
ACC_CABLE_012,2026-07-01,254.60583718741324
ACC_CABLE_012,2026-07-02,268.4346447635241
ACC_CABLE_012,2026-07-03,297.9040713718253
ACC_CABLE_012,2026-07-04,433.9985059565612
ACC_CABLE_012,2026-07-05,419.2738241421596
ACC_CABLE_012,2026-07-06,301.4766281533483
ACC_CABLE_012,2026-07-07,329.4512690176844
ACC_CABLE_012,2026-07-08,306.2045018971351
ACC_CABLE_012,2026-07-09,338.2192850538659
ACC_CABLE_012,2026-07-10,327.61148798471095
ACC_CABLE_012,2026-07-11,440.19446697722776
ACC_CABLE_012,2026-07-12,471.0211790505767
ACC_CABLE_012,2026-07-13,286.9393162565887
ACC_CABLE_012,2026-07-14,318.70153400482684
ACC_CABLE_012,2026-07-15,287.23436333097817
ACC_CABLE_012,2026-07-16,268.28971564766607
ACC_CABLE_012,2026-07-17,327.681322820397
ACC_CABLE_012,2026-07-18,463.3075980898204
ACC_CABLE_012,2026-07-19,436.5692870061271
ACC_CABLE_012,2026-07-20,276.83489937797725
ACC_CABLE_012,2026-07-21,272.29417434238553
ACC_CABLE_012,2026-07-22,263.35212034375377
ACC_CABLE_012,2026-07-23,277.8660796225267
ACC_CABLE_012,2026-07-24,301.3207812562351
ACC_CABLE_012,2026-07-25,457.4052623631014
ACC_CABLE_012,2026-07-26,443.79285594312887
ACC_CABLE_012,2026-07-27,332.52690464504394
ACC_CABLE_012,2026-07-28,236.60864281569786
ACC_CABLE_012,2026-07-29,300.2381240752665
ACC_CABLE_012,2026-07-30,288.08839641799796
ACC_CABLE_012,2026-07-31,265.5670343035764
ACC_CABLE_012,2026-08-01,466.68604907458354
ACC_CABLE_012,2026-08-02,450.8288989813044
ACC_CABLE_012,2026-08-03,326.76981297426073
ACC_CABLE_012,2026-08-04,316.53498764207416
ACC_CABLE_012,2026-08-05,345.1279821766472
ACC_CABLE_012,2026-08-06,279.80708870391663
ACC_CABLE_012,2026-08-07,331.4655930190819
ACC_CABLE_012,2026-08-08,425.8055793563775
ACC_CABLE_012,2026-08-09,454.8685599198492
ACC_CABLE_012,2026-08-10,280.9022307578209
ACC_CABLE_012,2026-08-11,310.3070043137178
ACC_CABLE_012,2026-08-12,309.79475687187335
ACC_CABLE_012,2026-08-13,269.4230231455536
ACC_CABLE_012,2026-08-14,312.284465567173
ACC_CABLE_012,2026-08-15,448.37459913007734
ACC_CABLE_012,2026-08-16,436.5697523373236
ACC_CABLE_012,2026-08-17,294.37719067730023
ACC_CABLE_012,2026-08-18,254.38446997866703
ACC_CABLE_012,2026-08-19,320.51779398969234
ACC_CABLE_012,2026-08-20,293.62598979389685
ACC_CABLE_012,2026-08-21,294.3753699627337
ACC_CABLE_012,2026-08-22,457.4616344178297
ACC_CABLE_012,2026-08-23,505.12369237535495
ACC_CABLE_012,2026-08-24,337.36724867393707
ACC_CABLE_012,2026-08-25,332.9108539591377
ACC_CABLE_012,2026-08-26,293.71985894730784
ACC_CABLE_012,2026-08-27,265.6318773977757
ACC_CABLE_012,2026-08-28,295.9121632649808
ACC_CABLE_013,2026-04-01,282.95478705360955
ACC_CABLE_013,2026-04-02,245.6427006157701
ACC_CABLE_013,2026-04-03,176.87897726000196
ACC_CABLE_013,2026-04-04,395.8624106687006
ACC_CABLE_013,2026-04-05,379.3745909970211
ACC_CABLE_013,2026-04-06,240.93677734193355
ACC_CABLE_013,2026-04-07,233.9794113479861
ACC_CABLE_013,2026-04-08,262.5805232818818
ACC_CABLE_013,2026-04-09,270.29644424099183
ACC_CABLE_013,2026-04-10,250.1998865266594
ACC_CABLE_013,2026-04-11,380.4886692712566
ACC_CABLE_013,2026-04-12,387.8496396436181
ACC_CABLE_013,2026-04-13,244.2743107211786
ACC_CABLE_013,2026-04-14,224.53119303527095
ACC_CABLE_013,2026-04-15,258.1100732954239
ACC_CABLE_013,2026-04-16,255.38302423742329
ACC_CABLE_013,2026-04-17,281.6786780025955
ACC_CABLE_013,2026-04-18,420.12946468298117
ACC_CABLE_013,2026-04-19,373.3066669943189
ACC_CABLE_013,2026-04-20,264.70122066311694
ACC_CABLE_013,2026-04-21,221.98692812911378
ACC_CABLE_013,2026-04-22,261.99155684276855
ACC_CABLE_013,2026-04-23,232.7979363900054
ACC_CABLE_013,2026-04-24,220.68727199431083
ACC_CABLE_013,2026-04-25,397.57709729327723
ACC_CABLE_013,2026-04-26,326.2254754986698
ACC_CABLE_013,2026-04-27,203.5263910993935
ACC_CABLE_013,2026-04-28,241.75469641266235
ACC_CABLE_013,2026-04-29,248.19509075256317
ACC_CABLE_013,2026-04-30,237.41248576217183
ACC_CABLE_013,2026-05-01,208.2776415710341
ACC_CABLE_013,2026-05-02,372.0570174202482
ACC_CABLE_013,2026-05-03,401.46726571914496
ACC_CABLE_013,2026-05-04,261.0291188492064
ACC_CABLE_013,2026-05-05,246.7074005541782
ACC_CABLE_013,2026-05-06,275.24537750109516
ACC_CABLE_013,2026-05-07,257.0170079677135
ACC_CABLE_013,2026-05-08,229.46157317421128
ACC_CABLE_013,2026-05-09,386.1118503074389
ACC_CABLE_013,2026-05-10,359.10063899556997
ACC_CABLE_013,2026-05-11,245.38303643252772
ACC_CABLE_013,2026-05-12,275.0628349851564
ACC_CABLE_013,2026-05-13,264.88402005000546
ACC_CABLE_013,2026-05-14,282.37862568724273
ACC_CABLE_013,2026-05-15,241.27017710006436
ACC_CABLE_013,2026-05-16,426.52561502724507
ACC_CABLE_013,2026-05-17,389.4220377199592
ACC_CABLE_013,2026-05-18,284.66235899819145
ACC_CABLE_013,2026-05-19,248.6710667119006
ACC_CABLE_013,2026-05-20,266.4649992460635
ACC_CABLE_013,2026-05-21,285.19771921629854
ACC_CABLE_013,2026-05-22,244.96905138833483
ACC_CABLE_013,2026-05-23,400.28501349856907
ACC_CABLE_013,2026-05-24,426.34049488999256
ACC_CABLE_013,2026-05-25,246.88132343289246
ACC_CABLE_013,2026-05-26,218.2844067633509
ACC_CABLE_013,2026-05-27,302.26077072095484
ACC_CABLE_013,2026-05-28,239.1816999630413
ACC_CABLE_013,2026-05-29,254.54189643268853
ACC_CABLE_013,2026-05-30,424.0253614007174
ACC_CABLE_013,2026-05-31,381.47444752970495
ACC_CABLE_013,2026-06-01,226.75959650002446
ACC_CABLE_013,2026-06-02,257.44044258195095
ACC_CABLE_013,2026-06-03,208.05755117052016
ACC_CABLE_013,2026-06-04,244.63267293979632
ACC_CABLE_013,2026-06-05,257.6799356764328
ACC_CABLE_013,2026-06-06,390.56716409683105
ACC_CABLE_013,2026-06-07,359.898487174905
ACC_CABLE_013,2026-06-08,290.7791065401371
ACC_CABLE_013,2026-06-09,254.85562332557004
ACC_CABLE_013,2026-06-10,287.13388124983413
ACC_CABLE_013,2026-06-11,246.35712274563323
ACC_CABLE_013,2026-06-12,231.50371004308352
ACC_CABLE_013,2026-06-13,404.6641782701749
ACC_CABLE_013,2026-06-14,393.07795154285714
ACC_CABLE_013,2026-06-15,224.74817271660913
ACC_CABLE_013,2026-06-16,288.9687790626574
ACC_CABLE_013,2026-06-17,238.49106060596532
ACC_CABLE_013,2026-06-18,209.16555348794722
ACC_CABLE_013,2026-06-19,285.99161850576746
ACC_CABLE_013,2026-06-20,386.9959880173346
ACC_CABLE_013,2026-06-21,384.6406617987019
ACC_CABLE_013,2026-06-22,211.57762039387464
ACC_CABLE_013,2026-06-23,296.5807839756472
ACC_CABLE_013,2026-06-24,223.39456978952555
ACC_CABLE_013,2026-06-25,256.16447743307674
ACC_CABLE_013,2026-06-26,276.9854118054787
ACC_CABLE_013,2026-06-27,410.455549778675
ACC_CABLE_013,2026-06-28,398.956365649789
ACC_CABLE_013,2026-06-29,214.16968622944452
ACC_CABLE_013,2026-06-30,235.90465897443173
ACC_CABLE_013,2026-07-01,260.194768180629
ACC_CABLE_013,2026-07-02,236.7503875063147
ACC_CABLE_013,2026-07-03,260.87129893197016
ACC_CABLE_013,2026-07-04,417.7981904933265
ACC_CABLE_013,2026-07-05,424.7425698363625
ACC_CABLE_013,2026-07-06,226.72645954093304
ACC_CABLE_013,2026-07-07,309.7088345304907
ACC_CABLE_013,2026-07-08,275.27300013820997
ACC_CABLE_013,2026-07-09,256.8085174812087
ACC_CABLE_013,2026-07-10,283.3667853104547
ACC_CABLE_013,2026-07-11,459.5928680823994
ACC_CABLE_013,2026-07-12,367.6829735544238
ACC_CABLE_013,2026-07-13,251.99864405170922
ACC_CABLE_013,2026-07-14,200.04195383106548
ACC_CABLE_013,2026-07-15,262.4121670900822
ACC_CABLE_013,2026-07-16,266.74254065458837
ACC_CABLE_013,2026-07-17,257.10227680628526
ACC_CABLE_013,2026-07-18,387.56028758184095
ACC_CABLE_013,2026-07-19,353.9517487082426
ACC_CABLE_013,2026-07-20,267.5395151385648
ACC_CABLE_013,2026-07-21,293.87151451075084
ACC_CABLE_013,2026-07-22,244.49735337125097
ACC_CABLE_013,2026-07-23,269.5994502823601
ACC_CABLE_013,2026-07-24,221.1509076152348
ACC_CABLE_013,2026-07-25,415.51455614135887
ACC_CABLE_013,2026-07-26,395.08014839457934
ACC_CABLE_013,2026-07-27,241.09948559540948
ACC_CABLE_013,2026-07-28,241.29919988256964
ACC_CABLE_013,2026-07-29,250.3245997148012
ACC_CABLE_013,2026-07-30,269.25488623975934
ACC_CABLE_013,2026-07-31,228.39565053106844
ACC_CABLE_013,2026-08-01,395.889808976058
ACC_CABLE_013,2026-08-02,404.64638297242067
ACC_CABLE_013,2026-08-03,234.00325076632902
ACC_CABLE_013,2026-08-04,304.2292978805354
ACC_CABLE_013,2026-08-05,240.2454093825155
ACC_CABLE_013,2026-08-06,244.84962669006956
ACC_CABLE_013,2026-08-07,237.52494761429554
ACC_CABLE_013,2026-08-08,450.07321810874254
ACC_CABLE_013,2026-08-09,420.0803065321075
ACC_CABLE_013,2026-08-10,238.98447344890383
ACC_CABLE_013,2026-08-11,288.57080372441123
ACC_CABLE_013,2026-08-12,266.80690840179085
ACC_CABLE_013,2026-08-13,268.32553279089836
ACC_CABLE_013,2026-08-14,253.91365154819064
ACC_CABLE_013,2026-08-15,389.4641331156413
ACC_CABLE_013,2026-08-16,415.92393959712143
ACC_CABLE_013,2026-08-17,249.5088890341067
ACC_CABLE_013,2026-08-18,306.8154862357176
ACC_CABLE_013,2026-08-19,232.2831552531169
ACC_CABLE_013,2026-08-20,300.32499390308965
ACC_CABLE_013,2026-08-21,260.60608385909325
ACC_CABLE_013,2026-08-22,415.8878747633108
ACC_CABLE_013,2026-08-23,428.96241795243236
ACC_CABLE_013,2026-08-24,248.49796706089265
ACC_CABLE_013,2026-08-25,284.814810909707
ACC_CABLE_013,2026-08-26,198.52743869977553
ACC_CABLE_013,2026-08-27,246.77625329602907
ACC_CABLE_013,2026-08-28,241.98768006234624
ACC_CABLE_014,2026-04-01,176.16131755112212
ACC_CABLE_014,2026-04-02,180.09094196006464
ACC_CABLE_014,2026-04-03,185.52601282355408
ACC_CABLE_014,2026-04-04,259.9895082726982
ACC_CABLE_014,2026-04-05,252.69551664466107
ACC_CABLE_014,2026-04-06,144.2088121180464
ACC_CABLE_014,2026-04-07,145.8316210139407
ACC_CABLE_014,2026-04-08,161.63773253965297
ACC_CABLE_014,2026-04-09,134.0018482450183
ACC_CABLE_014,2026-04-10,149.98168040989108
ACC_CABLE_014,2026-04-11,260.5413050172465
ACC_CABLE_014,2026-04-12,260.3319755886344
ACC_CABLE_014,2026-04-13,147.19276057072966
ACC_CABLE_014,2026-04-14,143.08480070161593
ACC_CABLE_014,2026-04-15,145.63934945218512
ACC_CABLE_014,2026-04-16,159.6942802432416
ACC_CABLE_014,2026-04-17,197.68973400364058
ACC_CABLE_014,2026-04-18,277.2214592856831
ACC_CABLE_014,2026-04-19,263.7485299025363
ACC_CABLE_014,2026-04-20,172.7676413220336
ACC_CABLE_014,2026-04-21,180.35542446947028
ACC_CABLE_014,2026-04-22,175.02746027995676
ACC_CABLE_014,2026-04-23,159.33781942782116
ACC_CABLE_014,2026-04-24,150.83602987419823
ACC_CABLE_014,2026-04-25,259.1830858513189
ACC_CABLE_014,2026-04-26,277.51829083728194
ACC_CABLE_014,2026-04-27,160.54670207534772
ACC_CABLE_014,2026-04-28,147.26472237088385
ACC_CABLE_014,2026-04-29,137.4524873163334
ACC_CABLE_014,2026-04-30,163.4014047369808
ACC_CABLE_014,2026-05-01,148.98715989514073
ACC_CABLE_014,2026-05-02,255.2220942293421
ACC_CABLE_014,2026-05-03,285.8453437145385
ACC_CABLE_014,2026-05-04,165.08301964892425
ACC_CABLE_014,2026-05-05,154.0175815265447
ACC_CABLE_014,2026-05-06,171.22089562396908
ACC_CABLE_014,2026-05-07,197.32737013999204
ACC_CABLE_014,2026-05-08,164.6067904006469
ACC_CABLE_014,2026-05-09,225.37602652730328
ACC_CABLE_014,2026-05-10,273.9162328820683
ACC_CABLE_014,2026-05-11,172.57752398092208
ACC_CABLE_014,2026-05-12,168.6009699234812
ACC_CABLE_014,2026-05-13,163.77124613555844
ACC_CABLE_014,2026-05-14,154.452917984355
ACC_CABLE_014,2026-05-15,191.9910850053351
ACC_CABLE_014,2026-05-16,234.75321971118436
ACC_CABLE_014,2026-05-17,259.525726598931
ACC_CABLE_014,2026-05-18,162.69932323746747
ACC_CABLE_014,2026-05-19,181.9404130185948
ACC_CABLE_014,2026-05-20,188.24413639067828
ACC_CABLE_014,2026-05-21,164.84958565855737
ACC_CABLE_014,2026-05-22,171.75675022152586
ACC_CABLE_014,2026-05-23,269.8755877130836
ACC_CABLE_014,2026-05-24,282.5085524544943
ACC_CABLE_014,2026-05-25,185.72696020254534
ACC_CABLE_014,2026-05-26,160.58154193356722
ACC_CABLE_014,2026-05-27,176.4502125631246
ACC_CABLE_014,2026-05-28,175.72035385881313
ACC_CABLE_014,2026-05-29,167.8338498557171
ACC_CABLE_014,2026-05-30,272.46788591791784
ACC_CABLE_014,2026-05-31,266.9250229662072
ACC_CABLE_014,2026-06-01,172.69203864574322
ACC_CABLE_014,2026-06-02,148.46829838142878
ACC_CABLE_014,2026-06-03,155.67082190969506
ACC_CABLE_014,2026-06-04,183.76586370412838
ACC_CABLE_014,2026-06-05,151.2595351832122
ACC_CABLE_014,2026-06-06,275.06875826805066
ACC_CABLE_014,2026-06-07,266.3390417054903
ACC_CABLE_014,2026-06-08,187.79354114221027
ACC_CABLE_014,2026-06-09,181.79568872775664
ACC_CABLE_014,2026-06-10,164.20220535564496
ACC_CABLE_014,2026-06-11,168.05570159926805
ACC_CABLE_014,2026-06-12,139.83284118558265
ACC_CABLE_014,2026-06-13,266.4505903453971
ACC_CABLE_014,2026-06-14,248.25060524407257
ACC_CABLE_014,2026-06-15,168.72882763606225
ACC_CABLE_014,2026-06-16,162.1295164333105
ACC_CABLE_014,2026-06-17,158.43626984957936
ACC_CABLE_014,2026-06-18,191.82236464513542
ACC_CABLE_014,2026-06-19,152.30300455818642
ACC_CABLE_014,2026-06-20,254.0946516740693
ACC_CABLE_014,2026-06-21,258.5088022014197
ACC_CABLE_014,2026-06-22,165.5539992521835
ACC_CABLE_014,2026-06-23,159.33386596530812
ACC_CABLE_014,2026-06-24,167.81770927386867
ACC_CABLE_014,2026-06-25,178.6146845007837
ACC_CABLE_014,2026-06-26,184.68472600426637
ACC_CABLE_014,2026-06-27,280.6530581143051
ACC_CABLE_014,2026-06-28,240.07793848886988
ACC_CABLE_014,2026-06-29,180.47115388553414
ACC_CABLE_014,2026-06-30,181.61456573268134
ACC_CABLE_014,2026-07-01,163.98537378625008
ACC_CABLE_014,2026-07-02,201.64971572154496
ACC_CABLE_014,2026-07-03,192.46142633221484
ACC_CABLE_014,2026-07-04,268.7533074314292
ACC_CABLE_014,2026-07-05,262.2549102851815
ACC_CABLE_014,2026-07-06,201.98825582118164
ACC_CABLE_014,2026-07-07,175.24387882046278
ACC_CABLE_014,2026-07-08,177.06909662833255
ACC_CABLE_014,2026-07-09,177.01655121372616
ACC_CABLE_014,2026-07-10,213.0799819865773
ACC_CABLE_014,2026-07-11,269.2641042478767
ACC_CABLE_014,2026-07-12,272.5193641735391
ACC_CABLE_014,2026-07-13,163.06989112571836
ACC_CABLE_014,2026-07-14,170.32905897955538
ACC_CABLE_014,2026-07-15,160.1445856719874
ACC_CABLE_014,2026-07-16,163.84719462616675
ACC_CABLE_014,2026-07-17,147.90977830929555
ACC_CABLE_014,2026-07-18,287.9925455927582
ACC_CABLE_014,2026-07-19,276.47361603513326
ACC_CABLE_014,2026-07-20,181.3496596057212
ACC_CABLE_014,2026-07-21,176.80574326482082
ACC_CABLE_014,2026-07-22,178.9554328820292
ACC_CABLE_014,2026-07-23,204.01813904713202
ACC_CABLE_014,2026-07-24,165.72275805146066
ACC_CABLE_014,2026-07-25,279.33154445229485
ACC_CABLE_014,2026-07-26,279.3951573994826
ACC_CABLE_014,2026-07-27,196.93602657717173
ACC_CABLE_014,2026-07-28,185.76234248211537
ACC_CABLE_014,2026-07-29,186.72159340172033
ACC_CABLE_014,2026-07-30,158.74185991430832
ACC_CABLE_014,2026-07-31,166.1266721375498
ACC_CABLE_014,2026-08-01,257.1130966945762
ACC_CABLE_014,2026-08-02,236.1884640604423
ACC_CABLE_014,2026-08-03,185.99490931133298
ACC_CABLE_014,2026-08-04,175.537775677481
ACC_CABLE_014,2026-08-05,186.32505418613306
ACC_CABLE_014,2026-08-06,180.62137741662156
ACC_CABLE_014,2026-08-07,184.0710246747781
ACC_CABLE_014,2026-08-08,298.4936581295245
ACC_CABLE_014,2026-08-09,277.2174509373429
ACC_CABLE_014,2026-08-10,191.4207264114716
ACC_CABLE_014,2026-08-11,175.9338766548514
ACC_CABLE_014,2026-08-12,194.22908873219734
ACC_CABLE_014,2026-08-13,161.14183375901152
ACC_CABLE_014,2026-08-14,151.66534515585076
ACC_CABLE_014,2026-08-15,311.91723359379745
ACC_CABLE_014,2026-08-16,307.71449685224326
ACC_CABLE_014,2026-08-17,150.37721660721328
ACC_CABLE_014,2026-08-18,181.26857545178194
ACC_CABLE_014,2026-08-19,184.41365312356615
ACC_CABLE_014,2026-08-20,193.78984246969105
ACC_CABLE_014,2026-08-21,210.30126323447487
ACC_CABLE_014,2026-08-22,261.9612949424922
ACC_CABLE_014,2026-08-23,262.97632260920136
ACC_CABLE_014,2026-08-24,182.73114406332147
ACC_CABLE_014,2026-08-25,167.3863936544439
ACC_CABLE_014,2026-08-26,139.3523978659814
ACC_CABLE_014,2026-08-27,179.54143495712424
ACC_CABLE_014,2026-08-28,197.1564569052227
ACC_CABLE_015,2026-04-01,407.75889297539345
ACC_CABLE_015,2026-04-02,456.71351261153757
ACC_CABLE_015,2026-04-03,395.9522525389519
ACC_CABLE_015,2026-04-04,660.7875642966517
ACC_CABLE_015,2026-04-05,788.2307809977576
ACC_CABLE_015,2026-04-06,411.1313443343798
ACC_CABLE_015,2026-04-07,489.1989542024253
ACC_CABLE_015,2026-04-08,436.8824877816366
ACC_CABLE_015,2026-04-09,393.2210767873522
ACC_CABLE_015,2026-04-10,386.43953953221967
ACC_CABLE_015,2026-04-11,665.1981873075122
ACC_CABLE_015,2026-04-12,618.9013653230178
ACC_CABLE_015,2026-04-13,380.94956239457844
ACC_CABLE_015,2026-04-14,399.39298505743017
ACC_CABLE_015,2026-04-15,429.27375698998003
ACC_CABLE_015,2026-04-16,493.02888428725345
ACC_CABLE_015,2026-04-17,397.27439128787205
ACC_CABLE_015,2026-04-18,685.7029989246917
ACC_CABLE_015,2026-04-19,599.1422393668449
ACC_CABLE_015,2026-04-20,461.85197859682364
ACC_CABLE_015,2026-04-21,346.55017314053134
ACC_CABLE_015,2026-04-22,451.2830385922095
ACC_CABLE_015,2026-04-23,414.9416144388052
ACC_CABLE_015,2026-04-24,413.4429028762987
ACC_CABLE_015,2026-04-25,655.1390142063685
ACC_CABLE_015,2026-04-26,613.7480160877279
ACC_CABLE_015,2026-04-27,367.09677384044465
ACC_CABLE_015,2026-04-28,453.76558647561774
ACC_CABLE_015,2026-04-29,419.69537637752757
ACC_CABLE_015,2026-04-30,406.58639548997763
ACC_CABLE_015,2026-05-01,437.90101495139635
ACC_CABLE_015,2026-05-02,672.8543767536819
ACC_CABLE_015,2026-05-03,635.893340677495
ACC_CABLE_015,2026-05-04,522.0813433724671
ACC_CABLE_015,2026-05-05,450.841389707879
ACC_CABLE_015,2026-05-06,425.5233457944216
ACC_CABLE_015,2026-05-07,399.08513095812145
ACC_CABLE_015,2026-05-08,460.08952710155893
ACC_CABLE_015,2026-05-09,637.015933406367
ACC_CABLE_015,2026-05-10,633.6713482497756
ACC_CABLE_015,2026-05-11,491.2730138832259
ACC_CABLE_015,2026-05-12,422.4230198069344
ACC_CABLE_015,2026-05-13,389.62100875132285
ACC_CABLE_015,2026-05-14,421.6859564686466
ACC_CABLE_015,2026-05-15,456.88274198470765
ACC_CABLE_015,2026-05-16,696.5320598391405
ACC_CABLE_015,2026-05-17,711.3318839180878
ACC_CABLE_015,2026-05-18,370.1934300363116
ACC_CABLE_015,2026-05-19,461.58969020950605
ACC_CABLE_015,2026-05-20,414.91906079387746
ACC_CABLE_015,2026-05-21,426.19768181821087
ACC_CABLE_015,2026-05-22,472.8440214862583
ACC_CABLE_015,2026-05-23,700.9631154407584
ACC_CABLE_015,2026-05-24,686.5186779596193
ACC_CABLE_015,2026-05-25,340.7641376494014
ACC_CABLE_015,2026-05-26,421.3616730017181
ACC_CABLE_015,2026-05-27,390.8359714158242
ACC_CABLE_015,2026-05-28,453.0583801324906
ACC_CABLE_015,2026-05-29,464.82476476197996
ACC_CABLE_015,2026-05-30,660.3157125545154
ACC_CABLE_015,2026-05-31,645.3177787547695
ACC_CABLE_015,2026-06-01,488.7364830139112
ACC_CABLE_015,2026-06-02,399.2693759689317
ACC_CABLE_015,2026-06-03,374.87669345799554
ACC_CABLE_015,2026-06-04,390.04414714971387
ACC_CABLE_015,2026-06-05,401.7175253932603
ACC_CABLE_015,2026-06-06,638.1534333025937
ACC_CABLE_015,2026-06-07,709.1337424060399
ACC_CABLE_015,2026-06-08,333.98659200867854
ACC_CABLE_015,2026-06-09,388.7237429250106
ACC_CABLE_015,2026-06-10,423.52885601362317
ACC_CABLE_015,2026-06-11,434.37521813009516
ACC_CABLE_015,2026-06-12,496.01114575727024
ACC_CABLE_015,2026-06-13,739.077365079693
ACC_CABLE_015,2026-06-14,608.6694080283015
ACC_CABLE_015,2026-06-15,347.06601046636246
ACC_CABLE_015,2026-06-16,427.4363073883964
ACC_CABLE_015,2026-06-17,398.61281268678187
ACC_CABLE_015,2026-06-18,377.2309068076978
ACC_CABLE_015,2026-06-19,427.5190172446172
ACC_CABLE_015,2026-06-20,685.573938710879
ACC_CABLE_015,2026-06-21,641.3328097547666
ACC_CABLE_015,2026-06-22,401.400483080944
ACC_CABLE_015,2026-06-23,395.82527661341254
ACC_CABLE_015,2026-06-24,410.52311348931687
ACC_CABLE_015,2026-06-25,450.2199301246741
ACC_CABLE_015,2026-06-26,383.1669067622091
ACC_CABLE_015,2026-06-27,650.4615727698496
ACC_CABLE_015,2026-06-28,660.6297910619517
ACC_CABLE_015,2026-06-29,428.0697751860617
ACC_CABLE_015,2026-06-30,439.9533564558676
ACC_CABLE_015,2026-07-01,513.4037003811978
ACC_CABLE_015,2026-07-02,452.5432172807482
ACC_CABLE_015,2026-07-03,453.6811509021254
ACC_CABLE_015,2026-07-04,667.0355599488993
ACC_CABLE_015,2026-07-05,637.5855694785565
ACC_CABLE_015,2026-07-06,407.47911838373403
ACC_CABLE_015,2026-07-07,400.071201656082
ACC_CABLE_015,2026-07-08,445.97757303551447
ACC_CABLE_015,2026-07-09,361.3218209196151
ACC_CABLE_015,2026-07-10,454.59014936287065
ACC_CABLE_015,2026-07-11,674.284557038405
ACC_CABLE_015,2026-07-12,709.7339516565951
ACC_CABLE_015,2026-07-13,400.40781015009765
ACC_CABLE_015,2026-07-14,393.1931568340468
ACC_CABLE_015,2026-07-15,413.87324815990456
ACC_CABLE_015,2026-07-16,413.02805601071617
ACC_CABLE_015,2026-07-17,464.5134590596096
ACC_CABLE_015,2026-07-18,713.2674005718683
ACC_CABLE_015,2026-07-19,759.4084579667199
ACC_CABLE_015,2026-07-20,410.9370760025073
ACC_CABLE_015,2026-07-21,292.72665024576486
ACC_CABLE_015,2026-07-22,414.8089632192211
ACC_CABLE_015,2026-07-23,441.5223038961468
ACC_CABLE_015,2026-07-24,461.75302367866504
ACC_CABLE_015,2026-07-25,693.8495772582744
ACC_CABLE_015,2026-07-26,660.8044823767775
ACC_CABLE_015,2026-07-27,503.6878208327456
ACC_CABLE_015,2026-07-28,389.7999642766676
ACC_CABLE_015,2026-07-29,421.45223878468374
ACC_CABLE_015,2026-07-30,388.18374160427646
ACC_CABLE_015,2026-07-31,433.9624356267421
ACC_CABLE_015,2026-08-01,748.243738989074
ACC_CABLE_015,2026-08-02,676.6015741581994
ACC_CABLE_015,2026-08-03,428.00580613812065
ACC_CABLE_015,2026-08-04,363.36757665234376
ACC_CABLE_015,2026-08-05,421.98982428967355
ACC_CABLE_015,2026-08-06,481.79521257638413
ACC_CABLE_015,2026-08-07,423.8151991252314
ACC_CABLE_015,2026-08-08,670.1617061226391
ACC_CABLE_015,2026-08-09,729.3871548974967
ACC_CABLE_015,2026-08-10,421.6370893117215
ACC_CABLE_015,2026-08-11,488.4202257374256
ACC_CABLE_015,2026-08-12,381.63745679140857
ACC_CABLE_015,2026-08-13,463.2309399559028
ACC_CABLE_015,2026-08-14,503.57266211936144
ACC_CABLE_015,2026-08-15,726.2260612443789
ACC_CABLE_015,2026-08-16,607.0581476071361
ACC_CABLE_015,2026-08-17,409.21041548061834
ACC_CABLE_015,2026-08-18,425.809011726702
ACC_CABLE_015,2026-08-19,477.91315311334387
ACC_CABLE_015,2026-08-20,380.8878481772254
ACC_CABLE_015,2026-08-21,394.0141281787051
ACC_CABLE_015,2026-08-22,618.8362156475304
ACC_CABLE_015,2026-08-23,651.3292896213558
ACC_CABLE_015,2026-08-24,384.808323735649
ACC_CABLE_015,2026-08-25,503.2130931981509
ACC_CABLE_015,2026-08-26,410.1838432681094
ACC_CABLE_015,2026-08-27,465.87339962339536
ACC_CABLE_015,2026-08-28,438.09573454958314
ACC_CABLE_016,2026-04-01,223.96663358093332
ACC_CABLE_016,2026-04-02,226.32407829461312
ACC_CABLE_016,2026-04-03,267.6302511267039
ACC_CABLE_016,2026-04-04,419.78839672620256
ACC_CABLE_016,2026-04-05,369.93198165939316
ACC_CABLE_016,2026-04-06,227.86977097768232
ACC_CABLE_016,2026-04-07,248.01756801829137
ACC_CABLE_016,2026-04-08,253.6441213596489
ACC_CABLE_016,2026-04-09,254.5086329080742
ACC_CABLE_016,2026-04-10,219.0950400716025
ACC_CABLE_016,2026-04-11,405.7540598166879
ACC_CABLE_016,2026-04-12,386.77225848926486
ACC_CABLE_016,2026-04-13,224.4087958099237
ACC_CABLE_016,2026-04-14,253.6728995800335
ACC_CABLE_016,2026-04-15,251.25256053187042
ACC_CABLE_016,2026-04-16,274.45266960405064
ACC_CABLE_016,2026-04-17,232.70359714496092
ACC_CABLE_016,2026-04-18,411.6762950118603
ACC_CABLE_016,2026-04-19,366.36938525159957
ACC_CABLE_016,2026-04-20,247.9236369342444
ACC_CABLE_016,2026-04-21,266.6846814418905
ACC_CABLE_016,2026-04-22,268.9601349234021
ACC_CABLE_016,2026-04-23,269.2818116584098
ACC_CABLE_016,2026-04-24,275.72027009070837
ACC_CABLE_016,2026-04-25,395.56609618691806
ACC_CABLE_016,2026-04-26,419.44228104825874
ACC_CABLE_016,2026-04-27,302.9923680160489
ACC_CABLE_016,2026-04-28,244.2782572299331
ACC_CABLE_016,2026-04-29,290.9809900006304
ACC_CABLE_016,2026-04-30,278.4371184796509
ACC_CABLE_016,2026-05-01,249.78864950496023
ACC_CABLE_016,2026-05-02,403.24153737032424
ACC_CABLE_016,2026-05-03,410.983739463614
ACC_CABLE_016,2026-05-04,277.61815784959634
ACC_CABLE_016,2026-05-05,267.24639271464457
ACC_CABLE_016,2026-05-06,245.2800605501018
ACC_CABLE_016,2026-05-07,204.93226435559436
ACC_CABLE_016,2026-05-08,274.48878376475426
ACC_CABLE_016,2026-05-09,360.20105732889897
ACC_CABLE_016,2026-05-10,374.62731138485765
ACC_CABLE_016,2026-05-11,247.85757469351768
ACC_CABLE_016,2026-05-12,227.55521928834017
ACC_CABLE_016,2026-05-13,266.301716380648
ACC_CABLE_016,2026-05-14,250.98605736964495
ACC_CABLE_016,2026-05-15,278.3878207066459
ACC_CABLE_016,2026-05-16,369.43551816283906
ACC_CABLE_016,2026-05-17,393.4201775520927
ACC_CABLE_016,2026-05-18,259.1558243086966
ACC_CABLE_016,2026-05-19,260.2767488887501
ACC_CABLE_016,2026-05-20,276.83971741801344
ACC_CABLE_016,2026-05-21,236.4523677740827
ACC_CABLE_016,2026-05-22,247.8561408179244
ACC_CABLE_016,2026-05-23,423.7852114541854
ACC_CABLE_016,2026-05-24,355.74626936820334
ACC_CABLE_016,2026-05-25,269.8003683476858
ACC_CABLE_016,2026-05-26,279.50150511551203
ACC_CABLE_016,2026-05-27,226.79174978850833
ACC_CABLE_016,2026-05-28,252.61142170321767
ACC_CABLE_016,2026-05-29,298.3150273759801
ACC_CABLE_016,2026-05-30,428.677673102825
ACC_CABLE_016,2026-05-31,423.46370127886587
ACC_CABLE_016,2026-06-01,286.12217474113703
ACC_CABLE_016,2026-06-02,306.7745369638351
ACC_CABLE_016,2026-06-03,261.91705855942297
ACC_CABLE_016,2026-06-04,251.338837093605
ACC_CABLE_016,2026-06-05,286.66116795654307
ACC_CABLE_016,2026-06-06,408.3761809740724
ACC_CABLE_016,2026-06-07,389.86392981792267
ACC_CABLE_016,2026-06-08,248.59033042472146
ACC_CABLE_016,2026-06-09,270.2207054678712
ACC_CABLE_016,2026-06-10,251.1701857792458
ACC_CABLE_016,2026-06-11,253.20062376481656
ACC_CABLE_016,2026-06-12,236.91164147094088
ACC_CABLE_016,2026-06-13,450.3212362083109
ACC_CABLE_016,2026-06-14,405.6658066638758
ACC_CABLE_016,2026-06-15,245.31992354049595
ACC_CABLE_016,2026-06-16,248.1509052735385
ACC_CABLE_016,2026-06-17,283.7736545690461
ACC_CABLE_016,2026-06-18,278.1446041782797
ACC_CABLE_016,2026-06-19,251.20326145559963
ACC_CABLE_016,2026-06-20,416.0142885569806
ACC_CABLE_016,2026-06-21,422.32295148108267
ACC_CABLE_016,2026-06-22,246.55716654885876
ACC_CABLE_016,2026-06-23,225.62630575777217
ACC_CABLE_016,2026-06-24,277.57894296966737
ACC_CABLE_016,2026-06-25,248.40189906724345
ACC_CABLE_016,2026-06-26,275.99677842967475
ACC_CABLE_016,2026-06-27,424.3398713846382
ACC_CABLE_016,2026-06-28,417.8059659916389
ACC_CABLE_016,2026-06-29,254.61159585050038
ACC_CABLE_016,2026-06-30,249.52500879260137
ACC_CABLE_016,2026-07-01,236.96188139308714
ACC_CABLE_016,2026-07-02,250.30835154939498
ACC_CABLE_016,2026-07-03,280.2841382910647
ACC_CABLE_016,2026-07-04,452.5252087015247
ACC_CABLE_016,2026-07-05,448.9777034245065
ACC_CABLE_016,2026-07-06,270.06466000760696
ACC_CABLE_016,2026-07-07,301.76181032917725
ACC_CABLE_016,2026-07-08,258.9681957779083
ACC_CABLE_016,2026-07-09,234.31562360062026
ACC_CABLE_016,2026-07-10,315.40603536409895
ACC_CABLE_016,2026-07-11,431.77676881871065
ACC_CABLE_016,2026-07-12,379.82730508639406
ACC_CABLE_016,2026-07-13,306.7380241816615
ACC_CABLE_016,2026-07-14,248.86575337525866
ACC_CABLE_016,2026-07-15,254.49776710532663
ACC_CABLE_016,2026-07-16,293.6388551048967
ACC_CABLE_016,2026-07-17,302.3650192641487
ACC_CABLE_016,2026-07-18,394.1813764832802
ACC_CABLE_016,2026-07-19,456.6189672030749
ACC_CABLE_016,2026-07-20,290.5307672695179
ACC_CABLE_016,2026-07-21,248.49632993914622
ACC_CABLE_016,2026-07-22,262.6031621400557
ACC_CABLE_016,2026-07-23,307.15662459365365
ACC_CABLE_016,2026-07-24,229.773847614271
ACC_CABLE_016,2026-07-25,455.24400227248395
ACC_CABLE_016,2026-07-26,441.9294596214805
ACC_CABLE_016,2026-07-27,282.38034720922167
ACC_CABLE_016,2026-07-28,273.0187313519894
ACC_CABLE_016,2026-07-29,319.4974771580545
ACC_CABLE_016,2026-07-30,323.37167473776356
ACC_CABLE_016,2026-07-31,254.6462102995551
ACC_CABLE_016,2026-08-01,436.92756063823805
ACC_CABLE_016,2026-08-02,468.8842877288814
ACC_CABLE_016,2026-08-03,250.81687655879978
ACC_CABLE_016,2026-08-04,276.8771172726593
ACC_CABLE_016,2026-08-05,296.19766114551874
ACC_CABLE_016,2026-08-06,220.27468619548506
ACC_CABLE_016,2026-08-07,292.0795917631868
ACC_CABLE_016,2026-08-08,395.12151301005804
ACC_CABLE_016,2026-08-09,427.5467503968829
ACC_CABLE_016,2026-08-10,300.4874902424738
ACC_CABLE_016,2026-08-11,211.59264646231378
ACC_CABLE_016,2026-08-12,291.7536439711462
ACC_CABLE_016,2026-08-13,323.465890412697
ACC_CABLE_016,2026-08-14,258.8108148084202
ACC_CABLE_016,2026-08-15,438.13259169895997
ACC_CABLE_016,2026-08-16,457.39921553362467
ACC_CABLE_016,2026-08-17,232.55778478510865
ACC_CABLE_016,2026-08-18,291.9357179150506
ACC_CABLE_016,2026-08-19,298.7989090614641
ACC_CABLE_016,2026-08-20,289.2432295424065
ACC_CABLE_016,2026-08-21,275.48289184356906
ACC_CABLE_016,2026-08-22,399.43959789848566
ACC_CABLE_016,2026-08-23,459.8638685091134
ACC_CABLE_016,2026-08-24,274.61948984383775
ACC_CABLE_016,2026-08-25,251.12221360188536
ACC_CABLE_016,2026-08-26,266.0357490735529
ACC_CABLE_016,2026-08-27,283.4833143816339
ACC_CABLE_016,2026-08-28,235.00813908651793
ACC_CABLE_017,2026-04-01,128.16094041629609
ACC_CABLE_017,2026-04-02,176.91212885544488
ACC_CABLE_017,2026-04-03,198.1878887865032
ACC_CABLE_017,2026-04-04,281.8564556988173
ACC_CABLE_017,2026-04-05,267.4396782369928
ACC_CABLE_017,2026-04-06,151.42041070964387
ACC_CABLE_017,2026-04-07,139.25992421584166
ACC_CABLE_017,2026-04-08,142.28290074231114
ACC_CABLE_017,2026-04-09,167.98880611238377
ACC_CABLE_017,2026-04-10,205.95677931182644
ACC_CABLE_017,2026-04-11,225.98145969832925
ACC_CABLE_017,2026-04-12,283.88368232807255
ACC_CABLE_017,2026-04-13,159.3466095306776
ACC_CABLE_017,2026-04-14,165.280135192421
ACC_CABLE_017,2026-04-15,155.2528888174062
ACC_CABLE_017,2026-04-16,148.14028442387132
ACC_CABLE_017,2026-04-17,173.52326933356224
ACC_CABLE_017,2026-04-18,277.39137892133743
ACC_CABLE_017,2026-04-19,284.39494699235604
ACC_CABLE_017,2026-04-20,143.36938136677156
ACC_CABLE_017,2026-04-21,186.7701324357797
ACC_CABLE_017,2026-04-22,187.2215476669126
ACC_CABLE_017,2026-04-23,179.47394330069187
ACC_CABLE_017,2026-04-24,165.335748671543
ACC_CABLE_017,2026-04-25,279.2124816554932
ACC_CABLE_017,2026-04-26,271.43841093990557
ACC_CABLE_017,2026-04-27,189.2679259767466
ACC_CABLE_017,2026-04-28,166.85540136503738
ACC_CABLE_017,2026-04-29,175.0256128682957
ACC_CABLE_017,2026-04-30,143.9723581159877
ACC_CABLE_017,2026-05-01,178.65956643731474
ACC_CABLE_017,2026-05-02,262.38252977970996
ACC_CABLE_017,2026-05-03,283.86067907339367
ACC_CABLE_017,2026-05-04,187.27438072968837
ACC_CABLE_017,2026-05-05,163.79145727860038
ACC_CABLE_017,2026-05-06,174.77708231170442
ACC_CABLE_017,2026-05-07,177.34896400187006
ACC_CABLE_017,2026-05-08,180.77027706967314
ACC_CABLE_017,2026-05-09,289.4485972533822
ACC_CABLE_017,2026-05-10,287.3872888805426
ACC_CABLE_017,2026-05-11,168.57985380750657
ACC_CABLE_017,2026-05-12,202.16164060270438
ACC_CABLE_017,2026-05-13,188.00858834644154
ACC_CABLE_017,2026-05-14,199.19694022905924
ACC_CABLE_017,2026-05-15,181.45934362498542
ACC_CABLE_017,2026-05-16,284.0081121942074
ACC_CABLE_017,2026-05-17,275.3194712312632
ACC_CABLE_017,2026-05-18,168.55021131440296
ACC_CABLE_017,2026-05-19,192.68321526066381
ACC_CABLE_017,2026-05-20,180.82158155542592
ACC_CABLE_017,2026-05-21,174.27657101082363
ACC_CABLE_017,2026-05-22,159.3676377387733
ACC_CABLE_017,2026-05-23,304.48145258726726
ACC_CABLE_017,2026-05-24,280.2533698452905
ACC_CABLE_017,2026-05-25,156.36838844500647
ACC_CABLE_017,2026-05-26,178.62603967243444
ACC_CABLE_017,2026-05-27,174.00444460117052
ACC_CABLE_017,2026-05-28,173.461105837547
ACC_CABLE_017,2026-05-29,187.43879065331606
ACC_CABLE_017,2026-05-30,275.8777820878291
ACC_CABLE_017,2026-05-31,274.2370660198397
ACC_CABLE_017,2026-06-01,201.17464005426672
ACC_CABLE_017,2026-06-02,148.90131811807254
ACC_CABLE_017,2026-06-03,177.58163899658672
ACC_CABLE_017,2026-06-04,194.29759644513393
ACC_CABLE_017,2026-06-05,189.3451583862827
ACC_CABLE_017,2026-06-06,297.53882122637486
ACC_CABLE_017,2026-06-07,314.6145647700397
ACC_CABLE_017,2026-06-08,207.91228447177465
ACC_CABLE_017,2026-06-09,159.8214633353794
ACC_CABLE_017,2026-06-10,152.27911226778332
ACC_CABLE_017,2026-06-11,185.17380567320492
ACC_CABLE_017,2026-06-12,156.91541118167623
ACC_CABLE_017,2026-06-13,248.7926684887032
ACC_CABLE_017,2026-06-14,286.84450429786085
ACC_CABLE_017,2026-06-15,189.83306600070046
ACC_CABLE_017,2026-06-16,209.31827690977832
ACC_CABLE_017,2026-06-17,193.53648508283817
ACC_CABLE_017,2026-06-18,213.14056545288696
ACC_CABLE_017,2026-06-19,186.85886573217803
ACC_CABLE_017,2026-06-20,263.1970329663189
ACC_CABLE_017,2026-06-21,296.44496124930043
ACC_CABLE_017,2026-06-22,203.849891381885
ACC_CABLE_017,2026-06-23,188.05932632470555
ACC_CABLE_017,2026-06-24,206.114302864512
ACC_CABLE_017,2026-06-25,179.6670629496886
ACC_CABLE_017,2026-06-26,191.125695079249
ACC_CABLE_017,2026-06-27,280.50378782532243
ACC_CABLE_017,2026-06-28,323.80583669461106
ACC_CABLE_017,2026-06-29,196.56730559892986
ACC_CABLE_017,2026-06-30,163.6276832886146
ACC_CABLE_017,2026-07-01,213.95889721722108
ACC_CABLE_017,2026-07-02,170.40926208376015
ACC_CABLE_017,2026-07-03,183.1814617166745
ACC_CABLE_017,2026-07-04,292.4142834494537
ACC_CABLE_017,2026-07-05,293.9448643748578
ACC_CABLE_017,2026-07-06,191.57490557695394
ACC_CABLE_017,2026-07-07,164.40153095976325
ACC_CABLE_017,2026-07-08,191.93088533423966
ACC_CABLE_017,2026-07-09,202.45091633759338
ACC_CABLE_017,2026-07-10,202.11450210690128
ACC_CABLE_017,2026-07-11,263.54936717066056
ACC_CABLE_017,2026-07-12,274.6194663029707
ACC_CABLE_017,2026-07-13,166.7975841792051
ACC_CABLE_017,2026-07-14,190.34283956480758
ACC_CABLE_017,2026-07-15,158.52715247663622
ACC_CABLE_017,2026-07-16,165.9256471484432
ACC_CABLE_017,2026-07-17,173.8092186748942
ACC_CABLE_017,2026-07-18,256.2342471033008
ACC_CABLE_017,2026-07-19,286.2801951447813
ACC_CABLE_017,2026-07-20,149.90023046076317
ACC_CABLE_017,2026-07-21,193.8523266052857
ACC_CABLE_017,2026-07-22,179.09033430649603
ACC_CABLE_017,2026-07-23,175.4046837977041
ACC_CABLE_017,2026-07-24,178.31334829547953
ACC_CABLE_017,2026-07-25,286.6294750402081
ACC_CABLE_017,2026-07-26,297.8194384883587
ACC_CABLE_017,2026-07-27,208.8089439237913
ACC_CABLE_017,2026-07-28,203.83500827713272
ACC_CABLE_017,2026-07-29,224.56553265492482
ACC_CABLE_017,2026-07-30,198.4125228384789
ACC_CABLE_017,2026-07-31,189.52132523011946
ACC_CABLE_017,2026-08-01,280.9761622532955
ACC_CABLE_017,2026-08-02,281.6877976276713
ACC_CABLE_017,2026-08-03,196.70974264896407
ACC_CABLE_017,2026-08-04,170.85939400394835
ACC_CABLE_017,2026-08-05,191.76969675234372
ACC_CABLE_017,2026-08-06,187.73118326091438
ACC_CABLE_017,2026-08-07,175.89515974511133
ACC_CABLE_017,2026-08-08,271.9848840488716
ACC_CABLE_017,2026-08-09,332.56772577926813
ACC_CABLE_017,2026-08-10,165.04794729091088
ACC_CABLE_017,2026-08-11,187.6548802625422
ACC_CABLE_017,2026-08-12,209.6116663578568
ACC_CABLE_017,2026-08-13,198.0410610172879
ACC_CABLE_017,2026-08-14,181.24724910434932
ACC_CABLE_017,2026-08-15,270.6527134092838
ACC_CABLE_017,2026-08-16,293.143390891086
ACC_CABLE_017,2026-08-17,145.0921922896205
ACC_CABLE_017,2026-08-18,192.72075332069016
ACC_CABLE_017,2026-08-19,190.58856931851773
ACC_CABLE_017,2026-08-20,208.23506059209953
ACC_CABLE_017,2026-08-21,170.9775583418731
ACC_CABLE_017,2026-08-22,286.38333334260153
ACC_CABLE_017,2026-08-23,299.3836378315541
ACC_CABLE_017,2026-08-24,194.2240951220902
ACC_CABLE_017,2026-08-25,168.20927420221392
ACC_CABLE_017,2026-08-26,180.1072207565124
ACC_CABLE_017,2026-08-27,214.85850536791054
ACC_CABLE_017,2026-08-28,195.73261591141986
ACC_CABLE_018,2026-04-01,364.27812433339506
ACC_CABLE_018,2026-04-02,475.7472448097996
ACC_CABLE_018,2026-04-03,367.4121314714935
ACC_CABLE_018,2026-04-04,686.2332042543228
ACC_CABLE_018,2026-04-05,724.4151854349922
ACC_CABLE_018,2026-04-06,490.7889469568188
ACC_CABLE_018,2026-04-07,335.7327108142231
ACC_CABLE_018,2026-04-08,469.14648769646953
ACC_CABLE_018,2026-04-09,475.8573667702054
ACC_CABLE_018,2026-04-10,414.0084240414897
ACC_CABLE_018,2026-04-11,704.6727272082811
ACC_CABLE_018,2026-04-12,567.4788355151833
ACC_CABLE_018,2026-04-13,318.71326024289425
ACC_CABLE_018,2026-04-14,487.3928798643607
ACC_CABLE_018,2026-04-15,415.55027849331316
ACC_CABLE_018,2026-04-16,424.1205254833565
ACC_CABLE_018,2026-04-17,449.65535884142895
ACC_CABLE_018,2026-04-18,685.7587623890506
ACC_CABLE_018,2026-04-19,681.8551537644354
ACC_CABLE_018,2026-04-20,457.0891720054692
ACC_CABLE_018,2026-04-21,374.6450655394107
ACC_CABLE_018,2026-04-22,490.8384013863079
ACC_CABLE_018,2026-04-23,430.2380739129908
ACC_CABLE_018,2026-04-24,396.50272351762385
ACC_CABLE_018,2026-04-25,652.9728367863742
ACC_CABLE_018,2026-04-26,704.8138874380977
ACC_CABLE_018,2026-04-27,427.5121680826849
ACC_CABLE_018,2026-04-28,373.3656887435302
ACC_CABLE_018,2026-04-29,414.89980589497543
ACC_CABLE_018,2026-04-30,405.9880035740209
ACC_CABLE_018,2026-05-01,496.643130645962
ACC_CABLE_018,2026-05-02,709.5507705342652
ACC_CABLE_018,2026-05-03,772.5801330197934
ACC_CABLE_018,2026-05-04,410.92412639515084
ACC_CABLE_018,2026-05-05,429.3775364618859
ACC_CABLE_018,2026-05-06,459.1423759428007
ACC_CABLE_018,2026-05-07,468.80059508208524
ACC_CABLE_018,2026-05-08,474.0573098661946
ACC_CABLE_018,2026-05-09,666.1027225586572
ACC_CABLE_018,2026-05-10,667.482021713511
ACC_CABLE_018,2026-05-11,427.4681341360104
ACC_CABLE_018,2026-05-12,507.86562996054056
ACC_CABLE_018,2026-05-13,399.5701448840419
ACC_CABLE_018,2026-05-14,420.4233772309542
ACC_CABLE_018,2026-05-15,475.4947908602933
ACC_CABLE_018,2026-05-16,735.5066813695234
ACC_CABLE_018,2026-05-17,730.3717826736431
ACC_CABLE_018,2026-05-18,447.5828644800555
ACC_CABLE_018,2026-05-19,397.6536607382765
ACC_CABLE_018,2026-05-20,414.1630919069767
ACC_CABLE_018,2026-05-21,493.72762068809516
ACC_CABLE_018,2026-05-22,478.4579514632759
ACC_CABLE_018,2026-05-23,648.6611595302121
ACC_CABLE_018,2026-05-24,745.1452984181008
ACC_CABLE_018,2026-05-25,502.2936177740015
ACC_CABLE_018,2026-05-26,447.60240546678745
ACC_CABLE_018,2026-05-27,464.0284875956988
ACC_CABLE_018,2026-05-28,489.7519026096803
ACC_CABLE_018,2026-05-29,415.297193487703
ACC_CABLE_018,2026-05-30,809.8534240619588
ACC_CABLE_018,2026-05-31,761.6485076668536
ACC_CABLE_018,2026-06-01,469.05003003279126
ACC_CABLE_018,2026-06-02,444.79200720912814
ACC_CABLE_018,2026-06-03,468.0717743296208
ACC_CABLE_018,2026-06-04,378.4156548083638
ACC_CABLE_018,2026-06-05,537.7372354576503
ACC_CABLE_018,2026-06-06,758.4325617594307
ACC_CABLE_018,2026-06-07,773.2273941802586
ACC_CABLE_018,2026-06-08,448.5440880529774
ACC_CABLE_018,2026-06-09,431.6053621313203
ACC_CABLE_018,2026-06-10,418.0327752135929
ACC_CABLE_018,2026-06-11,483.2032104066054
ACC_CABLE_018,2026-06-12,425.401692619021
ACC_CABLE_018,2026-06-13,701.9625020198284
ACC_CABLE_018,2026-06-14,734.1776418357085
ACC_CABLE_018,2026-06-15,419.437352554252
ACC_CABLE_018,2026-06-16,494.0204735860654
ACC_CABLE_018,2026-06-17,447.77471489621337
ACC_CABLE_018,2026-06-18,382.795185790466
ACC_CABLE_018,2026-06-19,419.5708829378241
ACC_CABLE_018,2026-06-20,768.3677041637006
ACC_CABLE_018,2026-06-21,670.4029901660639
ACC_CABLE_018,2026-06-22,488.371186192284
ACC_CABLE_018,2026-06-23,454.7671291835528
ACC_CABLE_018,2026-06-24,442.09669681443773
ACC_CABLE_018,2026-06-25,559.5503643892291
ACC_CABLE_018,2026-06-26,393.7797501839741
ACC_CABLE_018,2026-06-27,679.9061614619465
ACC_CABLE_018,2026-06-28,711.3761059854252
ACC_CABLE_018,2026-06-29,555.9182484325887
ACC_CABLE_018,2026-06-30,449.57787857417617
ACC_CABLE_018,2026-07-01,462.63485341487325
ACC_CABLE_018,2026-07-02,436.12398866806404
ACC_CABLE_018,2026-07-03,466.6220688831552
ACC_CABLE_018,2026-07-04,701.3341793299867
ACC_CABLE_018,2026-07-05,743.8355978137333
ACC_CABLE_018,2026-07-06,485.2319861674161
ACC_CABLE_018,2026-07-07,441.3196043844077
ACC_CABLE_018,2026-07-08,402.516522335202
ACC_CABLE_018,2026-07-09,455.93900231502465
ACC_CABLE_018,2026-07-10,513.272720406005
ACC_CABLE_018,2026-07-11,678.2249320518486
ACC_CABLE_018,2026-07-12,729.0921681101872
ACC_CABLE_018,2026-07-13,399.7591432084486
ACC_CABLE_018,2026-07-14,407.16041948337585
ACC_CABLE_018,2026-07-15,509.5759870027406
ACC_CABLE_018,2026-07-16,483.1200088217735
ACC_CABLE_018,2026-07-17,468.2997761826793
ACC_CABLE_018,2026-07-18,613.9385083497276
ACC_CABLE_018,2026-07-19,691.388581518216
ACC_CABLE_018,2026-07-20,480.01777193488823
ACC_CABLE_018,2026-07-21,390.3258373038527
ACC_CABLE_018,2026-07-22,438.33520846099435
ACC_CABLE_018,2026-07-23,487.45276715406413
ACC_CABLE_018,2026-07-24,388.063238226832
ACC_CABLE_018,2026-07-25,643.0651761503376
ACC_CABLE_018,2026-07-26,651.3197113201294
ACC_CABLE_018,2026-07-27,469.1670037474231
ACC_CABLE_018,2026-07-28,430.35916428869115
ACC_CABLE_018,2026-07-29,493.22072497643813
ACC_CABLE_018,2026-07-30,460.28850343475267
ACC_CABLE_018,2026-07-31,537.3293671738924
ACC_CABLE_018,2026-08-01,663.4220279365035
ACC_CABLE_018,2026-08-02,732.1484235132676
ACC_CABLE_018,2026-08-03,420.8491145062228
ACC_CABLE_018,2026-08-04,481.9792949527689
ACC_CABLE_018,2026-08-05,461.1411984049231
ACC_CABLE_018,2026-08-06,412.65061999904935
ACC_CABLE_018,2026-08-07,449.3324468450421
ACC_CABLE_018,2026-08-08,721.7443859741492
ACC_CABLE_018,2026-08-09,692.5101993222087
ACC_CABLE_018,2026-08-10,488.4272072947823
ACC_CABLE_018,2026-08-11,411.74125265156846
ACC_CABLE_018,2026-08-12,548.3270739860492
ACC_CABLE_018,2026-08-13,498.7762661373936
ACC_CABLE_018,2026-08-14,472.48998690263954
ACC_CABLE_018,2026-08-15,843.9402338042672
ACC_CABLE_018,2026-08-16,706.2336413084644
ACC_CABLE_018,2026-08-17,484.417125412562
ACC_CABLE_018,2026-08-18,467.5811362592854
ACC_CABLE_018,2026-08-19,492.8493381931819
ACC_CABLE_018,2026-08-20,523.5302852408113
ACC_CABLE_018,2026-08-21,482.28908775791643
ACC_CABLE_018,2026-08-22,766.1763932252743
ACC_CABLE_018,2026-08-23,696.748044821854
ACC_CABLE_018,2026-08-24,449.741238512132
ACC_CABLE_018,2026-08-25,530.4931663834932
ACC_CABLE_018,2026-08-26,485.132614346233
ACC_CABLE_018,2026-08-27,470.05174328030284
ACC_CABLE_018,2026-08-28,426.4332280630503
ACC_CABLE_019,2026-04-01,407.3422660359077
ACC_CABLE_019,2026-04-02,460.4644467576385
ACC_CABLE_019,2026-04-03,401.38783210115594
ACC_CABLE_019,2026-04-04,594.0563359965353
ACC_CABLE_019,2026-04-05,589.7274330428821
ACC_CABLE_019,2026-04-06,383.19991656628537
ACC_CABLE_019,2026-04-07,387.56079028846307
ACC_CABLE_019,2026-04-08,376.47298375662825
ACC_CABLE_019,2026-04-09,404.31352521015367
ACC_CABLE_019,2026-04-10,375.76278098335007
ACC_CABLE_019,2026-04-11,648.4173945980848
ACC_CABLE_019,2026-04-12,617.7281930564029
ACC_CABLE_019,2026-04-13,424.94180756783595
ACC_CABLE_019,2026-04-14,387.6080680236024
ACC_CABLE_019,2026-04-15,449.69902555624384
ACC_CABLE_019,2026-04-16,426.2113290516282
ACC_CABLE_019,2026-04-17,408.10469652450587
ACC_CABLE_019,2026-04-18,631.0844447877316
ACC_CABLE_019,2026-04-19,579.0434129319209
ACC_CABLE_019,2026-04-20,457.1092663060221
ACC_CABLE_019,2026-04-21,373.9050722789915
ACC_CABLE_019,2026-04-22,404.7611389492083
ACC_CABLE_019,2026-04-23,414.98341207672814
ACC_CABLE_019,2026-04-24,394.14623992879325
ACC_CABLE_019,2026-04-25,694.3131219634496
ACC_CABLE_019,2026-04-26,591.939437487132
ACC_CABLE_019,2026-04-27,470.91060531809603
ACC_CABLE_019,2026-04-28,428.777990788831
ACC_CABLE_019,2026-04-29,392.3924606439881
ACC_CABLE_019,2026-04-30,392.9878462415347
ACC_CABLE_019,2026-05-01,314.2705041446271
ACC_CABLE_019,2026-05-02,607.6903357473096
ACC_CABLE_019,2026-05-03,627.5146305504809
ACC_CABLE_019,2026-05-04,409.9589780460301
ACC_CABLE_019,2026-05-05,453.23133352919865
ACC_CABLE_019,2026-05-06,484.34431586819227
ACC_CABLE_019,2026-05-07,414.2362305323424
ACC_CABLE_019,2026-05-08,411.73325062329
ACC_CABLE_019,2026-05-09,622.9839996530277
ACC_CABLE_019,2026-05-10,574.3890142957498
ACC_CABLE_019,2026-05-11,379.88969625703237
ACC_CABLE_019,2026-05-12,395.97105702610827
ACC_CABLE_019,2026-05-13,443.12069794247344
ACC_CABLE_019,2026-05-14,425.12667835696146
ACC_CABLE_019,2026-05-15,413.4174999112622
ACC_CABLE_019,2026-05-16,620.4341562791278
ACC_CABLE_019,2026-05-17,564.8117533880436
ACC_CABLE_019,2026-05-18,328.5641092604404
ACC_CABLE_019,2026-05-19,338.9832886157079
ACC_CABLE_019,2026-05-20,393.7281342870522
ACC_CABLE_019,2026-05-21,445.06296862117597
ACC_CABLE_019,2026-05-22,444.13920968444313
ACC_CABLE_019,2026-05-23,676.189887330682
ACC_CABLE_019,2026-05-24,624.2491997559821
ACC_CABLE_019,2026-05-25,451.641674011461
ACC_CABLE_019,2026-05-26,369.19339106366425
ACC_CABLE_019,2026-05-27,440.36505886658324
ACC_CABLE_019,2026-05-28,339.90186247243537
ACC_CABLE_019,2026-05-29,359.8509326932887
ACC_CABLE_019,2026-05-30,711.4240794266285
ACC_CABLE_019,2026-05-31,637.6873823695977
ACC_CABLE_019,2026-06-01,380.0473995952253
ACC_CABLE_019,2026-06-02,451.18979660489305
ACC_CABLE_019,2026-06-03,455.9013906175794
ACC_CABLE_019,2026-06-04,390.35542383765096
ACC_CABLE_019,2026-06-05,418.832845427097
ACC_CABLE_019,2026-06-06,652.1489155312044
ACC_CABLE_019,2026-06-07,534.331362658946
ACC_CABLE_019,2026-06-08,352.6447688652036
ACC_CABLE_019,2026-06-09,445.8517256844467
ACC_CABLE_019,2026-06-10,375.36235088809855
ACC_CABLE_019,2026-06-11,429.7375482633895
ACC_CABLE_019,2026-06-12,419.26900996355226
ACC_CABLE_019,2026-06-13,696.1242242510898
ACC_CABLE_019,2026-06-14,593.6210987613674
ACC_CABLE_019,2026-06-15,424.9393924702578
ACC_CABLE_019,2026-06-16,406.7965045662093
ACC_CABLE_019,2026-06-17,378.1169812411371
ACC_CABLE_019,2026-06-18,377.9875028708863
ACC_CABLE_019,2026-06-19,418.9037390568614
ACC_CABLE_019,2026-06-20,673.8608728078614
ACC_CABLE_019,2026-06-21,651.4811320452629
ACC_CABLE_019,2026-06-22,414.0696272239197
ACC_CABLE_019,2026-06-23,390.60992271936624
ACC_CABLE_019,2026-06-24,393.399004481421
ACC_CABLE_019,2026-06-25,379.20967973735566
ACC_CABLE_019,2026-06-26,390.2596542625379
ACC_CABLE_019,2026-06-27,673.5180885550329
ACC_CABLE_019,2026-06-28,678.1149438524673
ACC_CABLE_019,2026-06-29,360.57015049091575
ACC_CABLE_019,2026-06-30,375.8218203237924
ACC_CABLE_019,2026-07-01,383.37615865796613
ACC_CABLE_019,2026-07-02,409.2513329016967
ACC_CABLE_019,2026-07-03,344.96051831975115
ACC_CABLE_019,2026-07-04,615.9194995000141
ACC_CABLE_019,2026-07-05,595.9038557817215
ACC_CABLE_019,2026-07-06,428.3391889415626
ACC_CABLE_019,2026-07-07,411.3689372951759
ACC_CABLE_019,2026-07-08,394.2906084873937
ACC_CABLE_019,2026-07-09,370.53156422543276
ACC_CABLE_019,2026-07-10,395.20556123869005
ACC_CABLE_019,2026-07-11,629.4752537928348
ACC_CABLE_019,2026-07-12,717.159728790291
ACC_CABLE_019,2026-07-13,453.13138452095444
ACC_CABLE_019,2026-07-14,386.109824548029
ACC_CABLE_019,2026-07-15,420.3247745699078
ACC_CABLE_019,2026-07-16,451.47950413412264
ACC_CABLE_019,2026-07-17,386.5476353456077
ACC_CABLE_019,2026-07-18,596.598992509264
ACC_CABLE_019,2026-07-19,581.6350308668816
ACC_CABLE_019,2026-07-20,465.1362234126014
ACC_CABLE_019,2026-07-21,407.04571721749727
ACC_CABLE_019,2026-07-22,426.39474426841304
ACC_CABLE_019,2026-07-23,392.0953524623014
ACC_CABLE_019,2026-07-24,364.63762304411057
ACC_CABLE_019,2026-07-25,611.014227171404
ACC_CABLE_019,2026-07-26,600.8268152667542
ACC_CABLE_019,2026-07-27,449.37977769586126
ACC_CABLE_019,2026-07-28,475.1039341016156
ACC_CABLE_019,2026-07-29,417.3323097065059
ACC_CABLE_019,2026-07-30,355.59159609062414
ACC_CABLE_019,2026-07-31,435.9140507952572
ACC_CABLE_019,2026-08-01,705.4463896667032
ACC_CABLE_019,2026-08-02,693.9223373458392
ACC_CABLE_019,2026-08-03,415.4405842702973
ACC_CABLE_019,2026-08-04,407.41760698225005
ACC_CABLE_019,2026-08-05,415.4207804158527
ACC_CABLE_019,2026-08-06,465.8149103980733
ACC_CABLE_019,2026-08-07,447.462544027291
ACC_CABLE_019,2026-08-08,640.7968714149927
ACC_CABLE_019,2026-08-09,639.9455720235422
ACC_CABLE_019,2026-08-10,398.4785370601207
ACC_CABLE_019,2026-08-11,375.4276211846184
ACC_CABLE_019,2026-08-12,471.7531617826663
ACC_CABLE_019,2026-08-13,386.74461483969174
ACC_CABLE_019,2026-08-14,437.7629874135368
ACC_CABLE_019,2026-08-15,630.8751799949503
ACC_CABLE_019,2026-08-16,638.3564894950722
ACC_CABLE_019,2026-08-17,414.1675454844257
ACC_CABLE_019,2026-08-18,440.5506485084015
ACC_CABLE_019,2026-08-19,408.6828895049379
ACC_CABLE_019,2026-08-20,373.80963416963016
ACC_CABLE_019,2026-08-21,420.05943697694823
ACC_CABLE_019,2026-08-22,627.7364623921733
ACC_CABLE_019,2026-08-23,719.8447646151984
ACC_CABLE_019,2026-08-24,409.4042088015909
ACC_CABLE_019,2026-08-25,393.31482034476875
ACC_CABLE_019,2026-08-26,498.64707182620305
ACC_CABLE_019,2026-08-27,449.6078101572104
ACC_CABLE_019,2026-08-28,384.65839027059224
ACC_CABLE_020,2026-04-01,443.0867342165486
ACC_CABLE_020,2026-04-02,390.1147980184873
ACC_CABLE_020,2026-04-03,384.1394090834445
ACC_CABLE_020,2026-04-04,557.9131610271302
ACC_CABLE_020,2026-04-05,659.3042210971743
ACC_CABLE_020,2026-04-06,368.9818702716906
ACC_CABLE_020,2026-04-07,388.21012172901914
ACC_CABLE_020,2026-04-08,385.7827841083825
ACC_CABLE_020,2026-04-09,294.76642282452144
ACC_CABLE_020,2026-04-10,356.02780905218276
ACC_CABLE_020,2026-04-11,636.6198208834095
ACC_CABLE_020,2026-04-12,617.3745880126463
ACC_CABLE_020,2026-04-13,405.6263668672854
ACC_CABLE_020,2026-04-14,418.20649189601943
ACC_CABLE_020,2026-04-15,356.3229135872003
ACC_CABLE_020,2026-04-16,368.3651991670719
ACC_CABLE_020,2026-04-17,382.9501769534303
ACC_CABLE_020,2026-04-18,650.0070596454044
ACC_CABLE_020,2026-04-19,611.2638157252114
ACC_CABLE_020,2026-04-20,320.0996498544854
ACC_CABLE_020,2026-04-21,381.3501411660804
ACC_CABLE_020,2026-04-22,417.454239407392
ACC_CABLE_020,2026-04-23,441.6809497207863
ACC_CABLE_020,2026-04-24,400.28023067353223
ACC_CABLE_020,2026-04-25,563.8405282909871
ACC_CABLE_020,2026-04-26,605.6640892115386
ACC_CABLE_020,2026-04-27,408.2372059008032
ACC_CABLE_020,2026-04-28,423.4858896648707
ACC_CABLE_020,2026-04-29,409.77296326681335
ACC_CABLE_020,2026-04-30,380.6379490313398
ACC_CABLE_020,2026-05-01,423.63869558933817
ACC_CABLE_020,2026-05-02,597.5241874258304
ACC_CABLE_020,2026-05-03,629.5274542129417
ACC_CABLE_020,2026-05-04,419.89179409959996
ACC_CABLE_020,2026-05-05,413.3581421503377
ACC_CABLE_020,2026-05-06,414.37506585069553
ACC_CABLE_020,2026-05-07,413.5531187537386
ACC_CABLE_020,2026-05-08,351.0704163365045
ACC_CABLE_020,2026-05-09,623.9777214272913
ACC_CABLE_020,2026-05-10,588.3531253041366
ACC_CABLE_020,2026-05-11,380.8263014247742
ACC_CABLE_020,2026-05-12,347.03277870183814
ACC_CABLE_020,2026-05-13,405.61571486518545
ACC_CABLE_020,2026-05-14,316.59514255882823
ACC_CABLE_020,2026-05-15,416.42705403468676
ACC_CABLE_020,2026-05-16,624.9424246098147
ACC_CABLE_020,2026-05-17,697.9233622613929
ACC_CABLE_020,2026-05-18,385.15243413198124
ACC_CABLE_020,2026-05-19,385.29098748826084
ACC_CABLE_020,2026-05-20,419.6957461056351
ACC_CABLE_020,2026-05-21,387.8453812172722
ACC_CABLE_020,2026-05-22,404.25854636177695
ACC_CABLE_020,2026-05-23,663.7838416246192
ACC_CABLE_020,2026-05-24,615.2239272670621
ACC_CABLE_020,2026-05-25,440.23704252461465
ACC_CABLE_020,2026-05-26,329.4354331771358
ACC_CABLE_020,2026-05-27,456.2943232272962
ACC_CABLE_020,2026-05-28,325.5267892562101
ACC_CABLE_020,2026-05-29,446.8944302315242
ACC_CABLE_020,2026-05-30,554.4045487234579
ACC_CABLE_020,2026-05-31,703.0505469706179
ACC_CABLE_020,2026-06-01,401.3598218441838
ACC_CABLE_020,2026-06-02,358.8274686222634
ACC_CABLE_020,2026-06-03,467.4436230006084
ACC_CABLE_020,2026-06-04,353.569615205644
ACC_CABLE_020,2026-06-05,386.9741402518193
ACC_CABLE_020,2026-06-06,728.0418944318031
ACC_CABLE_020,2026-06-07,642.9177727641211
ACC_CABLE_020,2026-06-08,317.9958288056144
ACC_CABLE_020,2026-06-09,385.80092040940275
ACC_CABLE_020,2026-06-10,382.5360847471503
ACC_CABLE_020,2026-06-11,403.92675143537696
ACC_CABLE_020,2026-06-12,395.08450128615425
ACC_CABLE_020,2026-06-13,649.6198292163767
ACC_CABLE_020,2026-06-14,569.7171059194313
ACC_CABLE_020,2026-06-15,376.1009426488396
ACC_CABLE_020,2026-06-16,409.43716419643135
ACC_CABLE_020,2026-06-17,368.13132623294814
ACC_CABLE_020,2026-06-18,440.0034223214767
ACC_CABLE_020,2026-06-19,369.2035178781582
ACC_CABLE_020,2026-06-20,635.132502848395
ACC_CABLE_020,2026-06-21,625.6986611467839
ACC_CABLE_020,2026-06-22,359.13331828030135
ACC_CABLE_020,2026-06-23,400.7849524151668
ACC_CABLE_020,2026-06-24,347.95941882147457
ACC_CABLE_020,2026-06-25,381.62660664650036
ACC_CABLE_020,2026-06-26,400.0685823635188
ACC_CABLE_020,2026-06-27,575.5547459017683
ACC_CABLE_020,2026-06-28,654.8671633395322
ACC_CABLE_020,2026-06-29,409.4004622044652
ACC_CABLE_020,2026-06-30,420.03522996474476
ACC_CABLE_020,2026-07-01,399.74530633900605
ACC_CABLE_020,2026-07-02,355.38361376213743
ACC_CABLE_020,2026-07-03,399.9471879161784
ACC_CABLE_020,2026-07-04,655.7515474288679
ACC_CABLE_020,2026-07-05,585.9040807266022
ACC_CABLE_020,2026-07-06,357.5221157597053
ACC_CABLE_020,2026-07-07,391.05114270228717
ACC_CABLE_020,2026-07-08,386.3666799477522
ACC_CABLE_020,2026-07-09,400.22607598371565
ACC_CABLE_020,2026-07-10,389.74045929582763
ACC_CABLE_020,2026-07-11,638.9259824677714
ACC_CABLE_020,2026-07-12,680.0621755507452
ACC_CABLE_020,2026-07-13,422.231791799858
ACC_CABLE_020,2026-07-14,403.7674538573857
ACC_CABLE_020,2026-07-15,359.03093428789316
ACC_CABLE_020,2026-07-16,374.0313177118642
ACC_CABLE_020,2026-07-17,434.5409393112082
ACC_CABLE_020,2026-07-18,615.716463797069
ACC_CABLE_020,2026-07-19,596.5947678401427
ACC_CABLE_020,2026-07-20,483.48407838486145
ACC_CABLE_020,2026-07-21,461.49413183356967
ACC_CABLE_020,2026-07-22,397.9960980214718
ACC_CABLE_020,2026-07-23,361.15915023944666
ACC_CABLE_020,2026-07-24,431.0216515047358
ACC_CABLE_020,2026-07-25,615.9333752644958
ACC_CABLE_020,2026-07-26,669.297364644545
ACC_CABLE_020,2026-07-27,384.6725383445626
ACC_CABLE_020,2026-07-28,467.21226892075686
ACC_CABLE_020,2026-07-29,383.8265730281203
ACC_CABLE_020,2026-07-30,495.27871250569893
ACC_CABLE_020,2026-07-31,411.6792304963557
ACC_CABLE_020,2026-08-01,689.3341974745014
ACC_CABLE_020,2026-08-02,615.2021261422192
ACC_CABLE_020,2026-08-03,353.9818802724842
ACC_CABLE_020,2026-08-04,315.72979975182386
ACC_CABLE_020,2026-08-05,454.1769081498892
ACC_CABLE_020,2026-08-06,407.6753369250752
ACC_CABLE_020,2026-08-07,357.0435876098621
ACC_CABLE_020,2026-08-08,687.832637771914
ACC_CABLE_020,2026-08-09,681.721369046968
ACC_CABLE_020,2026-08-10,459.01009343830265
ACC_CABLE_020,2026-08-11,354.08425930210564
ACC_CABLE_020,2026-08-12,454.06147622036605
ACC_CABLE_020,2026-08-13,420.92402026107595
ACC_CABLE_020,2026-08-14,461.35624924007243
ACC_CABLE_020,2026-08-15,658.9494229514131
ACC_CABLE_020,2026-08-16,644.8284007259188
ACC_CABLE_020,2026-08-17,455.33543005024165
ACC_CABLE_020,2026-08-18,439.73331831391465
ACC_CABLE_020,2026-08-19,448.7561521126391
ACC_CABLE_020,2026-08-20,388.3113703348796
ACC_CABLE_020,2026-08-21,400.6449981638131
ACC_CABLE_020,2026-08-22,572.1247953392789
ACC_CABLE_020,2026-08-23,617.5792109340294
ACC_CABLE_020,2026-08-24,438.25919059146423
ACC_CABLE_020,2026-08-25,429.67764975929776
ACC_CABLE_020,2026-08-26,370.2400605566902
ACC_CABLE_020,2026-08-27,457.69853322107457
ACC_CABLE_020,2026-08-28,523.110706015293
ACC_CABLE_021,2026-04-01,249.7805818427553
ACC_CABLE_021,2026-04-02,240.64565160344364
ACC_CABLE_021,2026-04-03,250.2642950684389
ACC_CABLE_021,2026-04-04,389.9866400894033
ACC_CABLE_021,2026-04-05,435.12751637893274
ACC_CABLE_021,2026-04-06,286.58084392800146
ACC_CABLE_021,2026-04-07,255.12100883290498
ACC_CABLE_021,2026-04-08,249.4931456601455
ACC_CABLE_021,2026-04-09,240.77547584979794
ACC_CABLE_021,2026-04-10,255.62508971136745
ACC_CABLE_021,2026-04-11,451.2653419274642
ACC_CABLE_021,2026-04-12,402.2358972477258
ACC_CABLE_021,2026-04-13,232.64630356973828
ACC_CABLE_021,2026-04-14,243.92640033805935
ACC_CABLE_021,2026-04-15,273.0874430365758
ACC_CABLE_021,2026-04-16,236.16303505800036
ACC_CABLE_021,2026-04-17,253.55060641450441
ACC_CABLE_021,2026-04-18,417.6666550061011
ACC_CABLE_021,2026-04-19,389.7250560274638
ACC_CABLE_021,2026-04-20,210.3869758367207
ACC_CABLE_021,2026-04-21,228.00108631090183
ACC_CABLE_021,2026-04-22,233.50908397640106
ACC_CABLE_021,2026-04-23,249.53355189241265
ACC_CABLE_021,2026-04-24,256.566351467161
ACC_CABLE_021,2026-04-25,427.55727269390326
ACC_CABLE_021,2026-04-26,376.0231485816494
ACC_CABLE_021,2026-04-27,272.99282914182083
ACC_CABLE_021,2026-04-28,246.70272751902502
ACC_CABLE_021,2026-04-29,211.20420806817742
ACC_CABLE_021,2026-04-30,256.692056216482
ACC_CABLE_021,2026-05-01,289.6699422977992
ACC_CABLE_021,2026-05-02,430.1044867017938
ACC_CABLE_021,2026-05-03,406.07798564224396
ACC_CABLE_021,2026-05-04,285.3194195264445
ACC_CABLE_021,2026-05-05,261.9440115497921
ACC_CABLE_021,2026-05-06,281.97595846112546
ACC_CABLE_021,2026-05-07,215.52762115878616
ACC_CABLE_021,2026-05-08,226.05824505544135
ACC_CABLE_021,2026-05-09,427.2717068364326
ACC_CABLE_021,2026-05-10,447.83991885748964
ACC_CABLE_021,2026-05-11,268.51585241899517
ACC_CABLE_021,2026-05-12,245.61711079092976
ACC_CABLE_021,2026-05-13,236.8670003639531
ACC_CABLE_021,2026-05-14,250.50405787741082
ACC_CABLE_021,2026-05-15,289.1836521912625
ACC_CABLE_021,2026-05-16,401.3183186351577
ACC_CABLE_021,2026-05-17,436.503583282963
ACC_CABLE_021,2026-05-18,275.49484276145455
ACC_CABLE_021,2026-05-19,302.3909301707602
ACC_CABLE_021,2026-05-20,264.39659916272
ACC_CABLE_021,2026-05-21,258.25017169821257
ACC_CABLE_021,2026-05-22,287.31133706314273
ACC_CABLE_021,2026-05-23,387.43137755849
ACC_CABLE_021,2026-05-24,399.9607721768044
ACC_CABLE_021,2026-05-25,217.76388041264784
ACC_CABLE_021,2026-05-26,228.6410211119905
ACC_CABLE_021,2026-05-27,308.8689713691912
ACC_CABLE_021,2026-05-28,277.99632725574565
ACC_CABLE_021,2026-05-29,226.158320109082
ACC_CABLE_021,2026-05-30,442.15969066460184
ACC_CABLE_021,2026-05-31,394.4668218358774
ACC_CABLE_021,2026-06-01,277.3019553300016
ACC_CABLE_021,2026-06-02,277.0755428307709
ACC_CABLE_021,2026-06-03,303.40776564208403
ACC_CABLE_021,2026-06-04,248.04921028738855
ACC_CABLE_021,2026-06-05,243.09621944306312
ACC_CABLE_021,2026-06-06,345.33612862808684
ACC_CABLE_021,2026-06-07,410.18131720733214
ACC_CABLE_021,2026-06-08,280.47831176600266
ACC_CABLE_021,2026-06-09,284.07174064879075
ACC_CABLE_021,2026-06-10,294.06046436664474
ACC_CABLE_021,2026-06-11,269.9531046983595
ACC_CABLE_021,2026-06-12,275.52048417962703
ACC_CABLE_021,2026-06-13,415.8666351059831
ACC_CABLE_021,2026-06-14,432.1278618559332
ACC_CABLE_021,2026-06-15,239.70709260108026
ACC_CABLE_021,2026-06-16,227.90668626093563
ACC_CABLE_021,2026-06-17,242.66580216207967
ACC_CABLE_021,2026-06-18,269.08331768318374
ACC_CABLE_021,2026-06-19,231.0792984217078
ACC_CABLE_021,2026-06-20,399.2422471779745
ACC_CABLE_021,2026-06-21,400.19738406751384
ACC_CABLE_021,2026-06-22,284.0018945163295
ACC_CABLE_021,2026-06-23,281.08440560536553
ACC_CABLE_021,2026-06-24,266.37624952492473
ACC_CABLE_021,2026-06-25,276.11683501726645
ACC_CABLE_021,2026-06-26,276.76391918796764
ACC_CABLE_021,2026-06-27,407.0867871602492
ACC_CABLE_021,2026-06-28,402.72901747902927
ACC_CABLE_021,2026-06-29,304.07449767368377
ACC_CABLE_021,2026-06-30,202.77397931898145
ACC_CABLE_021,2026-07-01,246.9691551027812
ACC_CABLE_021,2026-07-02,260.6646804604704
ACC_CABLE_021,2026-07-03,280.06077596844756
ACC_CABLE_021,2026-07-04,445.9147644578005
ACC_CABLE_021,2026-07-05,464.23963642554133
ACC_CABLE_021,2026-07-06,264.08889079167267
ACC_CABLE_021,2026-07-07,265.9266622578162
ACC_CABLE_021,2026-07-08,275.8377735275025
ACC_CABLE_021,2026-07-09,253.4657523541112
ACC_CABLE_021,2026-07-10,237.15722074419193
ACC_CABLE_021,2026-07-11,415.92448825014674
ACC_CABLE_021,2026-07-12,437.2833817584454
ACC_CABLE_021,2026-07-13,261.32832915635265
ACC_CABLE_021,2026-07-14,278.01857179569595
ACC_CABLE_021,2026-07-15,220.6558037156373
ACC_CABLE_021,2026-07-16,268.36379651017035
ACC_CABLE_021,2026-07-17,257.883145913999
ACC_CABLE_021,2026-07-18,387.26688136162215
ACC_CABLE_021,2026-07-19,436.1117550903382
ACC_CABLE_021,2026-07-20,315.01026834571275
ACC_CABLE_021,2026-07-21,293.5969649271583
ACC_CABLE_021,2026-07-22,295.3544749380567
ACC_CABLE_021,2026-07-23,286.9044212723435
ACC_CABLE_021,2026-07-24,285.3905765310848
ACC_CABLE_021,2026-07-25,375.10431522349705
ACC_CABLE_021,2026-07-26,417.3756360581859
ACC_CABLE_021,2026-07-27,282.36847811947587
ACC_CABLE_021,2026-07-28,283.0914004862618
ACC_CABLE_021,2026-07-29,301.89699596959656
ACC_CABLE_021,2026-07-30,243.9835792292439
ACC_CABLE_021,2026-07-31,285.453244708274
ACC_CABLE_021,2026-08-01,394.6609666993862
ACC_CABLE_021,2026-08-02,416.3151703360557
ACC_CABLE_021,2026-08-03,269.03853221767105
ACC_CABLE_021,2026-08-04,292.48678703403357
ACC_CABLE_021,2026-08-05,289.67282538768865
ACC_CABLE_021,2026-08-06,274.0823308103333
ACC_CABLE_021,2026-08-07,216.9686544652381
ACC_CABLE_021,2026-08-08,433.75981007139984
ACC_CABLE_021,2026-08-09,415.9545527786226
ACC_CABLE_021,2026-08-10,306.7235084688013
ACC_CABLE_021,2026-08-11,300.8680373173773
ACC_CABLE_021,2026-08-12,248.3118227459774
ACC_CABLE_021,2026-08-13,286.7707908225628
ACC_CABLE_021,2026-08-14,287.4181472752422
ACC_CABLE_021,2026-08-15,436.93542620634656
ACC_CABLE_021,2026-08-16,433.81944308358914
ACC_CABLE_021,2026-08-17,288.57989557899987
ACC_CABLE_021,2026-08-18,310.68744255246474
ACC_CABLE_021,2026-08-19,259.10521560269126
ACC_CABLE_021,2026-08-20,250.32359749392054
ACC_CABLE_021,2026-08-21,293.0244214147387
ACC_CABLE_021,2026-08-22,377.18927521529486
ACC_CABLE_021,2026-08-23,441.2814012861844
ACC_CABLE_021,2026-08-24,285.7688620072596
ACC_CABLE_021,2026-08-25,214.7933364049719
ACC_CABLE_021,2026-08-26,258.0143161778188
ACC_CABLE_021,2026-08-27,313.9145580453212
ACC_CABLE_021,2026-08-28,237.62915142595833
ACC_CABLE_022,2026-04-01,187.6671153725367
ACC_CABLE_022,2026-04-02,140.34222483521754
ACC_CABLE_022,2026-04-03,178.1200040708689
ACC_CABLE_022,2026-04-04,264.7452624607384
ACC_CABLE_022,2026-04-05,272.1995166412389
ACC_CABLE_022,2026-04-06,186.55716285200793
ACC_CABLE_022,2026-04-07,148.83766425628102
ACC_CABLE_022,2026-04-08,152.0375733837561
ACC_CABLE_022,2026-04-09,136.68477667680804
ACC_CABLE_022,2026-04-10,160.12412977836854
ACC_CABLE_022,2026-04-11,292.6512633855641
ACC_CABLE_022,2026-04-12,268.4241352336457
ACC_CABLE_022,2026-04-13,147.28590175299962
ACC_CABLE_022,2026-04-14,161.7905970911392
ACC_CABLE_022,2026-04-15,145.10392338135753
ACC_CABLE_022,2026-04-16,151.3468734909165
ACC_CABLE_022,2026-04-17,176.9321576924304
ACC_CABLE_022,2026-04-18,251.62892811805875
ACC_CABLE_022,2026-04-19,290.19225632741546
ACC_CABLE_022,2026-04-20,169.65517911405036
ACC_CABLE_022,2026-04-21,172.43799102626804
ACC_CABLE_022,2026-04-22,166.4733341441874
ACC_CABLE_022,2026-04-23,184.28384368753456
ACC_CABLE_022,2026-04-24,184.60708611465378
ACC_CABLE_022,2026-04-25,278.02891311212454
ACC_CABLE_022,2026-04-26,282.0384569792485
ACC_CABLE_022,2026-04-27,168.33689354533686
ACC_CABLE_022,2026-04-28,181.15901051607202
ACC_CABLE_022,2026-04-29,166.52365337204003
ACC_CABLE_022,2026-04-30,172.38749125232835
ACC_CABLE_022,2026-05-01,167.8859850106462
ACC_CABLE_022,2026-05-02,265.7687285394375
ACC_CABLE_022,2026-05-03,262.02292179827396
ACC_CABLE_022,2026-05-04,180.80719374482928
ACC_CABLE_022,2026-05-05,195.11817933526618
ACC_CABLE_022,2026-05-06,192.9245131240486
ACC_CABLE_022,2026-05-07,152.2897023561167
ACC_CABLE_022,2026-05-08,195.20861126363548
ACC_CABLE_022,2026-05-09,269.1549371728188
ACC_CABLE_022,2026-05-10,284.742314654446
ACC_CABLE_022,2026-05-11,158.77558242160686
ACC_CABLE_022,2026-05-12,176.5352625530833
ACC_CABLE_022,2026-05-13,179.57054947266806
ACC_CABLE_022,2026-05-14,149.50863949574983
ACC_CABLE_022,2026-05-15,184.8188883945824
ACC_CABLE_022,2026-05-16,298.1617081316837
ACC_CABLE_022,2026-05-17,272.76591451254865
ACC_CABLE_022,2026-05-18,197.90082459791063
ACC_CABLE_022,2026-05-19,172.01314930999953
ACC_CABLE_022,2026-05-20,189.62302012158315
ACC_CABLE_022,2026-05-21,138.22802457202152
ACC_CABLE_022,2026-05-22,216.2854666924662
ACC_CABLE_022,2026-05-23,301.7236985200817
ACC_CABLE_022,2026-05-24,271.9682915285382
ACC_CABLE_022,2026-05-25,142.96890435238384
ACC_CABLE_022,2026-05-26,181.0888765875322
ACC_CABLE_022,2026-05-27,152.14205080916088
ACC_CABLE_022,2026-05-28,184.0235394309658
ACC_CABLE_022,2026-05-29,183.61430408195992
ACC_CABLE_022,2026-05-30,261.834426760766
ACC_CABLE_022,2026-05-31,296.63224599672157
ACC_CABLE_022,2026-06-01,190.68365500714373
ACC_CABLE_022,2026-06-02,193.69383206644787
ACC_CABLE_022,2026-06-03,177.59880942163744
ACC_CABLE_022,2026-06-04,153.81919567584973
ACC_CABLE_022,2026-06-05,194.1782541731471
ACC_CABLE_022,2026-06-06,274.1577604945187
ACC_CABLE_022,2026-06-07,255.5016935943632
ACC_CABLE_022,2026-06-08,200.91426134836865
ACC_CABLE_022,2026-06-09,213.62004634444216
ACC_CABLE_022,2026-06-10,177.80703143314938
ACC_CABLE_022,2026-06-11,214.9232353973353
ACC_CABLE_022,2026-06-12,180.3340874406707
ACC_CABLE_022,2026-06-13,273.3583408100053
ACC_CABLE_022,2026-06-14,269.308297969684
ACC_CABLE_022,2026-06-15,206.75298445427808
ACC_CABLE_022,2026-06-16,166.29358279268544
ACC_CABLE_022,2026-06-17,191.9025244075798
ACC_CABLE_022,2026-06-18,170.30604757100528
ACC_CABLE_022,2026-06-19,172.1168463887507
ACC_CABLE_022,2026-06-20,298.10819485868876
ACC_CABLE_022,2026-06-21,274.56538098233887
ACC_CABLE_022,2026-06-22,173.4994376257391
ACC_CABLE_022,2026-06-23,199.48111891253674
ACC_CABLE_022,2026-06-24,207.43627452612327
ACC_CABLE_022,2026-06-25,191.58078869517513
ACC_CABLE_022,2026-06-26,169.89986776951767
ACC_CABLE_022,2026-06-27,273.27177721180067
ACC_CABLE_022,2026-06-28,283.34257643083265
ACC_CABLE_022,2026-06-29,186.74162504035104
ACC_CABLE_022,2026-06-30,164.90385270965183
ACC_CABLE_022,2026-07-01,193.79703738494172
ACC_CABLE_022,2026-07-02,183.23662393794527
ACC_CABLE_022,2026-07-03,153.12610024687942
ACC_CABLE_022,2026-07-04,267.29403509465976
ACC_CABLE_022,2026-07-05,274.58063828265205
ACC_CABLE_022,2026-07-06,181.1759908274703
ACC_CABLE_022,2026-07-07,214.28988376446713
ACC_CABLE_022,2026-07-08,186.70127794314575
ACC_CABLE_022,2026-07-09,168.7250322497031
ACC_CABLE_022,2026-07-10,186.70659751236033
ACC_CABLE_022,2026-07-11,278.0349258427748
ACC_CABLE_022,2026-07-12,289.5559384241635
ACC_CABLE_022,2026-07-13,193.20353714219831
ACC_CABLE_022,2026-07-14,203.91507487336216
ACC_CABLE_022,2026-07-15,183.34198687274358
ACC_CABLE_022,2026-07-16,211.4345368636772
ACC_CABLE_022,2026-07-17,199.30478073060803
ACC_CABLE_022,2026-07-18,273.11501564715525
ACC_CABLE_022,2026-07-19,322.2755751845742
ACC_CABLE_022,2026-07-20,189.99350782293763
ACC_CABLE_022,2026-07-21,170.61990833326647
ACC_CABLE_022,2026-07-22,212.5689392606711
ACC_CABLE_022,2026-07-23,219.85666343133386
ACC_CABLE_022,2026-07-24,184.54517556951137
ACC_CABLE_022,2026-07-25,277.58867562569
ACC_CABLE_022,2026-07-26,283.3041007147785
ACC_CABLE_022,2026-07-27,197.55749302229736
ACC_CABLE_022,2026-07-28,207.1679918045126
ACC_CABLE_022,2026-07-29,195.43418715850802
ACC_CABLE_022,2026-07-30,187.70894990232574
ACC_CABLE_022,2026-07-31,211.31659774111438
ACC_CABLE_022,2026-08-01,281.84434725273445
ACC_CABLE_022,2026-08-02,304.56944488456406
ACC_CABLE_022,2026-08-03,181.76054498769852
ACC_CABLE_022,2026-08-04,193.991185694583
ACC_CABLE_022,2026-08-05,184.99214891152042
ACC_CABLE_022,2026-08-06,186.1116833314328
ACC_CABLE_022,2026-08-07,180.85990650663487
ACC_CABLE_022,2026-08-08,310.7435477238357
ACC_CABLE_022,2026-08-09,275.9868425597766
ACC_CABLE_022,2026-08-10,175.2140981571817
ACC_CABLE_022,2026-08-11,223.43269190619785
ACC_CABLE_022,2026-08-12,204.37783908619275
ACC_CABLE_022,2026-08-13,148.03008986195698
ACC_CABLE_022,2026-08-14,178.7536531812652
ACC_CABLE_022,2026-08-15,258.7585791289575
ACC_CABLE_022,2026-08-16,273.37839635062375
ACC_CABLE_022,2026-08-17,135.97295360726812
ACC_CABLE_022,2026-08-18,186.54857509474175
ACC_CABLE_022,2026-08-19,169.81537743808997
ACC_CABLE_022,2026-08-20,190.15640831418017
ACC_CABLE_022,2026-08-21,161.9979628507736
ACC_CABLE_022,2026-08-22,291.64291913329026
ACC_CABLE_022,2026-08-23,283.4294065275785
ACC_CABLE_022,2026-08-24,214.98280981516842
ACC_CABLE_022,2026-08-25,213.6107952773265
ACC_CABLE_022,2026-08-26,203.24380613057278
ACC_CABLE_022,2026-08-27,184.7128884848916
ACC_CABLE_022,2026-08-28,223.70439064037294
ACC_CABLE_023,2026-04-01,484.64417371724454
ACC_CABLE_023,2026-04-02,366.666560379639
ACC_CABLE_023,2026-04-03,472.8672487464037
ACC_CABLE_023,2026-04-04,674.8960302648743
ACC_CABLE_023,2026-04-05,673.2216926922439
ACC_CABLE_023,2026-04-06,425.68254605676856
ACC_CABLE_023,2026-04-07,437.35653129062746
ACC_CABLE_023,2026-04-08,382.72206860590296
ACC_CABLE_023,2026-04-09,412.21029570096283
ACC_CABLE_023,2026-04-10,438.98925306996495
ACC_CABLE_023,2026-04-11,684.1645824239464
ACC_CABLE_023,2026-04-12,691.5873187393765
ACC_CABLE_023,2026-04-13,393.4714067369171
ACC_CABLE_023,2026-04-14,450.6330266528553
ACC_CABLE_023,2026-04-15,429.4372735056094
ACC_CABLE_023,2026-04-16,357.54445781936045
ACC_CABLE_023,2026-04-17,401.9761219839935
ACC_CABLE_023,2026-04-18,639.9597092429768
ACC_CABLE_023,2026-04-19,639.5664444766371
ACC_CABLE_023,2026-04-20,404.7425384949496
ACC_CABLE_023,2026-04-21,450.8885157283931
ACC_CABLE_023,2026-04-22,398.69936706856555
ACC_CABLE_023,2026-04-23,434.79744275788505
ACC_CABLE_023,2026-04-24,428.0310603633086
ACC_CABLE_023,2026-04-25,645.9239885382577
ACC_CABLE_023,2026-04-26,664.3988014858402
ACC_CABLE_023,2026-04-27,462.39663722321416
ACC_CABLE_023,2026-04-28,432.3718261529138
ACC_CABLE_023,2026-04-29,449.36053575112453
ACC_CABLE_023,2026-04-30,480.04935415290834
ACC_CABLE_023,2026-05-01,444.85434368631485
ACC_CABLE_023,2026-05-02,598.7969298174394
ACC_CABLE_023,2026-05-03,691.4192236200806
ACC_CABLE_023,2026-05-04,400.86569758337515
ACC_CABLE_023,2026-05-05,503.49477014217564
ACC_CABLE_023,2026-05-06,444.0991690013182
ACC_CABLE_023,2026-05-07,402.1881038466585
ACC_CABLE_023,2026-05-08,451.4568034224182
ACC_CABLE_023,2026-05-09,684.731376105212
ACC_CABLE_023,2026-05-10,608.5522013610242
ACC_CABLE_023,2026-05-11,464.4211649688645
ACC_CABLE_023,2026-05-12,411.03621562636926
ACC_CABLE_023,2026-05-13,488.25009195506317
ACC_CABLE_023,2026-05-14,423.1990209091312
ACC_CABLE_023,2026-05-15,489.3381850178568
ACC_CABLE_023,2026-05-16,699.8807019260255
ACC_CABLE_023,2026-05-17,723.2080061842883
ACC_CABLE_023,2026-05-18,408.29521750162456
ACC_CABLE_023,2026-05-19,444.0968608190621
ACC_CABLE_023,2026-05-20,356.5028921146908
ACC_CABLE_023,2026-05-21,424.1390426986732
ACC_CABLE_023,2026-05-22,367.0027689305094
ACC_CABLE_023,2026-05-23,634.7663646559992
ACC_CABLE_023,2026-05-24,645.558059985577
ACC_CABLE_023,2026-05-25,457.9697634967234
ACC_CABLE_023,2026-05-26,424.0314023132846
ACC_CABLE_023,2026-05-27,431.7262197947323
ACC_CABLE_023,2026-05-28,423.1823980375886
ACC_CABLE_023,2026-05-29,476.30640505303086
ACC_CABLE_023,2026-05-30,684.2205706201374
ACC_CABLE_023,2026-05-31,694.7009247233083
ACC_CABLE_023,2026-06-01,407.0853152626546
ACC_CABLE_023,2026-06-02,479.8050721927156
ACC_CABLE_023,2026-06-03,483.11922790308256
ACC_CABLE_023,2026-06-04,430.04328618049226
ACC_CABLE_023,2026-06-05,407.0927497474837
ACC_CABLE_023,2026-06-06,616.9057987171402
ACC_CABLE_023,2026-06-07,648.5952306271731
ACC_CABLE_023,2026-06-08,340.748799403613
ACC_CABLE_023,2026-06-09,393.92088565228664
ACC_CABLE_023,2026-06-10,447.5641381100803
ACC_CABLE_023,2026-06-11,430.52312208472125
ACC_CABLE_023,2026-06-12,530.8418667439895
ACC_CABLE_023,2026-06-13,670.4914066354238
ACC_CABLE_023,2026-06-14,667.3466405317226
ACC_CABLE_023,2026-06-15,478.0988771001153
ACC_CABLE_023,2026-06-16,352.08328863603754
ACC_CABLE_023,2026-06-17,371.0194232071456
ACC_CABLE_023,2026-06-18,461.71410544498065
ACC_CABLE_023,2026-06-19,425.60309863469257
ACC_CABLE_023,2026-06-20,679.9206673484274
ACC_CABLE_023,2026-06-21,647.8022211393916
ACC_CABLE_023,2026-06-22,444.41830132518754
ACC_CABLE_023,2026-06-23,400.3514186539206
ACC_CABLE_023,2026-06-24,437.66976847102325
ACC_CABLE_023,2026-06-25,385.86199368979345
ACC_CABLE_023,2026-06-26,427.2028471324561
ACC_CABLE_023,2026-06-27,773.6994692889248
ACC_CABLE_023,2026-06-28,670.4677096730766
ACC_CABLE_023,2026-06-29,429.78980445830695
ACC_CABLE_023,2026-06-30,426.9535295068047
ACC_CABLE_023,2026-07-01,443.01522543213724
ACC_CABLE_023,2026-07-02,455.5560135426755
ACC_CABLE_023,2026-07-03,446.80543307854924
ACC_CABLE_023,2026-07-04,701.0871285227997
ACC_CABLE_023,2026-07-05,681.8188311783684
ACC_CABLE_023,2026-07-06,440.632226289797
ACC_CABLE_023,2026-07-07,427.52108088828544
ACC_CABLE_023,2026-07-08,360.21846258877554
ACC_CABLE_023,2026-07-09,547.861953415749
ACC_CABLE_023,2026-07-10,467.72889003089256
ACC_CABLE_023,2026-07-11,649.022729536992
ACC_CABLE_023,2026-07-12,700.2085490649795
ACC_CABLE_023,2026-07-13,380.6428615071153
ACC_CABLE_023,2026-07-14,416.74469462533386
ACC_CABLE_023,2026-07-15,375.2100835644914
ACC_CABLE_023,2026-07-16,435.73999951397394
ACC_CABLE_023,2026-07-17,371.3168094573116
ACC_CABLE_023,2026-07-18,707.791446140003
ACC_CABLE_023,2026-07-19,720.3397296145215
ACC_CABLE_023,2026-07-20,403.60141869757103
ACC_CABLE_023,2026-07-21,445.4397354172004
ACC_CABLE_023,2026-07-22,401.6655043446543
ACC_CABLE_023,2026-07-23,460.5450466921901
ACC_CABLE_023,2026-07-24,410.0403183506642
ACC_CABLE_023,2026-07-25,725.74453927698
ACC_CABLE_023,2026-07-26,616.1508251818634
ACC_CABLE_023,2026-07-27,397.1400163827848
ACC_CABLE_023,2026-07-28,392.9079512417078
ACC_CABLE_023,2026-07-29,448.4315286046909
ACC_CABLE_023,2026-07-30,463.42478531643496
ACC_CABLE_023,2026-07-31,451.9928968782294
ACC_CABLE_023,2026-08-01,672.0211905019123
ACC_CABLE_023,2026-08-02,575.6973258172511
ACC_CABLE_023,2026-08-03,442.2332368387692
ACC_CABLE_023,2026-08-04,474.00567135818034
ACC_CABLE_023,2026-08-05,554.017474382923
ACC_CABLE_023,2026-08-06,423.1405216860101
ACC_CABLE_023,2026-08-07,413.1236854385815
ACC_CABLE_023,2026-08-08,708.0647517703602
ACC_CABLE_023,2026-08-09,683.890113696055
ACC_CABLE_023,2026-08-10,495.47075778650736
ACC_CABLE_023,2026-08-11,407.6944386219286
ACC_CABLE_023,2026-08-12,431.44862625857854
ACC_CABLE_023,2026-08-13,479.07619173429305
ACC_CABLE_023,2026-08-14,455.2629739930656
ACC_CABLE_023,2026-08-15,744.6029637481888
ACC_CABLE_023,2026-08-16,677.3269126296681
ACC_CABLE_023,2026-08-17,496.0106059999593
ACC_CABLE_023,2026-08-18,372.6359362477125
ACC_CABLE_023,2026-08-19,374.47541585586464
ACC_CABLE_023,2026-08-20,497.1254844745805
ACC_CABLE_023,2026-08-21,443.6101520846125
ACC_CABLE_023,2026-08-22,735.5084295401359
ACC_CABLE_023,2026-08-23,700.9976744322063
ACC_CABLE_023,2026-08-24,443.45287366000446
ACC_CABLE_023,2026-08-25,387.8575197449577
ACC_CABLE_023,2026-08-26,442.9173702170162
ACC_CABLE_023,2026-08-27,501.6598253725669
ACC_CABLE_023,2026-08-28,446.7414864098246
ACC_CABLE_024,2026-04-01,434.77118842982816
ACC_CABLE_024,2026-04-02,445.6756840454368
ACC_CABLE_024,2026-04-03,431.8849019483101
ACC_CABLE_024,2026-04-04,634.9618029503664
ACC_CABLE_024,2026-04-05,648.9169402898152
ACC_CABLE_024,2026-04-06,411.45878209721246
ACC_CABLE_024,2026-04-07,412.28336757863934
ACC_CABLE_024,2026-04-08,448.6774585980494
ACC_CABLE_024,2026-04-09,434.3973182480154
ACC_CABLE_024,2026-04-10,492.89787799049714
ACC_CABLE_024,2026-04-11,742.5032874813062
ACC_CABLE_024,2026-04-12,656.0917380123867
ACC_CABLE_024,2026-04-13,252.64811917770368
ACC_CABLE_024,2026-04-14,459.2890813713797
ACC_CABLE_024,2026-04-15,387.1066830032269
ACC_CABLE_024,2026-04-16,376.62960438147803
ACC_CABLE_024,2026-04-17,393.18327730793277
ACC_CABLE_024,2026-04-18,635.5716279946455
ACC_CABLE_024,2026-04-19,678.8193812712896
ACC_CABLE_024,2026-04-20,346.38096378956266
ACC_CABLE_024,2026-04-21,366.1367656462818
ACC_CABLE_024,2026-04-22,424.1165531558348
ACC_CABLE_024,2026-04-23,435.65382203782167
ACC_CABLE_024,2026-04-24,436.56074494889566
ACC_CABLE_024,2026-04-25,622.7676234474148
ACC_CABLE_024,2026-04-26,615.134588074864
ACC_CABLE_024,2026-04-27,390.2799622648317
ACC_CABLE_024,2026-04-28,420.8128210179883
ACC_CABLE_024,2026-04-29,471.65892892939274
ACC_CABLE_024,2026-04-30,328.01930653913047
ACC_CABLE_024,2026-05-01,402.51633959179446
ACC_CABLE_024,2026-05-02,601.6099874502743
ACC_CABLE_024,2026-05-03,588.753723031713
ACC_CABLE_024,2026-05-04,451.305135465534
ACC_CABLE_024,2026-05-05,434.2662201821231
ACC_CABLE_024,2026-05-06,430.5419440990536
ACC_CABLE_024,2026-05-07,449.8857516770514
ACC_CABLE_024,2026-05-08,393.02544090161825
ACC_CABLE_024,2026-05-09,639.2916530852254
ACC_CABLE_024,2026-05-10,746.0092361006089
ACC_CABLE_024,2026-05-11,402.9645580916353
ACC_CABLE_024,2026-05-12,443.0698770013015
ACC_CABLE_024,2026-05-13,413.55972871720695
ACC_CABLE_024,2026-05-14,338.2258778258085
ACC_CABLE_024,2026-05-15,330.3835995452884
ACC_CABLE_024,2026-05-16,634.3853422484459
ACC_CABLE_024,2026-05-17,701.0833209429686
ACC_CABLE_024,2026-05-18,446.13347042508536
ACC_CABLE_024,2026-05-19,451.40294058391817
ACC_CABLE_024,2026-05-20,374.17722051729197
ACC_CABLE_024,2026-05-21,480.2660103479782
ACC_CABLE_024,2026-05-22,375.37884268241413
ACC_CABLE_024,2026-05-23,667.6619530258678
ACC_CABLE_024,2026-05-24,658.7286618007552
ACC_CABLE_024,2026-05-25,408.02333551319634
ACC_CABLE_024,2026-05-26,469.7307000286312
ACC_CABLE_024,2026-05-27,386.7020018292454
ACC_CABLE_024,2026-05-28,360.62106609252453
ACC_CABLE_024,2026-05-29,416.5138162886013
ACC_CABLE_024,2026-05-30,643.7770519145384
ACC_CABLE_024,2026-05-31,797.6594848066637
ACC_CABLE_024,2026-06-01,443.68385429110697
ACC_CABLE_024,2026-06-02,399.639838588602
ACC_CABLE_024,2026-06-03,373.4662591340856
ACC_CABLE_024,2026-06-04,340.0722616898505
ACC_CABLE_024,2026-06-05,375.0235832104865
ACC_CABLE_024,2026-06-06,665.7781301105966
ACC_CABLE_024,2026-06-07,719.3422761199071
ACC_CABLE_024,2026-06-08,462.8527480951883
ACC_CABLE_024,2026-06-09,426.6741596480077
ACC_CABLE_024,2026-06-10,404.3470760059089
ACC_CABLE_024,2026-06-11,428.5906629059747
ACC_CABLE_024,2026-06-12,396.6914335023778
ACC_CABLE_024,2026-06-13,732.0874146275899
ACC_CABLE_024,2026-06-14,654.5999596221043
ACC_CABLE_024,2026-06-15,414.73604916935824
ACC_CABLE_024,2026-06-16,328.21602730165876
ACC_CABLE_024,2026-06-17,410.59580174652353
ACC_CABLE_024,2026-06-18,452.7449044151731
ACC_CABLE_024,2026-06-19,375.39369111453124
ACC_CABLE_024,2026-06-20,632.6456823861425
ACC_CABLE_024,2026-06-21,695.6133384217602
ACC_CABLE_024,2026-06-22,359.20005100281526
ACC_CABLE_024,2026-06-23,462.5025010069561
ACC_CABLE_024,2026-06-24,397.94174366995475
ACC_CABLE_024,2026-06-25,403.93527342600805
ACC_CABLE_024,2026-06-26,374.1581489113883
ACC_CABLE_024,2026-06-27,679.6364827994148
ACC_CABLE_024,2026-06-28,764.5167897906958
ACC_CABLE_024,2026-06-29,452.15693764604777
ACC_CABLE_024,2026-06-30,385.3235898390202
ACC_CABLE_024,2026-07-01,466.86975782950304
ACC_CABLE_024,2026-07-02,407.91114248047603
ACC_CABLE_024,2026-07-03,476.89153874410164
ACC_CABLE_024,2026-07-04,698.1317295680897
ACC_CABLE_024,2026-07-05,545.6641382853005
ACC_CABLE_024,2026-07-06,380.53395893873034
ACC_CABLE_024,2026-07-07,459.9864785694004
ACC_CABLE_024,2026-07-08,427.8724509763022
ACC_CABLE_024,2026-07-09,380.1831329282905
ACC_CABLE_024,2026-07-10,396.2129067194018
ACC_CABLE_024,2026-07-11,588.7661695623622
ACC_CABLE_024,2026-07-12,662.9032071976757
ACC_CABLE_024,2026-07-13,512.4250718488416
ACC_CABLE_024,2026-07-14,455.3607890028057
ACC_CABLE_024,2026-07-15,511.89997194836883
ACC_CABLE_024,2026-07-16,458.8135615544522
ACC_CABLE_024,2026-07-17,464.86840927445456
ACC_CABLE_024,2026-07-18,747.7450025912226
ACC_CABLE_024,2026-07-19,682.9046146552287
ACC_CABLE_024,2026-07-20,415.87984801466996
ACC_CABLE_024,2026-07-21,465.67916092651586
ACC_CABLE_024,2026-07-22,482.9712976508607
ACC_CABLE_024,2026-07-23,404.41543904161307
ACC_CABLE_024,2026-07-24,394.7321383487608
ACC_CABLE_024,2026-07-25,674.1014405199369
ACC_CABLE_024,2026-07-26,702.4420038841187
ACC_CABLE_024,2026-07-27,457.03230568052555
ACC_CABLE_024,2026-07-28,366.7363786723647
ACC_CABLE_024,2026-07-29,502.65236692947724
ACC_CABLE_024,2026-07-30,398.90458737354817
ACC_CABLE_024,2026-07-31,414.3618546266348
ACC_CABLE_024,2026-08-01,632.7619675484957
ACC_CABLE_024,2026-08-02,779.4719836226395
ACC_CABLE_024,2026-08-03,435.4522762807203
ACC_CABLE_024,2026-08-04,391.1153142162603
ACC_CABLE_024,2026-08-05,461.0616884834715
ACC_CABLE_024,2026-08-06,457.35382621791837
ACC_CABLE_024,2026-08-07,418.5595101402987
ACC_CABLE_024,2026-08-08,704.7626932102837
ACC_CABLE_024,2026-08-09,637.1106171941839
ACC_CABLE_024,2026-08-10,406.5882262095654
ACC_CABLE_024,2026-08-11,344.98418215916126
ACC_CABLE_024,2026-08-12,373.06519087226377
ACC_CABLE_024,2026-08-13,500.67057379079694
ACC_CABLE_024,2026-08-14,494.0561451482982
ACC_CABLE_024,2026-08-15,674.2775980000127
ACC_CABLE_024,2026-08-16,739.4313099006264
ACC_CABLE_024,2026-08-17,421.184968395042
ACC_CABLE_024,2026-08-18,417.94320068548615
ACC_CABLE_024,2026-08-19,430.29998339254814
ACC_CABLE_024,2026-08-20,423.06569107033084
ACC_CABLE_024,2026-08-21,419.54150963110067
ACC_CABLE_024,2026-08-22,719.1863029609868
ACC_CABLE_024,2026-08-23,678.9105211160175
ACC_CABLE_024,2026-08-24,457.74800781245585
ACC_CABLE_024,2026-08-25,470.87718737878737
ACC_CABLE_024,2026-08-26,444.84916188314764
ACC_CABLE_024,2026-08-27,389.70995703553467
ACC_CABLE_024,2026-08-28,374.28835831916365
ACC_CABLE_025,2026-04-01,409.9042942234682
ACC_CABLE_025,2026-04-02,353.67975256555985
ACC_CABLE_025,2026-04-03,465.82039843971165
ACC_CABLE_025,2026-04-04,699.0072102311315
ACC_CABLE_025,2026-04-05,645.3918876777051
ACC_CABLE_025,2026-04-06,401.9761228365674
ACC_CABLE_025,2026-04-07,462.605118805734
ACC_CABLE_025,2026-04-08,416.08156367427864
ACC_CABLE_025,2026-04-09,374.3531736759208
ACC_CABLE_025,2026-04-10,423.78898633438433
ACC_CABLE_025,2026-04-11,636.7578868456794
ACC_CABLE_025,2026-04-12,653.0946027823827
ACC_CABLE_025,2026-04-13,425.6434133816377
ACC_CABLE_025,2026-04-14,472.9020084049811
ACC_CABLE_025,2026-04-15,514.2936341042016
ACC_CABLE_025,2026-04-16,486.2974254708862
ACC_CABLE_025,2026-04-17,425.33892422701786
ACC_CABLE_025,2026-04-18,780.3131015307868
ACC_CABLE_025,2026-04-19,708.0822740700892
ACC_CABLE_025,2026-04-20,387.115268225235
ACC_CABLE_025,2026-04-21,433.0278237089537
ACC_CABLE_025,2026-04-22,401.16535084308765
ACC_CABLE_025,2026-04-23,376.1392075384321
ACC_CABLE_025,2026-04-24,379.42806708028024
ACC_CABLE_025,2026-04-25,678.9278240097688
ACC_CABLE_025,2026-04-26,717.4791752001312
ACC_CABLE_025,2026-04-27,475.4054586969054
ACC_CABLE_025,2026-04-28,377.02501674894717
ACC_CABLE_025,2026-04-29,417.2811801288617
ACC_CABLE_025,2026-04-30,451.07876295671343
ACC_CABLE_025,2026-05-01,436.9691761790186
ACC_CABLE_025,2026-05-02,715.8376752361978
ACC_CABLE_025,2026-05-03,667.8820481763355
ACC_CABLE_025,2026-05-04,485.1761890154799
ACC_CABLE_025,2026-05-05,430.91928987093496
ACC_CABLE_025,2026-05-06,463.5290481817234
ACC_CABLE_025,2026-05-07,415.1790397577374
ACC_CABLE_025,2026-05-08,434.03745419474046
ACC_CABLE_025,2026-05-09,619.309298729147
ACC_CABLE_025,2026-05-10,651.8042254962121
ACC_CABLE_025,2026-05-11,423.16204686849755
ACC_CABLE_025,2026-05-12,436.4126217431755
ACC_CABLE_025,2026-05-13,546.519186080335
ACC_CABLE_025,2026-05-14,416.1810603056033
ACC_CABLE_025,2026-05-15,373.9551261167692
ACC_CABLE_025,2026-05-16,760.8758490487797
ACC_CABLE_025,2026-05-17,734.4584881938111
ACC_CABLE_025,2026-05-18,383.78258013491023
ACC_CABLE_025,2026-05-19,453.02016417685854
ACC_CABLE_025,2026-05-20,468.92979363383745
ACC_CABLE_025,2026-05-21,440.4789498350879
ACC_CABLE_025,2026-05-22,447.53001380894807
ACC_CABLE_025,2026-05-23,662.4658872321614
ACC_CABLE_025,2026-05-24,711.0114255526746
ACC_CABLE_025,2026-05-25,413.1683076898411
ACC_CABLE_025,2026-05-26,321.5562093934344
ACC_CABLE_025,2026-05-27,442.7609304100163
ACC_CABLE_025,2026-05-28,363.1545592002696
ACC_CABLE_025,2026-05-29,477.8748513632992
ACC_CABLE_025,2026-05-30,642.2770618896591
ACC_CABLE_025,2026-05-31,586.1020206999924
ACC_CABLE_025,2026-06-01,359.778196547521
ACC_CABLE_025,2026-06-02,433.53309435690625
ACC_CABLE_025,2026-06-03,443.3952328014269
ACC_CABLE_025,2026-06-04,375.421671625177
ACC_CABLE_025,2026-06-05,390.06626034797887
ACC_CABLE_025,2026-06-06,691.1562653760402
ACC_CABLE_025,2026-06-07,733.0669024895489
ACC_CABLE_025,2026-06-08,384.650499100566
ACC_CABLE_025,2026-06-09,452.5028661832623
ACC_CABLE_025,2026-06-10,362.43177920548845
ACC_CABLE_025,2026-06-11,450.1068601836131
ACC_CABLE_025,2026-06-12,468.9967426529832
ACC_CABLE_025,2026-06-13,714.8812016167789
ACC_CABLE_025,2026-06-14,735.0613454572959
ACC_CABLE_025,2026-06-15,476.7718262625287
ACC_CABLE_025,2026-06-16,516.079295359475
ACC_CABLE_025,2026-06-17,442.1771446519171
ACC_CABLE_025,2026-06-18,516.505373030694
ACC_CABLE_025,2026-06-19,397.6313787623116
ACC_CABLE_025,2026-06-20,684.8524417174652
ACC_CABLE_025,2026-06-21,688.8508648284932
ACC_CABLE_025,2026-06-22,393.8773820384991
ACC_CABLE_025,2026-06-23,337.8859322566785
ACC_CABLE_025,2026-06-24,475.63211021317636
ACC_CABLE_025,2026-06-25,399.1348050437467
ACC_CABLE_025,2026-06-26,421.8246842897465
ACC_CABLE_025,2026-06-27,762.1533322792316
ACC_CABLE_025,2026-06-28,719.1708242151418
ACC_CABLE_025,2026-06-29,513.4830079717121
ACC_CABLE_025,2026-06-30,444.63462205250124
ACC_CABLE_025,2026-07-01,463.3139901828824
ACC_CABLE_025,2026-07-02,429.5473916504894
ACC_CABLE_025,2026-07-03,403.7955376721202
ACC_CABLE_025,2026-07-04,719.2063798461644
ACC_CABLE_025,2026-07-05,677.2806084612212
ACC_CABLE_025,2026-07-06,467.8566357619826
ACC_CABLE_025,2026-07-07,416.2480198337019
ACC_CABLE_025,2026-07-08,433.228673435597
ACC_CABLE_025,2026-07-09,436.7909652741955
ACC_CABLE_025,2026-07-10,486.8787100669451
ACC_CABLE_025,2026-07-11,678.6727478837836
ACC_CABLE_025,2026-07-12,747.4657790946455
ACC_CABLE_025,2026-07-13,402.9033158589344
ACC_CABLE_025,2026-07-14,453.09593340512527
ACC_CABLE_025,2026-07-15,412.4582132647176
ACC_CABLE_025,2026-07-16,489.4307720274116
ACC_CABLE_025,2026-07-17,407.17493509018686
ACC_CABLE_025,2026-07-18,667.2671851131757
ACC_CABLE_025,2026-07-19,644.4315163331028
ACC_CABLE_025,2026-07-20,446.8895301771045
ACC_CABLE_025,2026-07-21,467.8286748265823
ACC_CABLE_025,2026-07-22,463.38130322522795
ACC_CABLE_025,2026-07-23,436.80546290668144
ACC_CABLE_025,2026-07-24,414.96094779651025
ACC_CABLE_025,2026-07-25,686.9782355056436
ACC_CABLE_025,2026-07-26,688.7534423229604
ACC_CABLE_025,2026-07-27,454.31120420817723
ACC_CABLE_025,2026-07-28,451.5321297261593
ACC_CABLE_025,2026-07-29,517.9620325772933
ACC_CABLE_025,2026-07-30,445.6884963724712
ACC_CABLE_025,2026-07-31,459.5201212566179
ACC_CABLE_025,2026-08-01,702.9440173528641
ACC_CABLE_025,2026-08-02,686.1311503454771
ACC_CABLE_025,2026-08-03,459.68357374319413
ACC_CABLE_025,2026-08-04,426.82985869779736
ACC_CABLE_025,2026-08-05,442.4199450951588
ACC_CABLE_025,2026-08-06,494.43483973915016
ACC_CABLE_025,2026-08-07,424.5236883547404
ACC_CABLE_025,2026-08-08,717.4508516630807
ACC_CABLE_025,2026-08-09,595.3945282340852
ACC_CABLE_025,2026-08-10,437.7543494060168
ACC_CABLE_025,2026-08-11,424.8357421151414
ACC_CABLE_025,2026-08-12,451.07309450127843
ACC_CABLE_025,2026-08-13,436.0363133282591
ACC_CABLE_025,2026-08-14,452.27865721816863
ACC_CABLE_025,2026-08-15,685.8688162152093
ACC_CABLE_025,2026-08-16,718.607858182335
ACC_CABLE_025,2026-08-17,373.6562507366585
ACC_CABLE_025,2026-08-18,451.5961638130263
ACC_CABLE_025,2026-08-19,407.0804239578139
ACC_CABLE_025,2026-08-20,496.90111474347526
ACC_CABLE_025,2026-08-21,406.6930842015136
ACC_CABLE_025,2026-08-22,745.446401139254
ACC_CABLE_025,2026-08-23,702.7087094851045
ACC_CABLE_025,2026-08-24,369.8447037335845
ACC_CABLE_025,2026-08-25,410.5710109248841
ACC_CABLE_025,2026-08-26,484.16632362790904
ACC_CABLE_025,2026-08-27,481.89697593859245
ACC_CABLE_025,2026-08-28,392.99765708168434
ACC_CABLE_026,2026-04-01,181.10992611952562
ACC_CABLE_026,2026-04-02,145.33991856444078
ACC_CABLE_026,2026-04-03,173.50065064398044
ACC_CABLE_026,2026-04-04,343.29703562680464
ACC_CABLE_026,2026-04-05,287.18667600667163
ACC_CABLE_026,2026-04-06,219.69099339740393
ACC_CABLE_026,2026-04-07,175.62308058359602
ACC_CABLE_026,2026-04-08,175.3134119803722
ACC_CABLE_026,2026-04-09,201.69288893221494
ACC_CABLE_026,2026-04-10,199.61374250828547
ACC_CABLE_026,2026-04-11,314.95043977258746
ACC_CABLE_026,2026-04-12,299.3413363892821
ACC_CABLE_026,2026-04-13,207.03909782307082
ACC_CABLE_026,2026-04-14,205.8339017540538
ACC_CABLE_026,2026-04-15,209.47192197176827
ACC_CABLE_026,2026-04-16,176.65180157143598
ACC_CABLE_026,2026-04-17,207.62550317168774
ACC_CABLE_026,2026-04-18,290.453147750111
ACC_CABLE_026,2026-04-19,297.37791712219513
ACC_CABLE_026,2026-04-20,185.54613710020664
ACC_CABLE_026,2026-04-21,170.43526725637145
ACC_CABLE_026,2026-04-22,156.8693724473091
ACC_CABLE_026,2026-04-23,212.06126719058784
ACC_CABLE_026,2026-04-24,176.38815851204552
ACC_CABLE_026,2026-04-25,296.1828411229033
ACC_CABLE_026,2026-04-26,287.75866789016516
ACC_CABLE_026,2026-04-27,185.12622561733727
ACC_CABLE_026,2026-04-28,180.64020530870204
ACC_CABLE_026,2026-04-29,213.99095997162902
ACC_CABLE_026,2026-04-30,179.36662283610016
ACC_CABLE_026,2026-05-01,222.39070714835475
ACC_CABLE_026,2026-05-02,323.4404480250661
ACC_CABLE_026,2026-05-03,293.5752859582027
ACC_CABLE_026,2026-05-04,196.8984964072089
ACC_CABLE_026,2026-05-05,200.75984173050668
ACC_CABLE_026,2026-05-06,206.90389398990607
ACC_CABLE_026,2026-05-07,208.8926863436186
ACC_CABLE_026,2026-05-08,195.02136741113696
ACC_CABLE_026,2026-05-09,285.5477303466605
ACC_CABLE_026,2026-05-10,315.3705228359534
ACC_CABLE_026,2026-05-11,187.60098141649007
ACC_CABLE_026,2026-05-12,140.270787148542
ACC_CABLE_026,2026-05-13,199.55917967330757
ACC_CABLE_026,2026-05-14,178.7955530469594
ACC_CABLE_026,2026-05-15,184.0739817705214
ACC_CABLE_026,2026-05-16,304.4619931261905
ACC_CABLE_026,2026-05-17,275.6021649933191
ACC_CABLE_026,2026-05-18,195.63617147430898
ACC_CABLE_026,2026-05-19,187.30924153649858
ACC_CABLE_026,2026-05-20,177.03370826250378
ACC_CABLE_026,2026-05-21,194.3600979453385
ACC_CABLE_026,2026-05-22,162.2123503520299
ACC_CABLE_026,2026-05-23,306.80665807806156
ACC_CABLE_026,2026-05-24,314.3031397911625
ACC_CABLE_026,2026-05-25,199.7776250688868
ACC_CABLE_026,2026-05-26,208.92324626040474
ACC_CABLE_026,2026-05-27,216.07555431546936
ACC_CABLE_026,2026-05-28,193.0369322771351
ACC_CABLE_026,2026-05-29,215.07536041186646
ACC_CABLE_026,2026-05-30,304.867415918891
ACC_CABLE_026,2026-05-31,293.5900277519835
ACC_CABLE_026,2026-06-01,187.84483849781432
ACC_CABLE_026,2026-06-02,200.26578317161287
ACC_CABLE_026,2026-06-03,215.6343079760051
ACC_CABLE_026,2026-06-04,195.6272090995365
ACC_CABLE_026,2026-06-05,183.21998218818064
ACC_CABLE_026,2026-06-06,334.36323687085905
ACC_CABLE_026,2026-06-07,280.96241288895226
ACC_CABLE_026,2026-06-08,183.78997984874033
ACC_CABLE_026,2026-06-09,212.95578943502198
ACC_CABLE_026,2026-06-10,229.35610478559863
ACC_CABLE_026,2026-06-11,205.59067151449935
ACC_CABLE_026,2026-06-12,201.44790858184726
ACC_CABLE_026,2026-06-13,303.1399078344535
ACC_CABLE_026,2026-06-14,318.8941235397163
ACC_CABLE_026,2026-06-15,199.65623868080112
ACC_CABLE_026,2026-06-16,183.3657168153295
ACC_CABLE_026,2026-06-17,191.80271590830895
ACC_CABLE_026,2026-06-18,181.56550446174091
ACC_CABLE_026,2026-06-19,198.10325042748337
ACC_CABLE_026,2026-06-20,312.6102141985924
ACC_CABLE_026,2026-06-21,340.1495274948484
ACC_CABLE_026,2026-06-22,187.18841346215444
ACC_CABLE_026,2026-06-23,195.08755236065514
ACC_CABLE_026,2026-06-24,222.0207725801456
ACC_CABLE_026,2026-06-25,232.32466191851677
ACC_CABLE_026,2026-06-26,207.72962417961517
ACC_CABLE_026,2026-06-27,305.9337250110635
ACC_CABLE_026,2026-06-28,302.00187138876026
ACC_CABLE_026,2026-06-29,165.06895724359867
ACC_CABLE_026,2026-06-30,182.2435096368199
ACC_CABLE_026,2026-07-01,201.5390610771671
ACC_CABLE_026,2026-07-02,196.4336628921336
ACC_CABLE_026,2026-07-03,211.5453883163075
ACC_CABLE_026,2026-07-04,308.0692281649775
ACC_CABLE_026,2026-07-05,298.3453342825479
ACC_CABLE_026,2026-07-06,206.74900322382302
ACC_CABLE_026,2026-07-07,247.14793356580645
ACC_CABLE_026,2026-07-08,194.7973054864246
ACC_CABLE_026,2026-07-09,203.433307897024
ACC_CABLE_026,2026-07-10,216.75281581055586
ACC_CABLE_026,2026-07-11,302.11789791681167
ACC_CABLE_026,2026-07-12,336.57329018141814
ACC_CABLE_026,2026-07-13,172.07985393320652
ACC_CABLE_026,2026-07-14,194.0162774788037
ACC_CABLE_026,2026-07-15,195.9612913063409
ACC_CABLE_026,2026-07-16,204.71153406171712
ACC_CABLE_026,2026-07-17,165.38044782018758
ACC_CABLE_026,2026-07-18,338.9609620406964
ACC_CABLE_026,2026-07-19,321.65444708008556
ACC_CABLE_026,2026-07-20,223.3846648862838
ACC_CABLE_026,2026-07-21,232.652464716828
ACC_CABLE_026,2026-07-22,189.02551372293075
ACC_CABLE_026,2026-07-23,156.55501558655595
ACC_CABLE_026,2026-07-24,224.42240900052104
ACC_CABLE_026,2026-07-25,309.52328233477505
ACC_CABLE_026,2026-07-26,293.92306597677964
ACC_CABLE_026,2026-07-27,214.2691735465535
ACC_CABLE_026,2026-07-28,249.52215893766
ACC_CABLE_026,2026-07-29,201.82433919042703
ACC_CABLE_026,2026-07-30,221.69076331582312
ACC_CABLE_026,2026-07-31,185.7824480414679
ACC_CABLE_026,2026-08-01,284.52630556263836
ACC_CABLE_026,2026-08-02,333.0492927294076
ACC_CABLE_026,2026-08-03,214.75696099563376
ACC_CABLE_026,2026-08-04,196.0879272753412
ACC_CABLE_026,2026-08-05,236.63567912927235
ACC_CABLE_026,2026-08-06,172.23050516438158
ACC_CABLE_026,2026-08-07,182.32144058785042
ACC_CABLE_026,2026-08-08,306.8526627376028
ACC_CABLE_026,2026-08-09,310.4710156638368
ACC_CABLE_026,2026-08-10,232.9055975600323
ACC_CABLE_026,2026-08-11,206.7150816432802
ACC_CABLE_026,2026-08-12,202.3610557934443
ACC_CABLE_026,2026-08-13,182.4778741190895
ACC_CABLE_026,2026-08-14,226.46138387825246
ACC_CABLE_026,2026-08-15,296.8584795675094
ACC_CABLE_026,2026-08-16,294.4422299807008
ACC_CABLE_026,2026-08-17,199.2551985783826
ACC_CABLE_026,2026-08-18,209.88540885858612
ACC_CABLE_026,2026-08-19,193.60534763701827
ACC_CABLE_026,2026-08-20,220.30052555501146
ACC_CABLE_026,2026-08-21,202.03664124815808
ACC_CABLE_026,2026-08-22,338.6315022767755
ACC_CABLE_026,2026-08-23,328.59505738474525
ACC_CABLE_026,2026-08-24,241.07151573077294
ACC_CABLE_026,2026-08-25,199.67454197867872
ACC_CABLE_026,2026-08-26,223.74786105394406
ACC_CABLE_026,2026-08-27,174.9653112742655
ACC_CABLE_026,2026-08-28,262.1348516912116
ACC_CABLE_027,2026-04-01,270.7507382760252
ACC_CABLE_027,2026-04-02,294.6147911432665
ACC_CABLE_027,2026-04-03,283.5272135740913
ACC_CABLE_027,2026-04-04,428.7669913767291
ACC_CABLE_027,2026-04-05,433.5390474999651
ACC_CABLE_027,2026-04-06,248.60112429204025
ACC_CABLE_027,2026-04-07,245.31000082424106
ACC_CABLE_027,2026-04-08,268.86239941532745
ACC_CABLE_027,2026-04-09,309.05633102724465
ACC_CABLE_027,2026-04-10,248.80709534434698
ACC_CABLE_027,2026-04-11,466.1838128075045
ACC_CABLE_027,2026-04-12,421.1993980390723
ACC_CABLE_027,2026-04-13,228.48975519354352
ACC_CABLE_027,2026-04-14,293.03615333705847
ACC_CABLE_027,2026-04-15,323.053999217064
ACC_CABLE_027,2026-04-16,254.63171178460243
ACC_CABLE_027,2026-04-17,235.07156291435555
ACC_CABLE_027,2026-04-18,456.70564712980865
ACC_CABLE_027,2026-04-19,418.82039220497296
ACC_CABLE_027,2026-04-20,293.66144556579764
ACC_CABLE_027,2026-04-21,310.780836800026
ACC_CABLE_027,2026-04-22,288.275042878641
ACC_CABLE_027,2026-04-23,301.649605310335
ACC_CABLE_027,2026-04-24,301.9884954403177
ACC_CABLE_027,2026-04-25,472.5225292561302
ACC_CABLE_027,2026-04-26,446.5978171845865
ACC_CABLE_027,2026-04-27,301.40250939606483
ACC_CABLE_027,2026-04-28,284.5874881939142
ACC_CABLE_027,2026-04-29,291.00043674541223
ACC_CABLE_027,2026-04-30,364.5772324297541
ACC_CABLE_027,2026-05-01,287.1681744509644
ACC_CABLE_027,2026-05-02,404.91182585462707
ACC_CABLE_027,2026-05-03,440.9512307005131
ACC_CABLE_027,2026-05-04,272.37948914427324
ACC_CABLE_027,2026-05-05,273.79169659157265
ACC_CABLE_027,2026-05-06,307.56501096458186
ACC_CABLE_027,2026-05-07,312.6043225755272
ACC_CABLE_027,2026-05-08,278.63446730155187
ACC_CABLE_027,2026-05-09,408.8842679808778
ACC_CABLE_027,2026-05-10,450.1850378750538
ACC_CABLE_027,2026-05-11,267.0024707181596
ACC_CABLE_027,2026-05-12,287.9571701056084
ACC_CABLE_027,2026-05-13,278.9614517755585
ACC_CABLE_027,2026-05-14,316.02147026787
ACC_CABLE_027,2026-05-15,290.1847020824036
ACC_CABLE_027,2026-05-16,433.44071061948677
ACC_CABLE_027,2026-05-17,410.2593099722058
ACC_CABLE_027,2026-05-18,281.7248090764044
ACC_CABLE_027,2026-05-19,281.9735290310843
ACC_CABLE_027,2026-05-20,276.10608333577886
ACC_CABLE_027,2026-05-21,304.89893553873844
ACC_CABLE_027,2026-05-22,245.48531364736283
ACC_CABLE_027,2026-05-23,428.35378384630764
ACC_CABLE_027,2026-05-24,451.01052574581735
ACC_CABLE_027,2026-05-25,268.6575731568427
ACC_CABLE_027,2026-05-26,274.40482502633097
ACC_CABLE_027,2026-05-27,282.73706224694877
ACC_CABLE_027,2026-05-28,303.48263216221613
ACC_CABLE_027,2026-05-29,281.9241671620275
ACC_CABLE_027,2026-05-30,396.0867090046899
ACC_CABLE_027,2026-05-31,433.9628025511111
ACC_CABLE_027,2026-06-01,298.8336459982822
ACC_CABLE_027,2026-06-02,306.34979242995695
ACC_CABLE_027,2026-06-03,308.0228774376605
ACC_CABLE_027,2026-06-04,315.99250369095296
ACC_CABLE_027,2026-06-05,289.0188688476837
ACC_CABLE_027,2026-06-06,458.7633534720023
ACC_CABLE_027,2026-06-07,423.6661241232356
ACC_CABLE_027,2026-06-08,226.18172136714657
ACC_CABLE_027,2026-06-09,247.22472069325002
ACC_CABLE_027,2026-06-10,267.1292835733439
ACC_CABLE_027,2026-06-11,249.12215438326962
ACC_CABLE_027,2026-06-12,278.71521645434007
ACC_CABLE_027,2026-06-13,439.79636400630136
ACC_CABLE_027,2026-06-14,478.5840255836968
ACC_CABLE_027,2026-06-15,260.5018329370548
ACC_CABLE_027,2026-06-16,291.2800609142771
ACC_CABLE_027,2026-06-17,275.96441166169524
ACC_CABLE_027,2026-06-18,259.9184315693784
ACC_CABLE_027,2026-06-19,267.7651638704806
ACC_CABLE_027,2026-06-20,396.98523213978524
ACC_CABLE_027,2026-06-21,474.40437242226426
ACC_CABLE_027,2026-06-22,327.00241060344547
ACC_CABLE_027,2026-06-23,281.06793516966513
ACC_CABLE_027,2026-06-24,289.402113612083
ACC_CABLE_027,2026-06-25,280.58432360479827
ACC_CABLE_027,2026-06-26,266.2654806297702
ACC_CABLE_027,2026-06-27,474.1053189418202
ACC_CABLE_027,2026-06-28,463.6062857741846
ACC_CABLE_027,2026-06-29,208.97509112913642
ACC_CABLE_027,2026-06-30,260.9447433715084
ACC_CABLE_027,2026-07-01,232.98550951203285
ACC_CABLE_027,2026-07-02,332.72943593272487
ACC_CABLE_027,2026-07-03,285.2075258804976
ACC_CABLE_027,2026-07-04,462.34336310281736
ACC_CABLE_027,2026-07-05,446.09905427178586
ACC_CABLE_027,2026-07-06,320.83442964560635
ACC_CABLE_027,2026-07-07,314.3054627636064
ACC_CABLE_027,2026-07-08,284.75277454863374
ACC_CABLE_027,2026-07-09,338.26660833663624
ACC_CABLE_027,2026-07-10,296.1147807256273
ACC_CABLE_027,2026-07-11,416.4505479261685
ACC_CABLE_027,2026-07-12,459.6605171553743
ACC_CABLE_027,2026-07-13,305.73136215324547
ACC_CABLE_027,2026-07-14,287.9229968296676
ACC_CABLE_027,2026-07-15,280.39306795129426
ACC_CABLE_027,2026-07-16,340.5963723279471
ACC_CABLE_027,2026-07-17,259.3201961394569
ACC_CABLE_027,2026-07-18,381.5214984269654
ACC_CABLE_027,2026-07-19,502.6358912536638
ACC_CABLE_027,2026-07-20,258.66109186792573
ACC_CABLE_027,2026-07-21,284.7393421374493
ACC_CABLE_027,2026-07-22,282.3828725202819
ACC_CABLE_027,2026-07-23,326.94625834327917
ACC_CABLE_027,2026-07-24,332.70203607770156
ACC_CABLE_027,2026-07-25,423.18043746669673
ACC_CABLE_027,2026-07-26,496.4507057379171
ACC_CABLE_027,2026-07-27,330.49012472756664
ACC_CABLE_027,2026-07-28,294.2341963695292
ACC_CABLE_027,2026-07-29,319.5881745268281
ACC_CABLE_027,2026-07-30,322.5061067288753
ACC_CABLE_027,2026-07-31,287.18299130616515
ACC_CABLE_027,2026-08-01,455.55116301161115
ACC_CABLE_027,2026-08-02,476.31545409925405
ACC_CABLE_027,2026-08-03,249.65271092085163
ACC_CABLE_027,2026-08-04,284.9849360041973
ACC_CABLE_027,2026-08-05,261.7700986020276
ACC_CABLE_027,2026-08-06,334.34075840277296
ACC_CABLE_027,2026-08-07,285.1099195637358
ACC_CABLE_027,2026-08-08,468.57791475737656
ACC_CABLE_027,2026-08-09,455.0718305671587
ACC_CABLE_027,2026-08-10,287.82583924135275
ACC_CABLE_027,2026-08-11,301.6226695373907
ACC_CABLE_027,2026-08-12,275.78423485146106
ACC_CABLE_027,2026-08-13,290.62188709949504
ACC_CABLE_027,2026-08-14,290.56873327631155
ACC_CABLE_027,2026-08-15,450.3192577236352
ACC_CABLE_027,2026-08-16,472.94317065376885
ACC_CABLE_027,2026-08-17,284.3629122764003
ACC_CABLE_027,2026-08-18,341.31677351457006
ACC_CABLE_027,2026-08-19,314.35940938191857
ACC_CABLE_027,2026-08-20,259.9090424891372
ACC_CABLE_027,2026-08-21,312.504231255466
ACC_CABLE_027,2026-08-22,444.02036034878205
ACC_CABLE_027,2026-08-23,466.94504884119056
ACC_CABLE_027,2026-08-24,277.56900583868514
ACC_CABLE_027,2026-08-25,237.33445270841747
ACC_CABLE_027,2026-08-26,297.45015559517634
ACC_CABLE_027,2026-08-27,258.6101250557963
ACC_CABLE_027,2026-08-28,309.93414472898456
ACC_CABLE_028,2026-04-01,182.66230830233067
ACC_CABLE_028,2026-04-02,199.55622419428045
ACC_CABLE_028,2026-04-03,210.04436389260854
ACC_CABLE_028,2026-04-04,335.7961472520497
ACC_CABLE_028,2026-04-05,323.4850704456408
ACC_CABLE_028,2026-04-06,207.3656761307647
ACC_CABLE_028,2026-04-07,202.59730916722208
ACC_CABLE_028,2026-04-08,214.76238748436967
ACC_CABLE_028,2026-04-09,207.4573130298182
ACC_CABLE_028,2026-04-10,202.66475320094574
ACC_CABLE_028,2026-04-11,316.1326240172524
ACC_CABLE_028,2026-04-12,323.2758285008496
ACC_CABLE_028,2026-04-13,211.4918275767855
ACC_CABLE_028,2026-04-14,207.29950777796122
ACC_CABLE_028,2026-04-15,209.71652836690507
ACC_CABLE_028,2026-04-16,229.1044372270237
ACC_CABLE_028,2026-04-17,207.70327845493176
ACC_CABLE_028,2026-04-18,309.5700295905369
ACC_CABLE_028,2026-04-19,340.3721357198834
ACC_CABLE_028,2026-04-20,175.52603324662164
ACC_CABLE_028,2026-04-21,181.37173238521427
ACC_CABLE_028,2026-04-22,209.86694529440138
ACC_CABLE_028,2026-04-23,213.62793335573159
ACC_CABLE_028,2026-04-24,178.54897552992009
ACC_CABLE_028,2026-04-25,315.943650380265
ACC_CABLE_028,2026-04-26,311.6283233556068
ACC_CABLE_028,2026-04-27,194.16647354236807
ACC_CABLE_028,2026-04-28,222.92195552545894
ACC_CABLE_028,2026-04-29,218.33010927094506
ACC_CABLE_028,2026-04-30,203.96755640292585
ACC_CABLE_028,2026-05-01,193.58076145770144
ACC_CABLE_028,2026-05-02,297.6570065955972
ACC_CABLE_028,2026-05-03,353.203698775639
ACC_CABLE_028,2026-05-04,216.79227800569836
ACC_CABLE_028,2026-05-05,190.9666179185372
ACC_CABLE_028,2026-05-06,219.64198995249782
ACC_CABLE_028,2026-05-07,203.99552758850749
ACC_CABLE_028,2026-05-08,199.80780990275315
ACC_CABLE_028,2026-05-09,334.40423056579203
ACC_CABLE_028,2026-05-10,311.0200350017455
ACC_CABLE_028,2026-05-11,199.1248696097978
ACC_CABLE_028,2026-05-12,208.57922128399093
ACC_CABLE_028,2026-05-13,196.31097614229574
ACC_CABLE_028,2026-05-14,219.83170420535046
ACC_CABLE_028,2026-05-15,243.9813300735652
ACC_CABLE_028,2026-05-16,311.6640373478572
ACC_CABLE_028,2026-05-17,293.5974940739191
ACC_CABLE_028,2026-05-18,167.01519665047476
ACC_CABLE_028,2026-05-19,204.19063717010033
ACC_CABLE_028,2026-05-20,194.08670819747633
ACC_CABLE_028,2026-05-21,211.6572100213416
ACC_CABLE_028,2026-05-22,210.30195344052203
ACC_CABLE_028,2026-05-23,295.73566306771806
ACC_CABLE_028,2026-05-24,291.6523234103719
ACC_CABLE_028,2026-05-25,214.0186648069219
ACC_CABLE_028,2026-05-26,210.95857669439914
ACC_CABLE_028,2026-05-27,199.88364003266898
ACC_CABLE_028,2026-05-28,175.40712829735392
ACC_CABLE_028,2026-05-29,218.1278252552998
ACC_CABLE_028,2026-05-30,354.2879909084789
ACC_CABLE_028,2026-05-31,334.55964880437847
ACC_CABLE_028,2026-06-01,192.2005221886987
ACC_CABLE_028,2026-06-02,210.19104331142304
ACC_CABLE_028,2026-06-03,182.1277183813263
ACC_CABLE_028,2026-06-04,230.75921427677585
ACC_CABLE_028,2026-06-05,211.38688669059079
ACC_CABLE_028,2026-06-06,294.53686176493534
ACC_CABLE_028,2026-06-07,324.03651279112637
ACC_CABLE_028,2026-06-08,219.4660302046846
ACC_CABLE_028,2026-06-09,203.68904758048956
ACC_CABLE_028,2026-06-10,204.98208557119654
ACC_CABLE_028,2026-06-11,186.16195585905456
ACC_CABLE_028,2026-06-12,222.13081974163313
ACC_CABLE_028,2026-06-13,317.9806159996172
ACC_CABLE_028,2026-06-14,287.97109245989935
ACC_CABLE_028,2026-06-15,203.82485258659213
ACC_CABLE_028,2026-06-16,231.02299431140707
ACC_CABLE_028,2026-06-17,203.81141106800106
ACC_CABLE_028,2026-06-18,246.4596997024704
ACC_CABLE_028,2026-06-19,220.42935897097033
ACC_CABLE_028,2026-06-20,338.7751632456073
ACC_CABLE_028,2026-06-21,329.5820346816478
ACC_CABLE_028,2026-06-22,210.9342758447142
ACC_CABLE_028,2026-06-23,207.1815272976099
ACC_CABLE_028,2026-06-24,206.55461215834947
ACC_CABLE_028,2026-06-25,223.36734324134298
ACC_CABLE_028,2026-06-26,194.1833754041887
ACC_CABLE_028,2026-06-27,311.53212342551484
ACC_CABLE_028,2026-06-28,310.7360989824924
ACC_CABLE_028,2026-06-29,254.26309095354307
ACC_CABLE_028,2026-06-30,224.1068580334116
ACC_CABLE_028,2026-07-01,219.7398440336029
ACC_CABLE_028,2026-07-02,192.64970659413137
ACC_CABLE_028,2026-07-03,226.41684601349655
ACC_CABLE_028,2026-07-04,331.7685730709334
ACC_CABLE_028,2026-07-05,338.533378822635
ACC_CABLE_028,2026-07-06,194.86759368272888
ACC_CABLE_028,2026-07-07,217.75537714835156
ACC_CABLE_028,2026-07-08,206.22332923587032
ACC_CABLE_028,2026-07-09,199.53777685939625
ACC_CABLE_028,2026-07-10,229.68212671614498
ACC_CABLE_028,2026-07-11,304.39584382939995
ACC_CABLE_028,2026-07-12,346.595525286283
ACC_CABLE_028,2026-07-13,229.1397226710599
ACC_CABLE_028,2026-07-14,198.0071264889752
ACC_CABLE_028,2026-07-15,199.34343077735065
ACC_CABLE_028,2026-07-16,211.43948637467196
ACC_CABLE_028,2026-07-17,221.69072420924442
ACC_CABLE_028,2026-07-18,333.14290016371547
ACC_CABLE_028,2026-07-19,345.0212492038376
ACC_CABLE_028,2026-07-20,251.75959305074798
ACC_CABLE_028,2026-07-21,206.49566461700573
ACC_CABLE_028,2026-07-22,182.4964005859316
ACC_CABLE_028,2026-07-23,233.46847166061306
ACC_CABLE_028,2026-07-24,250.7662915185506
ACC_CABLE_028,2026-07-25,345.1053672610225
ACC_CABLE_028,2026-07-26,315.6450264929266
ACC_CABLE_028,2026-07-27,215.072152735296
ACC_CABLE_028,2026-07-28,195.32953031576733
ACC_CABLE_028,2026-07-29,230.70710987925895
ACC_CABLE_028,2026-07-30,190.9741919460313
ACC_CABLE_028,2026-07-31,212.147424263436
ACC_CABLE_028,2026-08-01,318.2132434741219
ACC_CABLE_028,2026-08-02,340.98649370269925
ACC_CABLE_028,2026-08-03,211.27316645724483
ACC_CABLE_028,2026-08-04,222.28524206500526
ACC_CABLE_028,2026-08-05,219.34701109932732
ACC_CABLE_028,2026-08-06,199.3168194455178
ACC_CABLE_028,2026-08-07,231.73754127058044
ACC_CABLE_028,2026-08-08,338.3746869631377
ACC_CABLE_028,2026-08-09,319.729419842682
ACC_CABLE_028,2026-08-10,264.4685311241159
ACC_CABLE_028,2026-08-11,229.32860333434252
ACC_CABLE_028,2026-08-12,216.8847889320139
ACC_CABLE_028,2026-08-13,248.40409053403647
ACC_CABLE_028,2026-08-14,257.0863121877321
ACC_CABLE_028,2026-08-15,337.4930115537223
ACC_CABLE_028,2026-08-16,347.49794972869523
ACC_CABLE_028,2026-08-17,200.93994363994116
ACC_CABLE_028,2026-08-18,217.90614498463975
ACC_CABLE_028,2026-08-19,217.0187489248026
ACC_CABLE_028,2026-08-20,224.8465406724331
ACC_CABLE_028,2026-08-21,227.95520957274022
ACC_CABLE_028,2026-08-22,352.6465689765612
ACC_CABLE_028,2026-08-23,346.3528531259992
ACC_CABLE_028,2026-08-24,197.53514746741672
ACC_CABLE_028,2026-08-25,203.13065788517832
ACC_CABLE_028,2026-08-26,211.12184761072655
ACC_CABLE_028,2026-08-27,216.5551881615354
ACC_CABLE_028,2026-08-28,243.36548580944225
ACC_CABLE_029,2026-04-01,398.4630117270073
ACC_CABLE_029,2026-04-02,368.46498909177313
ACC_CABLE_029,2026-04-03,401.4490178721386
ACC_CABLE_029,2026-04-04,702.0565595299545
ACC_CABLE_029,2026-04-05,653.269619477239
ACC_CABLE_029,2026-04-06,403.28153508415664
ACC_CABLE_029,2026-04-07,403.46440980991025
ACC_CABLE_029,2026-04-08,458.10618013504916
ACC_CABLE_029,2026-04-09,469.8748503306553
ACC_CABLE_029,2026-04-10,433.8602490552007
ACC_CABLE_029,2026-04-11,671.1685479720333
ACC_CABLE_029,2026-04-12,675.1768485165223
ACC_CABLE_029,2026-04-13,476.0600039435031
ACC_CABLE_029,2026-04-14,436.71448954361966
ACC_CABLE_029,2026-04-15,480.28121475489667
ACC_CABLE_029,2026-04-16,399.85797864253635
ACC_CABLE_029,2026-04-17,361.97388568239
ACC_CABLE_029,2026-04-18,638.7840314154226
ACC_CABLE_029,2026-04-19,643.3439273737907
ACC_CABLE_029,2026-04-20,484.4379090010562
ACC_CABLE_029,2026-04-21,448.56117039824454
ACC_CABLE_029,2026-04-22,391.69555424081904
ACC_CABLE_029,2026-04-23,451.8490638427069
ACC_CABLE_029,2026-04-24,413.0723838896827
ACC_CABLE_029,2026-04-25,735.4338952211941
ACC_CABLE_029,2026-04-26,653.9013983454046
ACC_CABLE_029,2026-04-27,355.0360958312386
ACC_CABLE_029,2026-04-28,411.29983074022164
ACC_CABLE_029,2026-04-29,405.3740952187922
ACC_CABLE_029,2026-04-30,363.6060941101448
ACC_CABLE_029,2026-05-01,443.81533792704977
ACC_CABLE_029,2026-05-02,727.7758314581574
ACC_CABLE_029,2026-05-03,622.216900565501
ACC_CABLE_029,2026-05-04,460.3174813062702
ACC_CABLE_029,2026-05-05,394.9248206661313
ACC_CABLE_029,2026-05-06,419.2241799001342
ACC_CABLE_029,2026-05-07,415.0144526874639
ACC_CABLE_029,2026-05-08,419.5244990996397
ACC_CABLE_029,2026-05-09,689.3329308877949
ACC_CABLE_029,2026-05-10,627.346420421419
ACC_CABLE_029,2026-05-11,474.6719545279085
ACC_CABLE_029,2026-05-12,442.04702440374564
ACC_CABLE_029,2026-05-13,455.9766852180987
ACC_CABLE_029,2026-05-14,389.0772629536077
ACC_CABLE_029,2026-05-15,375.33688476695426
ACC_CABLE_029,2026-05-16,719.8326074227878
ACC_CABLE_029,2026-05-17,622.8534062966523
ACC_CABLE_029,2026-05-18,428.24616751085586
ACC_CABLE_029,2026-05-19,464.48832701504955
ACC_CABLE_029,2026-05-20,417.0877182821484
ACC_CABLE_029,2026-05-21,471.0581981157297
ACC_CABLE_029,2026-05-22,411.38033039255583
ACC_CABLE_029,2026-05-23,618.7871530505871
ACC_CABLE_029,2026-05-24,687.478160456016
ACC_CABLE_029,2026-05-25,431.32928539914985
ACC_CABLE_029,2026-05-26,534.8010141180075
ACC_CABLE_029,2026-05-27,384.17798205630965
ACC_CABLE_029,2026-05-28,413.09834512883197
ACC_CABLE_029,2026-05-29,393.3690767623756
ACC_CABLE_029,2026-05-30,666.9368898647705
ACC_CABLE_029,2026-05-31,665.4136990551358
ACC_CABLE_029,2026-06-01,387.94955738448886
ACC_CABLE_029,2026-06-02,443.7318608024209
ACC_CABLE_029,2026-06-03,415.56302930828724
ACC_CABLE_029,2026-06-04,480.4375431671827
ACC_CABLE_029,2026-06-05,397.83487938352096
ACC_CABLE_029,2026-06-06,751.1469824597062
ACC_CABLE_029,2026-06-07,685.4987712645686
ACC_CABLE_029,2026-06-08,477.9603377427816
ACC_CABLE_029,2026-06-09,430.141318823349
ACC_CABLE_029,2026-06-10,393.10284240597707
ACC_CABLE_029,2026-06-11,414.71388181339603
ACC_CABLE_029,2026-06-12,368.24911925023605
ACC_CABLE_029,2026-06-13,670.3213549279695
ACC_CABLE_029,2026-06-14,682.241854359471
ACC_CABLE_029,2026-06-15,428.147496020946
ACC_CABLE_029,2026-06-16,481.60152484317985
ACC_CABLE_029,2026-06-17,420.36094601088934
ACC_CABLE_029,2026-06-18,348.099265897048
ACC_CABLE_029,2026-06-19,573.9286979548309
ACC_CABLE_029,2026-06-20,647.3397455284421
ACC_CABLE_029,2026-06-21,716.3529220148366
ACC_CABLE_029,2026-06-22,364.87376315163993
ACC_CABLE_029,2026-06-23,437.6263051989367
ACC_CABLE_029,2026-06-24,394.62634896503835
ACC_CABLE_029,2026-06-25,310.61064923285215
ACC_CABLE_029,2026-06-26,416.1633852057343
ACC_CABLE_029,2026-06-27,674.9722876334343
ACC_CABLE_029,2026-06-28,668.1162341682691
ACC_CABLE_029,2026-06-29,438.4392039537742
ACC_CABLE_029,2026-06-30,417.3154144008772
ACC_CABLE_029,2026-07-01,431.5197173696667
ACC_CABLE_029,2026-07-02,435.8596480686533
ACC_CABLE_029,2026-07-03,427.490109316027
ACC_CABLE_029,2026-07-04,671.0128029636138
ACC_CABLE_029,2026-07-05,641.1633793227323
ACC_CABLE_029,2026-07-06,454.0694925661707
ACC_CABLE_029,2026-07-07,417.8056100870558
ACC_CABLE_029,2026-07-08,414.6012323897622
ACC_CABLE_029,2026-07-09,451.1102138859268
ACC_CABLE_029,2026-07-10,438.79625812056486
ACC_CABLE_029,2026-07-11,650.1738566693044
ACC_CABLE_029,2026-07-12,731.2023336819382
ACC_CABLE_029,2026-07-13,381.0972046261362
ACC_CABLE_029,2026-07-14,387.7938064277041
ACC_CABLE_029,2026-07-15,458.4866896655035
ACC_CABLE_029,2026-07-16,503.5721272926994
ACC_CABLE_029,2026-07-17,407.0878090224783
ACC_CABLE_029,2026-07-18,697.3320869684255
ACC_CABLE_029,2026-07-19,630.8669123318632
ACC_CABLE_029,2026-07-20,392.94710938229383
ACC_CABLE_029,2026-07-21,478.6362249564083
ACC_CABLE_029,2026-07-22,446.97916577642115
ACC_CABLE_029,2026-07-23,480.2240348383423
ACC_CABLE_029,2026-07-24,477.18181330910863
ACC_CABLE_029,2026-07-25,594.533687735629
ACC_CABLE_029,2026-07-26,631.767894887693
ACC_CABLE_029,2026-07-27,443.9407457654791
ACC_CABLE_029,2026-07-28,362.2707657909667
ACC_CABLE_029,2026-07-29,389.09634073193075
ACC_CABLE_029,2026-07-30,492.219147283032
ACC_CABLE_029,2026-07-31,410.67501612064825
ACC_CABLE_029,2026-08-01,711.7773910127729
ACC_CABLE_029,2026-08-02,681.281016788678
ACC_CABLE_029,2026-08-03,405.38264544677344
ACC_CABLE_029,2026-08-04,364.68531518292787
ACC_CABLE_029,2026-08-05,443.58203742242165
ACC_CABLE_029,2026-08-06,494.41612987135784
ACC_CABLE_029,2026-08-07,407.16160958972114
ACC_CABLE_029,2026-08-08,686.1968317004977
ACC_CABLE_029,2026-08-09,620.4287646608923
ACC_CABLE_029,2026-08-10,406.754729563123
ACC_CABLE_029,2026-08-11,448.9465888676548
ACC_CABLE_029,2026-08-12,465.81420654659223
ACC_CABLE_029,2026-08-13,458.1718731232648
ACC_CABLE_029,2026-08-14,350.94062060398966
ACC_CABLE_029,2026-08-15,665.4372041759082
ACC_CABLE_029,2026-08-16,644.4078339227731
ACC_CABLE_029,2026-08-17,422.8753265535927
ACC_CABLE_029,2026-08-18,431.2355554272752
ACC_CABLE_029,2026-08-19,480.25360348460237
ACC_CABLE_029,2026-08-20,448.4023370227813
ACC_CABLE_029,2026-08-21,495.140026874814
ACC_CABLE_029,2026-08-22,656.4203219512721
ACC_CABLE_029,2026-08-23,626.7913228462444
ACC_CABLE_029,2026-08-24,497.1425695940493
ACC_CABLE_029,2026-08-25,454.8883923728762
ACC_CABLE_029,2026-08-26,406.2042216546058
ACC_CABLE_029,2026-08-27,455.3696494581769
ACC_CABLE_029,2026-08-28,472.01327203877645
ACC_CABLE_030,2026-04-01,190.28427631269577
ACC_CABLE_030,2026-04-02,172.08885564741715
ACC_CABLE_030,2026-04-03,195.79380021774162
ACC_CABLE_030,2026-04-04,273.3602937284318
ACC_CABLE_030,2026-04-05,282.1257628852129
ACC_CABLE_030,2026-04-06,160.41200337805645
ACC_CABLE_030,2026-04-07,166.13573899608582
ACC_CABLE_030,2026-04-08,181.08058266335135
ACC_CABLE_030,2026-04-09,192.8141398147854
ACC_CABLE_030,2026-04-10,178.3824096636274
ACC_CABLE_030,2026-04-11,264.12766576307877
ACC_CABLE_030,2026-04-12,288.37602798721764
ACC_CABLE_030,2026-04-13,130.63235217138197
ACC_CABLE_030,2026-04-14,143.48313072513656
ACC_CABLE_030,2026-04-15,178.3469646905284
ACC_CABLE_030,2026-04-16,167.48278787817657
ACC_CABLE_030,2026-04-17,177.39097524354872
ACC_CABLE_030,2026-04-18,267.61272412012704
ACC_CABLE_030,2026-04-19,276.1206039609639
ACC_CABLE_030,2026-04-20,154.41235345361235
ACC_CABLE_030,2026-04-21,177.4130204203149
ACC_CABLE_030,2026-04-22,184.55783971542516
ACC_CABLE_030,2026-04-23,188.43908496486534
ACC_CABLE_030,2026-04-24,201.67364586170353
ACC_CABLE_030,2026-04-25,271.6276243177894
ACC_CABLE_030,2026-04-26,272.26953293297845
ACC_CABLE_030,2026-04-27,143.7676543411315
ACC_CABLE_030,2026-04-28,160.281711881216
ACC_CABLE_030,2026-04-29,166.01414577889088
ACC_CABLE_030,2026-04-30,186.68027261255986
ACC_CABLE_030,2026-05-01,159.41848145252112
ACC_CABLE_030,2026-05-02,281.78961032585573
ACC_CABLE_030,2026-05-03,268.77324167010426
ACC_CABLE_030,2026-05-04,167.02672610060642
ACC_CABLE_030,2026-05-05,174.20675049069874
ACC_CABLE_030,2026-05-06,163.7959198578281
ACC_CABLE_030,2026-05-07,163.32088540647104
ACC_CABLE_030,2026-05-08,142.42103255446312
ACC_CABLE_030,2026-05-09,265.6087555790898
ACC_CABLE_030,2026-05-10,261.93052558854606
ACC_CABLE_030,2026-05-11,162.48631367574018
ACC_CABLE_030,2026-05-12,178.02840553273566
ACC_CABLE_030,2026-05-13,182.16742722104343
ACC_CABLE_030,2026-05-14,175.2812093265984
ACC_CABLE_030,2026-05-15,188.02435064241632
ACC_CABLE_030,2026-05-16,280.246771776201
ACC_CABLE_030,2026-05-17,266.03157286820687
ACC_CABLE_030,2026-05-18,164.41287128571275
ACC_CABLE_030,2026-05-19,177.36156690665297
ACC_CABLE_030,2026-05-20,181.81715731338136
ACC_CABLE_030,2026-05-21,195.56443106601972
ACC_CABLE_030,2026-05-22,192.3043552415116
ACC_CABLE_030,2026-05-23,262.8656953926317
ACC_CABLE_030,2026-05-24,270.2668963779002
ACC_CABLE_030,2026-05-25,184.1717937811432
ACC_CABLE_030,2026-05-26,190.87196333797303
ACC_CABLE_030,2026-05-27,188.89299623362908
ACC_CABLE_030,2026-05-28,172.4960157582828
ACC_CABLE_030,2026-05-29,153.00862623492947
ACC_CABLE_030,2026-05-30,256.3675497919478
ACC_CABLE_030,2026-05-31,277.4984529862703
ACC_CABLE_030,2026-06-01,179.7967220605017
ACC_CABLE_030,2026-06-02,156.17179033833267
ACC_CABLE_030,2026-06-03,175.18539857967298
ACC_CABLE_030,2026-06-04,185.0152018900344
ACC_CABLE_030,2026-06-05,155.75476015113213
ACC_CABLE_030,2026-06-06,292.1324538297728
ACC_CABLE_030,2026-06-07,267.8207360487629
ACC_CABLE_030,2026-06-08,195.95061635751472
ACC_CABLE_030,2026-06-09,166.54803464469762
ACC_CABLE_030,2026-06-10,158.56067953241106
ACC_CABLE_030,2026-06-11,168.09073966761164
ACC_CABLE_030,2026-06-12,174.23005596922422
ACC_CABLE_030,2026-06-13,268.54008153827056
ACC_CABLE_030,2026-06-14,271.53597654404365
ACC_CABLE_030,2026-06-15,181.76042496965715
ACC_CABLE_030,2026-06-16,173.5755403983594
ACC_CABLE_030,2026-06-17,175.4591454997919
ACC_CABLE_030,2026-06-18,148.49776441315714
ACC_CABLE_030,2026-06-19,183.3130172641728
ACC_CABLE_030,2026-06-20,274.52814558808745
ACC_CABLE_030,2026-06-21,302.71983417796736
ACC_CABLE_030,2026-06-22,161.79717474030969
ACC_CABLE_030,2026-06-23,147.613127079758
ACC_CABLE_030,2026-06-24,187.7981301498457
ACC_CABLE_030,2026-06-25,183.4676958021645
ACC_CABLE_030,2026-06-26,161.2608551612361
ACC_CABLE_030,2026-06-27,251.8091422424325
ACC_CABLE_030,2026-06-28,302.5670460562908
ACC_CABLE_030,2026-06-29,201.68282144501188
ACC_CABLE_030,2026-06-30,137.45696348134885
ACC_CABLE_030,2026-07-01,171.08932001726774
ACC_CABLE_030,2026-07-02,206.25916890393435
ACC_CABLE_030,2026-07-03,171.09496779666517
ACC_CABLE_030,2026-07-04,270.00489813856024
ACC_CABLE_030,2026-07-05,273.58447109411543
ACC_CABLE_030,2026-07-06,160.90519993282538
ACC_CABLE_030,2026-07-07,151.42120022023727
ACC_CABLE_030,2026-07-08,197.06703062712336
ACC_CABLE_030,2026-07-09,149.44154104691336
ACC_CABLE_030,2026-07-10,184.07997895979446
ACC_CABLE_030,2026-07-11,293.7785616305012
ACC_CABLE_030,2026-07-12,255.35476606813089
ACC_CABLE_030,2026-07-13,165.1995713571813
ACC_CABLE_030,2026-07-14,200.61745660846123
ACC_CABLE_030,2026-07-15,189.54271338374616
ACC_CABLE_030,2026-07-16,170.71478583649838
ACC_CABLE_030,2026-07-17,200.88710855545935
ACC_CABLE_030,2026-07-18,300.10783943699596
ACC_CABLE_030,2026-07-19,284.7893694347592
ACC_CABLE_030,2026-07-20,166.64735624008455
ACC_CABLE_030,2026-07-21,174.8280963927154
ACC_CABLE_030,2026-07-22,186.52538127526395
ACC_CABLE_030,2026-07-23,178.83818531906644
ACC_CABLE_030,2026-07-24,197.59279344087503
ACC_CABLE_030,2026-07-25,256.00872767819595
ACC_CABLE_030,2026-07-26,256.744651770407
ACC_CABLE_030,2026-07-27,185.53437333946016
ACC_CABLE_030,2026-07-28,174.58951717218605
ACC_CABLE_030,2026-07-29,172.50369785748728
ACC_CABLE_030,2026-07-30,153.82706413362246
ACC_CABLE_030,2026-07-31,183.47250643917002
ACC_CABLE_030,2026-08-01,281.4295407179874
ACC_CABLE_030,2026-08-02,293.2324032022037
ACC_CABLE_030,2026-08-03,184.73695119649602
ACC_CABLE_030,2026-08-04,181.5620327090318
ACC_CABLE_030,2026-08-05,203.32051050704058
ACC_CABLE_030,2026-08-06,162.39428949309894
ACC_CABLE_030,2026-08-07,193.05042211098498
ACC_CABLE_030,2026-08-08,255.77607178087678
ACC_CABLE_030,2026-08-09,269.6670289799867
ACC_CABLE_030,2026-08-10,164.64115731171532
ACC_CABLE_030,2026-08-11,197.70205183495665
ACC_CABLE_030,2026-08-12,183.870731145676
ACC_CABLE_030,2026-08-13,184.87719646421587
ACC_CABLE_030,2026-08-14,166.98890570246405
ACC_CABLE_030,2026-08-15,279.45505731710733
ACC_CABLE_030,2026-08-16,271.9528224953997
ACC_CABLE_030,2026-08-17,192.02700774509455
ACC_CABLE_030,2026-08-18,169.49699626702838
ACC_CABLE_030,2026-08-19,207.94160702588374
ACC_CABLE_030,2026-08-20,158.50292258120245
ACC_CABLE_030,2026-08-21,172.99242276446674
ACC_CABLE_030,2026-08-22,313.1238084144406
ACC_CABLE_030,2026-08-23,278.42021065862644
ACC_CABLE_030,2026-08-24,165.0545020373272
ACC_CABLE_030,2026-08-25,190.51468078187153
ACC_CABLE_030,2026-08-26,179.20602800346006
ACC_CABLE_030,2026-08-27,173.40814078229795
ACC_CABLE_030,2026-08-28,169.26813162182117
ACC_CABLE_031,2026-04-01,465.9130307599423
ACC_CABLE_031,2026-04-02,465.0543106771997
ACC_CABLE_031,2026-04-03,441.852569696708
ACC_CABLE_031,2026-04-04,745.0113672402384
ACC_CABLE_031,2026-04-05,663.8847907545937
ACC_CABLE_031,2026-04-06,415.00008304499124
ACC_CABLE_031,2026-04-07,320.0715382321257
ACC_CABLE_031,2026-04-08,428.03926408145423
ACC_CABLE_031,2026-04-09,457.1847882999761
ACC_CABLE_031,2026-04-10,444.64468927758367
ACC_CABLE_031,2026-04-11,664.2047227752116
ACC_CABLE_031,2026-04-12,727.6490536321564
ACC_CABLE_031,2026-04-13,429.6178945724424
ACC_CABLE_031,2026-04-14,465.98299128757503
ACC_CABLE_031,2026-04-15,454.0530514280799
ACC_CABLE_031,2026-04-16,494.6463361287205
ACC_CABLE_031,2026-04-17,448.02656092660334
ACC_CABLE_031,2026-04-18,718.4385292034675
ACC_CABLE_031,2026-04-19,688.9934934768102
ACC_CABLE_031,2026-04-20,412.17543453159533
ACC_CABLE_031,2026-04-21,455.15055814585173
ACC_CABLE_031,2026-04-22,498.91769306396145
ACC_CABLE_031,2026-04-23,407.75554407451955
ACC_CABLE_031,2026-04-24,423.75532422925494
ACC_CABLE_031,2026-04-25,694.3486337578818
ACC_CABLE_031,2026-04-26,722.8690309584879
ACC_CABLE_031,2026-04-27,449.78923906247974
ACC_CABLE_031,2026-04-28,474.40302204227953
ACC_CABLE_031,2026-04-29,520.2754984001333
ACC_CABLE_031,2026-04-30,407.81335353959497
ACC_CABLE_031,2026-05-01,461.7793189580663
ACC_CABLE_031,2026-05-02,708.0695744398671
ACC_CABLE_031,2026-05-03,695.2206333711446
ACC_CABLE_031,2026-05-04,462.07227314046935
ACC_CABLE_031,2026-05-05,424.6007898208284
ACC_CABLE_031,2026-05-06,450.17327103398515
ACC_CABLE_031,2026-05-07,380.14189627932876
ACC_CABLE_031,2026-05-08,413.327061513639
ACC_CABLE_031,2026-05-09,740.4481470881309
ACC_CABLE_031,2026-05-10,738.9414765502506
ACC_CABLE_031,2026-05-11,448.1815750885538
ACC_CABLE_031,2026-05-12,417.6235555858019
ACC_CABLE_031,2026-05-13,472.86895725942105
ACC_CABLE_031,2026-05-14,490.74260614250505
ACC_CABLE_031,2026-05-15,419.8269879076974
ACC_CABLE_031,2026-05-16,633.6386515053067
ACC_CABLE_031,2026-05-17,715.8577152870682
ACC_CABLE_031,2026-05-18,477.43341275626085
ACC_CABLE_031,2026-05-19,463.5205399851711
ACC_CABLE_031,2026-05-20,505.8049134006104
ACC_CABLE_031,2026-05-21,506.13685868426296
ACC_CABLE_031,2026-05-22,425.48737651452143
ACC_CABLE_031,2026-05-23,705.9766580183739
ACC_CABLE_031,2026-05-24,676.1493483092379
ACC_CABLE_031,2026-05-25,395.0490546762244
ACC_CABLE_031,2026-05-26,397.72576596303423
ACC_CABLE_031,2026-05-27,470.30362032563716
ACC_CABLE_031,2026-05-28,452.6044521415857
ACC_CABLE_031,2026-05-29,478.05731222558614
ACC_CABLE_031,2026-05-30,807.5628827695544
ACC_CABLE_031,2026-05-31,720.1442936997042
ACC_CABLE_031,2026-06-01,406.19062304077283
ACC_CABLE_031,2026-06-02,484.91396597109076
ACC_CABLE_031,2026-06-03,405.6893202000982
ACC_CABLE_031,2026-06-04,515.9533197342224
ACC_CABLE_031,2026-06-05,355.78054126123635
ACC_CABLE_031,2026-06-06,675.9437402405285
ACC_CABLE_031,2026-06-07,726.4641595710832
ACC_CABLE_031,2026-06-08,491.9511548338378
ACC_CABLE_031,2026-06-09,412.17202725689316
ACC_CABLE_031,2026-06-10,404.50908158552176
ACC_CABLE_031,2026-06-11,448.0446259595278
ACC_CABLE_031,2026-06-12,524.0776349450158
ACC_CABLE_031,2026-06-13,634.245924003399
ACC_CABLE_031,2026-06-14,687.1614238118667
ACC_CABLE_031,2026-06-15,453.4639743501814
ACC_CABLE_031,2026-06-16,408.09458244430425
ACC_CABLE_031,2026-06-17,408.09645401670207
ACC_CABLE_031,2026-06-18,432.64082141037574
ACC_CABLE_031,2026-06-19,455.46579350273237
ACC_CABLE_031,2026-06-20,693.1928430359939
ACC_CABLE_031,2026-06-21,764.9158796169731
ACC_CABLE_031,2026-06-22,468.84122284911547
ACC_CABLE_031,2026-06-23,459.9643694005696
ACC_CABLE_031,2026-06-24,487.89187099219083
ACC_CABLE_031,2026-06-25,461.02460461998317
ACC_CABLE_031,2026-06-26,424.7986563633067
ACC_CABLE_031,2026-06-27,691.3081292716321
ACC_CABLE_031,2026-06-28,654.1212991933478
ACC_CABLE_031,2026-06-29,530.7602498399204
ACC_CABLE_031,2026-06-30,484.61420309553813
ACC_CABLE_031,2026-07-01,334.3320264392136
ACC_CABLE_031,2026-07-02,502.25783544691296
ACC_CABLE_031,2026-07-03,381.7683031970095
ACC_CABLE_031,2026-07-04,726.1408329507777
ACC_CABLE_031,2026-07-05,608.8564900236612
ACC_CABLE_031,2026-07-06,426.94762539011765
ACC_CABLE_031,2026-07-07,503.3442341836733
ACC_CABLE_031,2026-07-08,505.89492051329773
ACC_CABLE_031,2026-07-09,459.072019429851
ACC_CABLE_031,2026-07-10,479.9397325885516
ACC_CABLE_031,2026-07-11,643.8251232676574
ACC_CABLE_031,2026-07-12,728.1021640520769
ACC_CABLE_031,2026-07-13,483.12683903544723
ACC_CABLE_031,2026-07-14,557.356045604876
ACC_CABLE_031,2026-07-15,419.88924818373056
ACC_CABLE_031,2026-07-16,447.6026514139116
ACC_CABLE_031,2026-07-17,450.4167613122057
ACC_CABLE_031,2026-07-18,735.9089589257544
ACC_CABLE_031,2026-07-19,743.9000106620939
ACC_CABLE_031,2026-07-20,493.2254413181432
ACC_CABLE_031,2026-07-21,490.23116906638217
ACC_CABLE_031,2026-07-22,383.9638015927881
ACC_CABLE_031,2026-07-23,335.32121445839323
ACC_CABLE_031,2026-07-24,425.9303777167212
ACC_CABLE_031,2026-07-25,705.3235339974647
ACC_CABLE_031,2026-07-26,680.5681595747346
ACC_CABLE_031,2026-07-27,428.7370100366526
ACC_CABLE_031,2026-07-28,434.20764966439737
ACC_CABLE_031,2026-07-29,473.7377070749749
ACC_CABLE_031,2026-07-30,404.4478724278178
ACC_CABLE_031,2026-07-31,445.7956231146927
ACC_CABLE_031,2026-08-01,704.8755171409593
ACC_CABLE_031,2026-08-02,731.9575414897158
ACC_CABLE_031,2026-08-03,499.67809859162617
ACC_CABLE_031,2026-08-04,522.3350288590321
ACC_CABLE_031,2026-08-05,417.74779736383573
ACC_CABLE_031,2026-08-06,363.85109428467035
ACC_CABLE_031,2026-08-07,439.77289334150913
ACC_CABLE_031,2026-08-08,640.4806134072767
ACC_CABLE_031,2026-08-09,826.9602647889756
ACC_CABLE_031,2026-08-10,413.02884963786533
ACC_CABLE_031,2026-08-11,475.1012352996327
ACC_CABLE_031,2026-08-12,491.2082491976679
ACC_CABLE_031,2026-08-13,465.78082234705795
ACC_CABLE_031,2026-08-14,540.7566471414265
ACC_CABLE_031,2026-08-15,701.2730628610086
ACC_CABLE_031,2026-08-16,674.166596257289
ACC_CABLE_031,2026-08-17,413.48647921628077
ACC_CABLE_031,2026-08-18,484.1752454374187
ACC_CABLE_031,2026-08-19,443.81969558597604
ACC_CABLE_031,2026-08-20,413.9423245567213
ACC_CABLE_031,2026-08-21,471.320254789066
ACC_CABLE_031,2026-08-22,741.6186416013064
ACC_CABLE_031,2026-08-23,722.8932535289357
ACC_CABLE_031,2026-08-24,491.5226045096647
ACC_CABLE_031,2026-08-25,456.69705021384846
ACC_CABLE_031,2026-08-26,427.4647479674877
ACC_CABLE_031,2026-08-27,488.1713430821461
ACC_CABLE_031,2026-08-28,414.98719627292877
ACC_CABLE_032,2026-04-01,213.51651268114964
ACC_CABLE_032,2026-04-02,223.4967639150342
ACC_CABLE_032,2026-04-03,243.00393888672275
ACC_CABLE_032,2026-04-04,366.8181744477635
ACC_CABLE_032,2026-04-05,332.6785032060142
ACC_CABLE_032,2026-04-06,223.96596321934786
ACC_CABLE_032,2026-04-07,243.5127586624788
ACC_CABLE_032,2026-04-08,262.2436682255154
ACC_CABLE_032,2026-04-09,277.0653204873386
ACC_CABLE_032,2026-04-10,240.2987688892458
ACC_CABLE_032,2026-04-11,392.4692698789879
ACC_CABLE_032,2026-04-12,401.92450219500546
ACC_CABLE_032,2026-04-13,189.40679602144468
ACC_CABLE_032,2026-04-14,213.896500240375
ACC_CABLE_032,2026-04-15,240.52046800431143
ACC_CABLE_032,2026-04-16,274.97029888998685
ACC_CABLE_032,2026-04-17,253.26235327221818
ACC_CABLE_032,2026-04-18,387.9309106683008
ACC_CABLE_032,2026-04-19,374.91655589034036
ACC_CABLE_032,2026-04-20,248.92234148271476
ACC_CABLE_032,2026-04-21,224.92400180384027
ACC_CABLE_032,2026-04-22,220.74602900304495
ACC_CABLE_032,2026-04-23,222.94668683322925
ACC_CABLE_032,2026-04-24,271.0853636636815
ACC_CABLE_032,2026-04-25,361.37005112923146
ACC_CABLE_032,2026-04-26,371.9388607271856
ACC_CABLE_032,2026-04-27,251.0158650710832
ACC_CABLE_032,2026-04-28,219.2776374805464
ACC_CABLE_032,2026-04-29,245.53746833085097
ACC_CABLE_032,2026-04-30,245.67897896440087
ACC_CABLE_032,2026-05-01,225.76288303326663
ACC_CABLE_032,2026-05-02,376.14278680004156
ACC_CABLE_032,2026-05-03,360.13159955769146
ACC_CABLE_032,2026-05-04,273.5832776836064
ACC_CABLE_032,2026-05-05,247.17921511072296
ACC_CABLE_032,2026-05-06,216.5020233401879
ACC_CABLE_032,2026-05-07,244.38110675959462
ACC_CABLE_032,2026-05-08,245.59962222473192
ACC_CABLE_032,2026-05-09,330.3595396877542
ACC_CABLE_032,2026-05-10,415.08447944649356
ACC_CABLE_032,2026-05-11,218.64524855015756
ACC_CABLE_032,2026-05-12,291.4790666164372
ACC_CABLE_032,2026-05-13,261.06886195890775
ACC_CABLE_032,2026-05-14,215.85681813677297
ACC_CABLE_032,2026-05-15,235.18368534912292
ACC_CABLE_032,2026-05-16,406.1237885890638
ACC_CABLE_032,2026-05-17,378.88903538189146
ACC_CABLE_032,2026-05-18,270.8564010922788
ACC_CABLE_032,2026-05-19,234.32477613643638
ACC_CABLE_032,2026-05-20,241.49350050444406
ACC_CABLE_032,2026-05-21,265.9235407129757
ACC_CABLE_032,2026-05-22,257.8900274390477
ACC_CABLE_032,2026-05-23,363.56463247549436
ACC_CABLE_032,2026-05-24,395.7936186193019
ACC_CABLE_032,2026-05-25,248.05177541167768
ACC_CABLE_032,2026-05-26,222.7330911077748
ACC_CABLE_032,2026-05-27,211.5847429548021
ACC_CABLE_032,2026-05-28,198.96934550735259
ACC_CABLE_032,2026-05-29,237.7515915979991
ACC_CABLE_032,2026-05-30,385.1754441751583
ACC_CABLE_032,2026-05-31,398.5080421260287
ACC_CABLE_032,2026-06-01,264.5132954221611
ACC_CABLE_032,2026-06-02,235.53293130261923
ACC_CABLE_032,2026-06-03,243.48951620983553
ACC_CABLE_032,2026-06-04,227.6941532247297
ACC_CABLE_032,2026-06-05,247.8088267310253
ACC_CABLE_032,2026-06-06,410.3568048866633
ACC_CABLE_032,2026-06-07,390.03697105812125
ACC_CABLE_032,2026-06-08,273.6544794402013
ACC_CABLE_032,2026-06-09,268.8120471836375
ACC_CABLE_032,2026-06-10,280.9016689133927
ACC_CABLE_032,2026-06-11,249.699885395839
ACC_CABLE_032,2026-06-12,234.23464787336366
ACC_CABLE_032,2026-06-13,403.2111111370406
ACC_CABLE_032,2026-06-14,379.8994892743044
ACC_CABLE_032,2026-06-15,261.17049868806157
ACC_CABLE_032,2026-06-16,231.75784195754608
ACC_CABLE_032,2026-06-17,227.9996218936448
ACC_CABLE_032,2026-06-18,276.4081252105406
ACC_CABLE_032,2026-06-19,223.95324343278202
ACC_CABLE_032,2026-06-20,413.7250475791144
ACC_CABLE_032,2026-06-21,403.5803308957629
ACC_CABLE_032,2026-06-22,250.52542259438692
ACC_CABLE_032,2026-06-23,203.78358148254273
ACC_CABLE_032,2026-06-24,283.66155527559954
ACC_CABLE_032,2026-06-25,226.68778382169108
ACC_CABLE_032,2026-06-26,271.39442547634854
ACC_CABLE_032,2026-06-27,374.34379708356414
ACC_CABLE_032,2026-06-28,372.6005481798438
ACC_CABLE_032,2026-06-29,265.12934024114514
ACC_CABLE_032,2026-06-30,262.20777486795447
ACC_CABLE_032,2026-07-01,222.62569788622886
ACC_CABLE_032,2026-07-02,283.70751524469193
ACC_CABLE_032,2026-07-03,245.08732229712467
ACC_CABLE_032,2026-07-04,393.3267165421289
ACC_CABLE_032,2026-07-05,384.83896807439584
ACC_CABLE_032,2026-07-06,224.37477169974983
ACC_CABLE_032,2026-07-07,267.90129728986767
ACC_CABLE_032,2026-07-08,257.53339640266563
ACC_CABLE_032,2026-07-09,231.84999767107888
ACC_CABLE_032,2026-07-10,273.2815465866609
ACC_CABLE_032,2026-07-11,394.04415181359457
ACC_CABLE_032,2026-07-12,394.70249759199766
ACC_CABLE_032,2026-07-13,293.3758411097509
ACC_CABLE_032,2026-07-14,213.6512049201996
ACC_CABLE_032,2026-07-15,213.48958773412556
ACC_CABLE_032,2026-07-16,218.95428044616563
ACC_CABLE_032,2026-07-17,260.63174430261216
ACC_CABLE_032,2026-07-18,385.32657144119344
ACC_CABLE_032,2026-07-19,387.35270372350357
ACC_CABLE_032,2026-07-20,230.258972685847
ACC_CABLE_032,2026-07-21,291.9499300621921
ACC_CABLE_032,2026-07-22,300.02402409372013
ACC_CABLE_032,2026-07-23,274.16414768164424
ACC_CABLE_032,2026-07-24,217.5280581208715
ACC_CABLE_032,2026-07-25,383.3592341632543
ACC_CABLE_032,2026-07-26,414.5280827770253
ACC_CABLE_032,2026-07-27,252.46842739283142
ACC_CABLE_032,2026-07-28,274.99240251539493
ACC_CABLE_032,2026-07-29,283.29844279284856
ACC_CABLE_032,2026-07-30,299.009819149936
ACC_CABLE_032,2026-07-31,238.69518225571778
ACC_CABLE_032,2026-08-01,397.8183247499466
ACC_CABLE_032,2026-08-02,385.64798584157273
ACC_CABLE_032,2026-08-03,207.38153913686378
ACC_CABLE_032,2026-08-04,271.30747045294993
ACC_CABLE_032,2026-08-05,268.19722650953327
ACC_CABLE_032,2026-08-06,242.14490278671386
ACC_CABLE_032,2026-08-07,217.48589039047806
ACC_CABLE_032,2026-08-08,387.8846910873758
ACC_CABLE_032,2026-08-09,414.3545890582623
ACC_CABLE_032,2026-08-10,287.2110559707004
ACC_CABLE_032,2026-08-11,238.98314355633107
ACC_CABLE_032,2026-08-12,282.0916339227184
ACC_CABLE_032,2026-08-13,270.79031362205444
ACC_CABLE_032,2026-08-14,266.0023243065182
ACC_CABLE_032,2026-08-15,367.4721693604602
ACC_CABLE_032,2026-08-16,368.64774675287237
ACC_CABLE_032,2026-08-17,237.0934512708303
ACC_CABLE_032,2026-08-18,249.1472545761447
ACC_CABLE_032,2026-08-19,299.4976072339724
ACC_CABLE_032,2026-08-20,241.5212516305473
ACC_CABLE_032,2026-08-21,275.5015333763286
ACC_CABLE_032,2026-08-22,388.0815875804781
ACC_CABLE_032,2026-08-23,410.3558925837166
ACC_CABLE_032,2026-08-24,256.263644487407
ACC_CABLE_032,2026-08-25,262.0777458442533
ACC_CABLE_032,2026-08-26,266.7729091832404
ACC_CABLE_032,2026-08-27,252.31280759326526
ACC_CABLE_032,2026-08-28,267.18735136045296
ACC_CABLE_033,2026-04-01,256.70915546623974
ACC_CABLE_033,2026-04-02,310.3585782596935
ACC_CABLE_033,2026-04-03,293.2129396111268
ACC_CABLE_033,2026-04-04,416.04386374526877
ACC_CABLE_033,2026-04-05,419.01442979316016
ACC_CABLE_033,2026-04-06,244.75749297211587
ACC_CABLE_033,2026-04-07,228.28339702283006
ACC_CABLE_033,2026-04-08,272.78304035789176
ACC_CABLE_033,2026-04-09,316.60458232137097
ACC_CABLE_033,2026-04-10,317.092319632929
ACC_CABLE_033,2026-04-11,448.2526165180445
ACC_CABLE_033,2026-04-12,415.8381113519185
ACC_CABLE_033,2026-04-13,231.8089823761818
ACC_CABLE_033,2026-04-14,299.11597279378896
ACC_CABLE_033,2026-04-15,283.1301319618861
ACC_CABLE_033,2026-04-16,262.74346213794695
ACC_CABLE_033,2026-04-17,258.39944244779986
ACC_CABLE_033,2026-04-18,449.1017439381352
ACC_CABLE_033,2026-04-19,410.86388116991174
ACC_CABLE_033,2026-04-20,278.28534528961114
ACC_CABLE_033,2026-04-21,239.1867950121333
ACC_CABLE_033,2026-04-22,332.0969616751883
ACC_CABLE_033,2026-04-23,253.81842532713688
ACC_CABLE_033,2026-04-24,289.89193192378315
ACC_CABLE_033,2026-04-25,401.7732177135898
ACC_CABLE_033,2026-04-26,429.75849002022665
ACC_CABLE_033,2026-04-27,296.696239176936
ACC_CABLE_033,2026-04-28,302.66569973878586
ACC_CABLE_033,2026-04-29,293.7324542774685
ACC_CABLE_033,2026-04-30,269.6312275412097
ACC_CABLE_033,2026-05-01,255.58591820476133
ACC_CABLE_033,2026-05-02,406.06048551183517
ACC_CABLE_033,2026-05-03,475.65218201104335
ACC_CABLE_033,2026-05-04,276.73068635569405
ACC_CABLE_033,2026-05-05,281.8536352086824
ACC_CABLE_033,2026-05-06,305.5984490663083
ACC_CABLE_033,2026-05-07,290.18307152763043
ACC_CABLE_033,2026-05-08,271.1224758916737
ACC_CABLE_033,2026-05-09,456.1244527614358
ACC_CABLE_033,2026-05-10,419.50350322503476
ACC_CABLE_033,2026-05-11,233.27429425574329
ACC_CABLE_033,2026-05-12,313.12855631028015
ACC_CABLE_033,2026-05-13,260.79542639516137
ACC_CABLE_033,2026-05-14,267.26460000290325
ACC_CABLE_033,2026-05-15,269.7873558641055
ACC_CABLE_033,2026-05-16,420.9506758235963
ACC_CABLE_033,2026-05-17,466.9258808745813
ACC_CABLE_033,2026-05-18,286.12287160627875
ACC_CABLE_033,2026-05-19,268.02813239544815
ACC_CABLE_033,2026-05-20,242.03450710016003
ACC_CABLE_033,2026-05-21,284.6721612332043
ACC_CABLE_033,2026-05-22,210.72859967315097
ACC_CABLE_033,2026-05-23,444.4608681685181
ACC_CABLE_033,2026-05-24,474.48155396661025
ACC_CABLE_033,2026-05-25,278.83662121686956
ACC_CABLE_033,2026-05-26,309.70020447023023
ACC_CABLE_033,2026-05-27,244.3351233068044
ACC_CABLE_033,2026-05-28,332.38676353326946
ACC_CABLE_033,2026-05-29,307.21697829677123
ACC_CABLE_033,2026-05-30,452.0534816925943
ACC_CABLE_033,2026-05-31,423.3031891634519
ACC_CABLE_033,2026-06-01,257.5843554159966
ACC_CABLE_033,2026-06-02,276.39259017616433
ACC_CABLE_033,2026-06-03,310.8047343688577
ACC_CABLE_033,2026-06-04,243.2124896495519
ACC_CABLE_033,2026-06-05,279.0300427174317
ACC_CABLE_033,2026-06-06,460.05052530775583
ACC_CABLE_033,2026-06-07,465.44948318449724
ACC_CABLE_033,2026-06-08,298.8702618785597
ACC_CABLE_033,2026-06-09,241.21673415413164
ACC_CABLE_033,2026-06-10,309.94482509361364
ACC_CABLE_033,2026-06-11,281.4575093489742
ACC_CABLE_033,2026-06-12,250.59749030432764
ACC_CABLE_033,2026-06-13,440.6998752225436
ACC_CABLE_033,2026-06-14,388.81190764489946
ACC_CABLE_033,2026-06-15,295.8062168189762
ACC_CABLE_033,2026-06-16,276.96461535012645
ACC_CABLE_033,2026-06-17,246.38388884698716
ACC_CABLE_033,2026-06-18,272.8969392893853
ACC_CABLE_033,2026-06-19,261.8191856077305
ACC_CABLE_033,2026-06-20,425.0875952702663
ACC_CABLE_033,2026-06-21,381.72821455799044
ACC_CABLE_033,2026-06-22,236.3188040010674
ACC_CABLE_033,2026-06-23,275.2710971324945
ACC_CABLE_033,2026-06-24,270.7929089941944
ACC_CABLE_033,2026-06-25,307.95001255278925
ACC_CABLE_033,2026-06-26,264.9050378737641
ACC_CABLE_033,2026-06-27,429.2742025013809
ACC_CABLE_033,2026-06-28,430.68154626426343
ACC_CABLE_033,2026-06-29,277.04990037600436
ACC_CABLE_033,2026-06-30,284.96038340294473
ACC_CABLE_033,2026-07-01,271.7197872686391
ACC_CABLE_033,2026-07-02,298.16585801266257
ACC_CABLE_033,2026-07-03,344.8259441906091
ACC_CABLE_033,2026-07-04,422.29555922869014
ACC_CABLE_033,2026-07-05,455.19022727364825
ACC_CABLE_033,2026-07-06,284.19425602496756
ACC_CABLE_033,2026-07-07,311.71522892281763
ACC_CABLE_033,2026-07-08,289.160697388166
ACC_CABLE_033,2026-07-09,264.30846297890287
ACC_CABLE_033,2026-07-10,252.66005419623997
ACC_CABLE_033,2026-07-11,461.9721703500801
ACC_CABLE_033,2026-07-12,416.5457263272312
ACC_CABLE_033,2026-07-13,316.2926190779219
ACC_CABLE_033,2026-07-14,299.4808832997807
ACC_CABLE_033,2026-07-15,287.08247613890325
ACC_CABLE_033,2026-07-16,249.60033961877014
ACC_CABLE_033,2026-07-17,303.2161925497327
ACC_CABLE_033,2026-07-18,490.09100741248875
ACC_CABLE_033,2026-07-19,435.3149496629562
ACC_CABLE_033,2026-07-20,265.5426926258975
ACC_CABLE_033,2026-07-21,283.1745061863707
ACC_CABLE_033,2026-07-22,298.36074711496764
ACC_CABLE_033,2026-07-23,271.6602031703073
ACC_CABLE_033,2026-07-24,310.2884301271312
ACC_CABLE_033,2026-07-25,499.0483135078728
ACC_CABLE_033,2026-07-26,456.68361426663245
ACC_CABLE_033,2026-07-27,277.80787382880703
ACC_CABLE_033,2026-07-28,298.53610154343573
ACC_CABLE_033,2026-07-29,318.5193582447298
ACC_CABLE_033,2026-07-30,291.29422530804925
ACC_CABLE_033,2026-07-31,300.1990563366761
ACC_CABLE_033,2026-08-01,467.6582104771677
ACC_CABLE_033,2026-08-02,425.30050647752483
ACC_CABLE_033,2026-08-03,299.9503640839185
ACC_CABLE_033,2026-08-04,251.651577167671
ACC_CABLE_033,2026-08-05,270.188202385188
ACC_CABLE_033,2026-08-06,318.8683185946013
ACC_CABLE_033,2026-08-07,311.6308478298596
ACC_CABLE_033,2026-08-08,442.4821577247483
ACC_CABLE_033,2026-08-09,495.7858433596902
ACC_CABLE_033,2026-08-10,253.4058868372375
ACC_CABLE_033,2026-08-11,283.2831410594585
ACC_CABLE_033,2026-08-12,296.35030538250436
ACC_CABLE_033,2026-08-13,213.5581496281581
ACC_CABLE_033,2026-08-14,285.00887674659305
ACC_CABLE_033,2026-08-15,420.5509975261584
ACC_CABLE_033,2026-08-16,421.3132730089285
ACC_CABLE_033,2026-08-17,282.3770161104508
ACC_CABLE_033,2026-08-18,240.7397898389023
ACC_CABLE_033,2026-08-19,268.2658818222483
ACC_CABLE_033,2026-08-20,241.66860462345937
ACC_CABLE_033,2026-08-21,293.6298715583364
ACC_CABLE_033,2026-08-22,454.6569405354518
ACC_CABLE_033,2026-08-23,442.6240595677426
ACC_CABLE_033,2026-08-24,317.554374907834
ACC_CABLE_033,2026-08-25,282.93322646096965
ACC_CABLE_033,2026-08-26,290.42913439566723
ACC_CABLE_033,2026-08-27,266.82857974213147
ACC_CABLE_033,2026-08-28,229.39191628377324
ACC_CABLE_034,2026-04-01,241.50367155722748
ACC_CABLE_034,2026-04-02,229.62156691197737
ACC_CABLE_034,2026-04-03,237.2803016129635
ACC_CABLE_034,2026-04-04,345.4299573678437
ACC_CABLE_034,2026-04-05,383.9411360254764
ACC_CABLE_034,2026-04-06,217.58480528380449
ACC_CABLE_034,2026-04-07,224.40128552140757
ACC_CABLE_034,2026-04-08,237.5416029146283
ACC_CABLE_034,2026-04-09,234.58110691736258
ACC_CABLE_034,2026-04-10,232.9039384392602
ACC_CABLE_034,2026-04-11,353.760520412337
ACC_CABLE_034,2026-04-12,364.33040860129864
ACC_CABLE_034,2026-04-13,232.85044094833555
ACC_CABLE_034,2026-04-14,201.18553111384034
ACC_CABLE_034,2026-04-15,222.41548847816094
ACC_CABLE_034,2026-04-16,242.20540520565876
ACC_CABLE_034,2026-04-17,203.8912144511726
ACC_CABLE_034,2026-04-18,398.867036151827
ACC_CABLE_034,2026-04-19,401.6280663660564
ACC_CABLE_034,2026-04-20,205.08702169532202
ACC_CABLE_034,2026-04-21,265.3610135234582
ACC_CABLE_034,2026-04-22,230.8332653007497
ACC_CABLE_034,2026-04-23,243.967686316528
ACC_CABLE_034,2026-04-24,222.9773606958375
ACC_CABLE_034,2026-04-25,394.5223355089382
ACC_CABLE_034,2026-04-26,382.73077183540425
ACC_CABLE_034,2026-04-27,216.09305977259535
ACC_CABLE_034,2026-04-28,208.13383380080185
ACC_CABLE_034,2026-04-29,201.46701374666694
ACC_CABLE_034,2026-04-30,239.69145503559668
ACC_CABLE_034,2026-05-01,248.7240896121119
ACC_CABLE_034,2026-05-02,389.2873071798051
ACC_CABLE_034,2026-05-03,371.6746367145696
ACC_CABLE_034,2026-05-04,209.22338187415318
ACC_CABLE_034,2026-05-05,220.3440721656506
ACC_CABLE_034,2026-05-06,262.86925356002047
ACC_CABLE_034,2026-05-07,225.20508015773814
ACC_CABLE_034,2026-05-08,239.86294726874212
ACC_CABLE_034,2026-05-09,350.4524738294201
ACC_CABLE_034,2026-05-10,383.22506835010375
ACC_CABLE_034,2026-05-11,226.4274866252133
ACC_CABLE_034,2026-05-12,261.3290636882202
ACC_CABLE_034,2026-05-13,255.1691830133774
ACC_CABLE_034,2026-05-14,225.9991926341198
ACC_CABLE_034,2026-05-15,234.67406096826898
ACC_CABLE_034,2026-05-16,363.6192148550615
ACC_CABLE_034,2026-05-17,343.7110931598103
ACC_CABLE_034,2026-05-18,218.2430798774593
ACC_CABLE_034,2026-05-19,242.77882027035093
ACC_CABLE_034,2026-05-20,245.86349440910334
ACC_CABLE_034,2026-05-21,241.93145657298996
ACC_CABLE_034,2026-05-22,231.67996645355552
ACC_CABLE_034,2026-05-23,398.9538385921548
ACC_CABLE_034,2026-05-24,379.0178179953577
ACC_CABLE_034,2026-05-25,255.34516342901637
ACC_CABLE_034,2026-05-26,198.27579444612184
ACC_CABLE_034,2026-05-27,148.7925541876163
ACC_CABLE_034,2026-05-28,246.10550344305966
ACC_CABLE_034,2026-05-29,206.78791339903358
ACC_CABLE_034,2026-05-30,373.54236566732845
ACC_CABLE_034,2026-05-31,371.62155835233165
ACC_CABLE_034,2026-06-01,276.81895391579894
ACC_CABLE_034,2026-06-02,249.53992037299733
ACC_CABLE_034,2026-06-03,244.28134351904933
ACC_CABLE_034,2026-06-04,259.9344956720379
ACC_CABLE_034,2026-06-05,249.2622942559818
ACC_CABLE_034,2026-06-06,368.9276614619672
ACC_CABLE_034,2026-06-07,404.40109398888035
ACC_CABLE_034,2026-06-08,215.56477204578084
ACC_CABLE_034,2026-06-09,248.81701003202528
ACC_CABLE_034,2026-06-10,205.75113775545123
ACC_CABLE_034,2026-06-11,246.3611031086195
ACC_CABLE_034,2026-06-12,246.25806072495467
ACC_CABLE_034,2026-06-13,419.27610962022874
ACC_CABLE_034,2026-06-14,344.5491030614949
ACC_CABLE_034,2026-06-15,228.36950623777693
ACC_CABLE_034,2026-06-16,261.40396405386275
ACC_CABLE_034,2026-06-17,250.29582862277783
ACC_CABLE_034,2026-06-18,246.86504668589632
ACC_CABLE_034,2026-06-19,220.76326526165775
ACC_CABLE_034,2026-06-20,367.952096159088
ACC_CABLE_034,2026-06-21,410.51044728995726
ACC_CABLE_034,2026-06-22,242.11013762428428
ACC_CABLE_034,2026-06-23,252.1208089809373
ACC_CABLE_034,2026-06-24,240.93914960526334
ACC_CABLE_034,2026-06-25,216.4207245977304
ACC_CABLE_034,2026-06-26,265.47102084233245
ACC_CABLE_034,2026-06-27,394.2746680827007
ACC_CABLE_034,2026-06-28,436.0602109431821
ACC_CABLE_034,2026-06-29,220.8900701300724
ACC_CABLE_034,2026-06-30,263.5014344797311
ACC_CABLE_034,2026-07-01,214.3533343845453
ACC_CABLE_034,2026-07-02,248.4347057132481
ACC_CABLE_034,2026-07-03,267.5073022073591
ACC_CABLE_034,2026-07-04,335.83367881817117
ACC_CABLE_034,2026-07-05,379.11605984501887
ACC_CABLE_034,2026-07-06,232.38985514361548
ACC_CABLE_034,2026-07-07,229.3347864093827
ACC_CABLE_034,2026-07-08,254.59841226719107
ACC_CABLE_034,2026-07-09,271.7378398183619
ACC_CABLE_034,2026-07-10,242.92126167820652
ACC_CABLE_034,2026-07-11,389.49673647663644
ACC_CABLE_034,2026-07-12,387.5405321956687
ACC_CABLE_034,2026-07-13,246.49166099683316
ACC_CABLE_034,2026-07-14,221.43618506885034
ACC_CABLE_034,2026-07-15,272.35507029979885
ACC_CABLE_034,2026-07-16,253.7190130044691
ACC_CABLE_034,2026-07-17,256.1717624190596
ACC_CABLE_034,2026-07-18,367.1696275695091
ACC_CABLE_034,2026-07-19,375.3420088064486
ACC_CABLE_034,2026-07-20,243.431300032881
ACC_CABLE_034,2026-07-21,212.21171958133152
ACC_CABLE_034,2026-07-22,208.80640708793365
ACC_CABLE_034,2026-07-23,234.07272280224907
ACC_CABLE_034,2026-07-24,260.1702297048192
ACC_CABLE_034,2026-07-25,371.76252629261836
ACC_CABLE_034,2026-07-26,363.4655999356545
ACC_CABLE_034,2026-07-27,229.73076141020982
ACC_CABLE_034,2026-07-28,238.18159002534327
ACC_CABLE_034,2026-07-29,240.6758579588556
ACC_CABLE_034,2026-07-30,299.02354554597144
ACC_CABLE_034,2026-07-31,273.51173651805703
ACC_CABLE_034,2026-08-01,411.572281993708
ACC_CABLE_034,2026-08-02,415.0442064147151
ACC_CABLE_034,2026-08-03,226.52723791838343
ACC_CABLE_034,2026-08-04,221.51337739379477
ACC_CABLE_034,2026-08-05,224.3312962655633
ACC_CABLE_034,2026-08-06,280.87709168010406
ACC_CABLE_034,2026-08-07,237.55986967681446
ACC_CABLE_034,2026-08-08,360.0436721902725
ACC_CABLE_034,2026-08-09,379.1439877749223
ACC_CABLE_034,2026-08-10,245.13821221739212
ACC_CABLE_034,2026-08-11,257.0003466223444
ACC_CABLE_034,2026-08-12,256.74696857844816
ACC_CABLE_034,2026-08-13,231.96902897452196
ACC_CABLE_034,2026-08-14,267.0886626670667
ACC_CABLE_034,2026-08-15,375.23462937037135
ACC_CABLE_034,2026-08-16,386.5400166221135
ACC_CABLE_034,2026-08-17,267.5644810286275
ACC_CABLE_034,2026-08-18,237.02392556888572
ACC_CABLE_034,2026-08-19,238.84798211527573
ACC_CABLE_034,2026-08-20,265.81753194791133
ACC_CABLE_034,2026-08-21,232.48636362042407
ACC_CABLE_034,2026-08-22,382.16130425474597
ACC_CABLE_034,2026-08-23,404.03764431279086
ACC_CABLE_034,2026-08-24,300.199535397171
ACC_CABLE_034,2026-08-25,266.8848440600195
ACC_CABLE_034,2026-08-26,263.96797852506927
ACC_CABLE_034,2026-08-27,265.46151658284003
ACC_CABLE_034,2026-08-28,228.55930466905116
ACC_CABLE_035,2026-04-01,158.34228410642018
ACC_CABLE_035,2026-04-02,178.71369306482757
ACC_CABLE_035,2026-04-03,189.36413960654184
ACC_CABLE_035,2026-04-04,265.7927045283003
ACC_CABLE_035,2026-04-05,245.1056062558706
ACC_CABLE_035,2026-04-06,124.60773652748536
ACC_CABLE_035,2026-04-07,165.26613914651801
ACC_CABLE_035,2026-04-08,170.17738338758716
ACC_CABLE_035,2026-04-09,156.6172102941873
ACC_CABLE_035,2026-04-10,168.58880998203912
ACC_CABLE_035,2026-04-11,272.60068982982244
ACC_CABLE_035,2026-04-12,282.04980854811146
ACC_CABLE_035,2026-04-13,163.02867104641754
ACC_CABLE_035,2026-04-14,166.20186238790893
ACC_CABLE_035,2026-04-15,164.15309456434636
ACC_CABLE_035,2026-04-16,167.80431144989302
ACC_CABLE_035,2026-04-17,158.93245771475625
ACC_CABLE_035,2026-04-18,258.00357115584103
ACC_CABLE_035,2026-04-19,259.192123152007
ACC_CABLE_035,2026-04-20,170.4283929867217
ACC_CABLE_035,2026-04-21,154.01931854045625
ACC_CABLE_035,2026-04-22,160.70860010341426
ACC_CABLE_035,2026-04-23,198.14173445750325
ACC_CABLE_035,2026-04-24,183.2405891183223
ACC_CABLE_035,2026-04-25,251.80816222510086
ACC_CABLE_035,2026-04-26,282.0171033547939
ACC_CABLE_035,2026-04-27,179.2519692223808
ACC_CABLE_035,2026-04-28,167.33532806059918
ACC_CABLE_035,2026-04-29,157.51844637439436
ACC_CABLE_035,2026-04-30,155.79501714399356
ACC_CABLE_035,2026-05-01,173.1933628509234
ACC_CABLE_035,2026-05-02,254.6871445737576
ACC_CABLE_035,2026-05-03,286.9041519395851
ACC_CABLE_035,2026-05-04,192.73330870950764
ACC_CABLE_035,2026-05-05,169.39372579012647
ACC_CABLE_035,2026-05-06,189.03988339671514
ACC_CABLE_035,2026-05-07,163.60944235300465
ACC_CABLE_035,2026-05-08,158.76319557581203
ACC_CABLE_035,2026-05-09,287.8545404723964
ACC_CABLE_035,2026-05-10,295.9178047674909
ACC_CABLE_035,2026-05-11,203.39210678537157
ACC_CABLE_035,2026-05-12,176.6388086793723
ACC_CABLE_035,2026-05-13,185.52482152062882
ACC_CABLE_035,2026-05-14,176.57518426969145
ACC_CABLE_035,2026-05-15,194.75574783552673
ACC_CABLE_035,2026-05-16,277.8991882017478
ACC_CABLE_035,2026-05-17,284.18388251292356
ACC_CABLE_035,2026-05-18,153.3155954891527
ACC_CABLE_035,2026-05-19,168.3858142064334
ACC_CABLE_035,2026-05-20,185.7749964525969
ACC_CABLE_035,2026-05-21,184.44555027714458
ACC_CABLE_035,2026-05-22,187.4819029628403
ACC_CABLE_035,2026-05-23,273.79080167864964
ACC_CABLE_035,2026-05-24,261.1916369482679
ACC_CABLE_035,2026-05-25,172.12738219693725
ACC_CABLE_035,2026-05-26,174.0260670061403
ACC_CABLE_035,2026-05-27,177.3887233407875
ACC_CABLE_035,2026-05-28,157.58022045639606
ACC_CABLE_035,2026-05-29,169.31320133615958
ACC_CABLE_035,2026-05-30,271.3869844433469
ACC_CABLE_035,2026-05-31,236.00334263072352
ACC_CABLE_035,2026-06-01,187.8863288926672
ACC_CABLE_035,2026-06-02,177.0062632845701
ACC_CABLE_035,2026-06-03,178.8277613623956
ACC_CABLE_035,2026-06-04,166.09431086803338
ACC_CABLE_035,2026-06-05,184.42313119624916
ACC_CABLE_035,2026-06-06,260.17322390509827
ACC_CABLE_035,2026-06-07,262.91556497018627
ACC_CABLE_035,2026-06-08,185.56744575473962
ACC_CABLE_035,2026-06-09,181.24316864637683
ACC_CABLE_035,2026-06-10,154.41959562472314
ACC_CABLE_035,2026-06-11,201.6766193564526
ACC_CABLE_035,2026-06-12,163.2847887160431
ACC_CABLE_035,2026-06-13,272.7622063487479
ACC_CABLE_035,2026-06-14,303.9219918789322
ACC_CABLE_035,2026-06-15,142.26360410803352
ACC_CABLE_035,2026-06-16,148.24669647050095
ACC_CABLE_035,2026-06-17,183.84190583696056
ACC_CABLE_035,2026-06-18,135.80414418841195
ACC_CABLE_035,2026-06-19,143.1323572089955
ACC_CABLE_035,2026-06-20,295.39010413385336
ACC_CABLE_035,2026-06-21,269.40358942133247
ACC_CABLE_035,2026-06-22,213.53547772839747
ACC_CABLE_035,2026-06-23,160.37629866211614
ACC_CABLE_035,2026-06-24,172.34505031863705
ACC_CABLE_035,2026-06-25,186.67040698194666
ACC_CABLE_035,2026-06-26,185.68021998889145
ACC_CABLE_035,2026-06-27,272.84415634443405
ACC_CABLE_035,2026-06-28,266.5004098194501
ACC_CABLE_035,2026-06-29,182.1674783516313
ACC_CABLE_035,2026-06-30,201.2186171219015
ACC_CABLE_035,2026-07-01,191.23634337795937
ACC_CABLE_035,2026-07-02,168.3642711308828
ACC_CABLE_035,2026-07-03,162.5857513396909
ACC_CABLE_035,2026-07-04,266.66898170278574
ACC_CABLE_035,2026-07-05,257.23324239146405
ACC_CABLE_035,2026-07-06,181.83225645839954
ACC_CABLE_035,2026-07-07,192.97747194911568
ACC_CABLE_035,2026-07-08,178.52289002474333
ACC_CABLE_035,2026-07-09,208.226152083337
ACC_CABLE_035,2026-07-10,209.29434049005238
ACC_CABLE_035,2026-07-11,284.2276319356689
ACC_CABLE_035,2026-07-12,290.88197271786527
ACC_CABLE_035,2026-07-13,165.5924433635041
ACC_CABLE_035,2026-07-14,174.64669285165357
ACC_CABLE_035,2026-07-15,201.74246123314805
ACC_CABLE_035,2026-07-16,171.3420018147407
ACC_CABLE_035,2026-07-17,205.59176681577148
ACC_CABLE_035,2026-07-18,298.55730768423473
ACC_CABLE_035,2026-07-19,292.75179535726494
ACC_CABLE_035,2026-07-20,162.15053432061595
ACC_CABLE_035,2026-07-21,176.5022230128397
ACC_CABLE_035,2026-07-22,192.4294458409281
ACC_CABLE_035,2026-07-23,165.6851567707165
ACC_CABLE_035,2026-07-24,178.96372542092612
ACC_CABLE_035,2026-07-25,293.66016066060604
ACC_CABLE_035,2026-07-26,272.0251582392821
ACC_CABLE_035,2026-07-27,168.58350089406733
ACC_CABLE_035,2026-07-28,152.98722142999503
ACC_CABLE_035,2026-07-29,176.4705357377139
ACC_CABLE_035,2026-07-30,195.75749496136726
ACC_CABLE_035,2026-07-31,168.7470893571128
ACC_CABLE_035,2026-08-01,282.5948897567172
ACC_CABLE_035,2026-08-02,278.7505470153979
ACC_CABLE_035,2026-08-03,172.6007113265272
ACC_CABLE_035,2026-08-04,197.57214238970215
ACC_CABLE_035,2026-08-05,210.9974926392373
ACC_CABLE_035,2026-08-06,200.6215760700881
ACC_CABLE_035,2026-08-07,172.7170493595632
ACC_CABLE_035,2026-08-08,316.2240334534581
ACC_CABLE_035,2026-08-09,300.02314801879606
ACC_CABLE_035,2026-08-10,177.1036083620892
ACC_CABLE_035,2026-08-11,172.00711469515343
ACC_CABLE_035,2026-08-12,203.4471478534412
ACC_CABLE_035,2026-08-13,187.96719183229501
ACC_CABLE_035,2026-08-14,171.2123799966525
ACC_CABLE_035,2026-08-15,281.9562018387139
ACC_CABLE_035,2026-08-16,277.83125250495755
ACC_CABLE_035,2026-08-17,172.10302454164736
ACC_CABLE_035,2026-08-18,202.5906731788142
ACC_CABLE_035,2026-08-19,198.89844910718617
ACC_CABLE_035,2026-08-20,199.9859343797278
ACC_CABLE_035,2026-08-21,199.90706148977196
ACC_CABLE_035,2026-08-22,270.3354432123246
ACC_CABLE_035,2026-08-23,275.63916001534955
ACC_CABLE_035,2026-08-24,210.81784912847144
ACC_CABLE_035,2026-08-25,188.68220002024347
ACC_CABLE_035,2026-08-26,162.78723355387902
ACC_CABLE_035,2026-08-27,190.7795814053298
ACC_CABLE_035,2026-08-28,198.15405581752418
ACC_CABLE_036,2026-04-01,157.60850453014464
ACC_CABLE_036,2026-04-02,182.93153978352802
ACC_CABLE_036,2026-04-03,155.17848510665755
ACC_CABLE_036,2026-04-04,286.86306938636136
ACC_CABLE_036,2026-04-05,274.762837345711
ACC_CABLE_036,2026-04-06,176.3299985508304
ACC_CABLE_036,2026-04-07,159.97428304386005
ACC_CABLE_036,2026-04-08,178.16411976562514
ACC_CABLE_036,2026-04-09,161.97954817317762
ACC_CABLE_036,2026-04-10,165.2761832844925
ACC_CABLE_036,2026-04-11,249.14856724403188
ACC_CABLE_036,2026-04-12,262.0461980494342
ACC_CABLE_036,2026-04-13,163.81403031999048
ACC_CABLE_036,2026-04-14,178.29904266612243
ACC_CABLE_036,2026-04-15,183.28571376238165
ACC_CABLE_036,2026-04-16,162.85436662318224
ACC_CABLE_036,2026-04-17,170.58799839628523
ACC_CABLE_036,2026-04-18,304.98718802228484
ACC_CABLE_036,2026-04-19,278.5419564287507
ACC_CABLE_036,2026-04-20,164.66913920069325
ACC_CABLE_036,2026-04-21,145.27800620076312
ACC_CABLE_036,2026-04-22,159.54792502138622
ACC_CABLE_036,2026-04-23,159.03192953088057
ACC_CABLE_036,2026-04-24,208.27164061884648
ACC_CABLE_036,2026-04-25,262.6913763687899
ACC_CABLE_036,2026-04-26,278.22283407458406
ACC_CABLE_036,2026-04-27,181.23995425682878
ACC_CABLE_036,2026-04-28,193.97157621782347
ACC_CABLE_036,2026-04-29,175.33721453579346
ACC_CABLE_036,2026-04-30,166.62362192002803
ACC_CABLE_036,2026-05-01,165.641224967984
ACC_CABLE_036,2026-05-02,284.34409787482497
ACC_CABLE_036,2026-05-03,266.6977952760691
ACC_CABLE_036,2026-05-04,157.0685024591671
ACC_CABLE_036,2026-05-05,167.37037609670017
ACC_CABLE_036,2026-05-06,153.60131776543457
ACC_CABLE_036,2026-05-07,208.04554359530223
ACC_CABLE_036,2026-05-08,186.75105134222056
ACC_CABLE_036,2026-05-09,307.01642972238915
ACC_CABLE_036,2026-05-10,287.7509562282624
ACC_CABLE_036,2026-05-11,203.07054081372786
ACC_CABLE_036,2026-05-12,183.43364575535617
ACC_CABLE_036,2026-05-13,189.71770058902027
ACC_CABLE_036,2026-05-14,140.96340464614576
ACC_CABLE_036,2026-05-15,161.96496389170716
ACC_CABLE_036,2026-05-16,280.9814649568771
ACC_CABLE_036,2026-05-17,281.5463107779071
ACC_CABLE_036,2026-05-18,176.74388458069453
ACC_CABLE_036,2026-05-19,185.94621923825102
ACC_CABLE_036,2026-05-20,186.80087023860267
ACC_CABLE_036,2026-05-21,193.29348047220205
ACC_CABLE_036,2026-05-22,190.08978921088078
ACC_CABLE_036,2026-05-23,301.98989453277517
ACC_CABLE_036,2026-05-24,302.27919485799276
ACC_CABLE_036,2026-05-25,182.08676207576872
ACC_CABLE_036,2026-05-26,214.84619428444964
ACC_CABLE_036,2026-05-27,202.64455214715963
ACC_CABLE_036,2026-05-28,165.75113953363933
ACC_CABLE_036,2026-05-29,186.4135169610797
ACC_CABLE_036,2026-05-30,250.94122977324304
ACC_CABLE_036,2026-05-31,253.97120938323187
ACC_CABLE_036,2026-06-01,171.6086469512585
ACC_CABLE_036,2026-06-02,165.32989171984997
ACC_CABLE_036,2026-06-03,172.01383555373022
ACC_CABLE_036,2026-06-04,186.2172450469816
ACC_CABLE_036,2026-06-05,201.7024642300304
ACC_CABLE_036,2026-06-06,303.53695811369016
ACC_CABLE_036,2026-06-07,290.7156129021524
ACC_CABLE_036,2026-06-08,162.6102579340377
ACC_CABLE_036,2026-06-09,171.8186631257741
ACC_CABLE_036,2026-06-10,192.39583486446332
ACC_CABLE_036,2026-06-11,167.52340782366005
ACC_CABLE_036,2026-06-12,160.1357237876581
ACC_CABLE_036,2026-06-13,292.9686228478311
ACC_CABLE_036,2026-06-14,283.87299891440495
ACC_CABLE_036,2026-06-15,178.6432844192982
ACC_CABLE_036,2026-06-16,201.37761309965518
ACC_CABLE_036,2026-06-17,201.16861823042117
ACC_CABLE_036,2026-06-18,213.15711764164206
ACC_CABLE_036,2026-06-19,171.71085839089034
ACC_CABLE_036,2026-06-20,292.9484442332205
ACC_CABLE_036,2026-06-21,286.0750448465307
ACC_CABLE_036,2026-06-22,189.08520072284549
ACC_CABLE_036,2026-06-23,164.05208189407807
ACC_CABLE_036,2026-06-24,159.61770598115785
ACC_CABLE_036,2026-06-25,183.0623040704875
ACC_CABLE_036,2026-06-26,169.493034711443
ACC_CABLE_036,2026-06-27,302.693350311427
ACC_CABLE_036,2026-06-28,261.13841701816796
ACC_CABLE_036,2026-06-29,160.0987648280886
ACC_CABLE_036,2026-06-30,177.37507167324455
ACC_CABLE_036,2026-07-01,158.34891739854723
ACC_CABLE_036,2026-07-02,213.45965355886432
ACC_CABLE_036,2026-07-03,181.8221129056894
ACC_CABLE_036,2026-07-04,277.3921079382752
ACC_CABLE_036,2026-07-05,295.8521848382101
ACC_CABLE_036,2026-07-06,200.5138099659547
ACC_CABLE_036,2026-07-07,189.08899720854131
ACC_CABLE_036,2026-07-08,184.53563547154573
ACC_CABLE_036,2026-07-09,169.03261298755936
ACC_CABLE_036,2026-07-10,196.78854935355287
ACC_CABLE_036,2026-07-11,312.97562284218395
ACC_CABLE_036,2026-07-12,285.14279219176933
ACC_CABLE_036,2026-07-13,171.93576794468152
ACC_CABLE_036,2026-07-14,189.70357762426187
ACC_CABLE_036,2026-07-15,186.7953131874095
ACC_CABLE_036,2026-07-16,166.1003742579839
ACC_CABLE_036,2026-07-17,178.45402324354387
ACC_CABLE_036,2026-07-18,320.3831066324283
ACC_CABLE_036,2026-07-19,266.9068117724345
ACC_CABLE_036,2026-07-20,175.69039195644228
ACC_CABLE_036,2026-07-21,171.42700129564366
ACC_CABLE_036,2026-07-22,173.0888726985234
ACC_CABLE_036,2026-07-23,180.3323536598722
ACC_CABLE_036,2026-07-24,195.76733393498753
ACC_CABLE_036,2026-07-25,313.2264192736214
ACC_CABLE_036,2026-07-26,294.4767992561742
ACC_CABLE_036,2026-07-27,176.84707085810356
ACC_CABLE_036,2026-07-28,215.03254899472455
ACC_CABLE_036,2026-07-29,153.4775637908287
ACC_CABLE_036,2026-07-30,200.5164764130879
ACC_CABLE_036,2026-07-31,171.59242761460757
ACC_CABLE_036,2026-08-01,291.02921366537083
ACC_CABLE_036,2026-08-02,301.6790087611174
ACC_CABLE_036,2026-08-03,162.14806852384817
ACC_CABLE_036,2026-08-04,192.1722802920924
ACC_CABLE_036,2026-08-05,193.63595786132132
ACC_CABLE_036,2026-08-06,215.0559743649935
ACC_CABLE_036,2026-08-07,236.62905332450504
ACC_CABLE_036,2026-08-08,266.3942163218879
ACC_CABLE_036,2026-08-09,317.33332799353633
ACC_CABLE_036,2026-08-10,190.00224799621006
ACC_CABLE_036,2026-08-11,176.97343181084113
ACC_CABLE_036,2026-08-12,197.26080921136335
ACC_CABLE_036,2026-08-13,168.83081713376387
ACC_CABLE_036,2026-08-14,170.00132396195113
ACC_CABLE_036,2026-08-15,264.32878728623984
ACC_CABLE_036,2026-08-16,303.48812207310726
ACC_CABLE_036,2026-08-17,197.29190220783022
ACC_CABLE_036,2026-08-18,177.92403881446742
ACC_CABLE_036,2026-08-19,218.05359101412716
ACC_CABLE_036,2026-08-20,180.8134577038249
ACC_CABLE_036,2026-08-21,214.2391220598893
ACC_CABLE_036,2026-08-22,297.13758299727357
ACC_CABLE_036,2026-08-23,283.6341016765069
ACC_CABLE_036,2026-08-24,190.78381800445513
ACC_CABLE_036,2026-08-25,171.46100258487513
ACC_CABLE_036,2026-08-26,196.75614050805706
ACC_CABLE_036,2026-08-27,193.72240635711944
ACC_CABLE_036,2026-08-28,202.3693515851024
ACC_CABLE_037,2026-04-01,381.05160717752574
ACC_CABLE_037,2026-04-02,432.8426064167771
ACC_CABLE_037,2026-04-03,384.8743668739686
ACC_CABLE_037,2026-04-04,550.8167787769487
ACC_CABLE_037,2026-04-05,586.8247679799341
ACC_CABLE_037,2026-04-06,411.2027856842803
ACC_CABLE_037,2026-04-07,325.23083054403776
ACC_CABLE_037,2026-04-08,360.96350886681176
ACC_CABLE_037,2026-04-09,353.41027013367943
ACC_CABLE_037,2026-04-10,339.55603991317594
ACC_CABLE_037,2026-04-11,587.8201307519979
ACC_CABLE_037,2026-04-12,575.6141071285792
ACC_CABLE_037,2026-04-13,386.024941482468
ACC_CABLE_037,2026-04-14,404.1389987426572
ACC_CABLE_037,2026-04-15,317.15082182161257
ACC_CABLE_037,2026-04-16,365.6878714096957
ACC_CABLE_037,2026-04-17,361.4821463909641
ACC_CABLE_037,2026-04-18,587.4932697093639
ACC_CABLE_037,2026-04-19,579.7415025039097
ACC_CABLE_037,2026-04-20,328.4480688684958
ACC_CABLE_037,2026-04-21,416.5164582268782
ACC_CABLE_037,2026-04-22,432.0454773779156
ACC_CABLE_037,2026-04-23,384.04271829460583
ACC_CABLE_037,2026-04-24,386.0414742493777
ACC_CABLE_037,2026-04-25,585.9308748189984
ACC_CABLE_037,2026-04-26,616.338236306222
ACC_CABLE_037,2026-04-27,276.70245448117055
ACC_CABLE_037,2026-04-28,364.9105717356138
ACC_CABLE_037,2026-04-29,344.52816520269204
ACC_CABLE_037,2026-04-30,370.61403333856856
ACC_CABLE_037,2026-05-01,404.9438551027492
ACC_CABLE_037,2026-05-02,582.9371337614003
ACC_CABLE_037,2026-05-03,569.3862265739888
ACC_CABLE_037,2026-05-04,315.29191582636986
ACC_CABLE_037,2026-05-05,362.1551179089161
ACC_CABLE_037,2026-05-06,390.5192248584755
ACC_CABLE_037,2026-05-07,336.03671861486794
ACC_CABLE_037,2026-05-08,294.22943116195916
ACC_CABLE_037,2026-05-09,665.4000694587303
ACC_CABLE_037,2026-05-10,595.5498349760352
ACC_CABLE_037,2026-05-11,359.0011934518664
ACC_CABLE_037,2026-05-12,417.36491246787784
ACC_CABLE_037,2026-05-13,372.40740422756534
ACC_CABLE_037,2026-05-14,415.5363483998875
ACC_CABLE_037,2026-05-15,412.5936398931678
ACC_CABLE_037,2026-05-16,538.3397964527468
ACC_CABLE_037,2026-05-17,601.1058056525113
ACC_CABLE_037,2026-05-18,430.33281221659337
ACC_CABLE_037,2026-05-19,332.14871007844414
ACC_CABLE_037,2026-05-20,332.74187722691045
ACC_CABLE_037,2026-05-21,338.99904139097725
ACC_CABLE_037,2026-05-22,400.7941109361965
ACC_CABLE_037,2026-05-23,595.6663242343757
ACC_CABLE_037,2026-05-24,515.6686188566896
ACC_CABLE_037,2026-05-25,381.4081550589613
ACC_CABLE_037,2026-05-26,360.1558709233512
ACC_CABLE_037,2026-05-27,365.3468411417289
ACC_CABLE_037,2026-05-28,339.33357451847576
ACC_CABLE_037,2026-05-29,382.2721217966602
ACC_CABLE_037,2026-05-30,624.3715439190812
ACC_CABLE_037,2026-05-31,563.4250141392974
ACC_CABLE_037,2026-06-01,309.4133372831772
ACC_CABLE_037,2026-06-02,359.3575729932466
ACC_CABLE_037,2026-06-03,397.75195090254044
ACC_CABLE_037,2026-06-04,355.4008045143639
ACC_CABLE_037,2026-06-05,316.6884825021182
ACC_CABLE_037,2026-06-06,615.0530668459896
ACC_CABLE_037,2026-06-07,638.744068106639
ACC_CABLE_037,2026-06-08,371.92256135900436
ACC_CABLE_037,2026-06-09,313.38094995466435
ACC_CABLE_037,2026-06-10,360.02631743309445
ACC_CABLE_037,2026-06-11,377.12055359779225
ACC_CABLE_037,2026-06-12,342.5693496082127
ACC_CABLE_037,2026-06-13,609.6097375488981
ACC_CABLE_037,2026-06-14,555.9406537521173
ACC_CABLE_037,2026-06-15,373.1751589737131
ACC_CABLE_037,2026-06-16,364.1575727553851
ACC_CABLE_037,2026-06-17,394.7823582132181
ACC_CABLE_037,2026-06-18,372.18488268883647
ACC_CABLE_037,2026-06-19,365.75664962713876
ACC_CABLE_037,2026-06-20,560.6165648275552
ACC_CABLE_037,2026-06-21,591.005161426817
ACC_CABLE_037,2026-06-22,363.9065092009422
ACC_CABLE_037,2026-06-23,342.02385775016893
ACC_CABLE_037,2026-06-24,379.35762598150546
ACC_CABLE_037,2026-06-25,386.8893653760251
ACC_CABLE_037,2026-06-26,361.6834992837489
ACC_CABLE_037,2026-06-27,624.2796492414016
ACC_CABLE_037,2026-06-28,600.3294725706454
ACC_CABLE_037,2026-06-29,328.00287468440314
ACC_CABLE_037,2026-06-30,422.7799232163839
ACC_CABLE_037,2026-07-01,402.3382643228193
ACC_CABLE_037,2026-07-02,410.9661067265413
ACC_CABLE_037,2026-07-03,389.408156742746
ACC_CABLE_037,2026-07-04,507.3080502269746
ACC_CABLE_037,2026-07-05,631.2935311443714
ACC_CABLE_037,2026-07-06,377.59443536785136
ACC_CABLE_037,2026-07-07,388.3012124640917
ACC_CABLE_037,2026-07-08,395.2078641246293
ACC_CABLE_037,2026-07-09,445.74960376646874
ACC_CABLE_037,2026-07-10,356.28132499077356
ACC_CABLE_037,2026-07-11,573.9634520523558
ACC_CABLE_037,2026-07-12,562.1776537662846
ACC_CABLE_037,2026-07-13,337.82507389463626
ACC_CABLE_037,2026-07-14,338.63972246759255
ACC_CABLE_037,2026-07-15,309.9012926596379
ACC_CABLE_037,2026-07-16,392.3022747623884
ACC_CABLE_037,2026-07-17,448.8098169879113
ACC_CABLE_037,2026-07-18,667.8618330177101
ACC_CABLE_037,2026-07-19,563.1795107220838
ACC_CABLE_037,2026-07-20,367.6752269672235
ACC_CABLE_037,2026-07-21,422.17365271427377
ACC_CABLE_037,2026-07-22,393.407725407901
ACC_CABLE_037,2026-07-23,382.8060157445656
ACC_CABLE_037,2026-07-24,368.8318817037833
ACC_CABLE_037,2026-07-25,637.3866821624499
ACC_CABLE_037,2026-07-26,556.2628603906966
ACC_CABLE_037,2026-07-27,395.90958986259943
ACC_CABLE_037,2026-07-28,391.15211171506627
ACC_CABLE_037,2026-07-29,380.41572763626897
ACC_CABLE_037,2026-07-30,407.43704063335247
ACC_CABLE_037,2026-07-31,380.36791634707413
ACC_CABLE_037,2026-08-01,576.6035540032581
ACC_CABLE_037,2026-08-02,599.3896582542554
ACC_CABLE_037,2026-08-03,322.12505752607444
ACC_CABLE_037,2026-08-04,401.8690017961961
ACC_CABLE_037,2026-08-05,411.2430760513346
ACC_CABLE_037,2026-08-06,356.34621541479373
ACC_CABLE_037,2026-08-07,347.9081448995803
ACC_CABLE_037,2026-08-08,574.576965194174
ACC_CABLE_037,2026-08-09,594.824870516586
ACC_CABLE_037,2026-08-10,388.44348308508506
ACC_CABLE_037,2026-08-11,439.11925917443193
ACC_CABLE_037,2026-08-12,434.7061856816127
ACC_CABLE_037,2026-08-13,411.1186902091185
ACC_CABLE_037,2026-08-14,385.62750991080554
ACC_CABLE_037,2026-08-15,564.5380404918042
ACC_CABLE_037,2026-08-16,658.7849041265075
ACC_CABLE_037,2026-08-17,372.76011908236865
ACC_CABLE_037,2026-08-18,392.0076062350626
ACC_CABLE_037,2026-08-19,404.6474212264516
ACC_CABLE_037,2026-08-20,384.37361037895363
ACC_CABLE_037,2026-08-21,423.85461417070246
ACC_CABLE_037,2026-08-22,615.489649182101
ACC_CABLE_037,2026-08-23,634.8898506492274
ACC_CABLE_037,2026-08-24,398.8991746909588
ACC_CABLE_037,2026-08-25,381.53182219390976
ACC_CABLE_037,2026-08-26,385.7281005759502
ACC_CABLE_037,2026-08-27,380.9531187325035
ACC_CABLE_037,2026-08-28,336.98728195469687
ACC_CABLE_038,2026-04-01,309.62805302367417
ACC_CABLE_038,2026-04-02,360.239330685122
ACC_CABLE_038,2026-04-03,332.9588716095839
ACC_CABLE_038,2026-04-04,508.5501951739615
ACC_CABLE_038,2026-04-05,470.1728914955447
ACC_CABLE_038,2026-04-06,347.30641403620336
ACC_CABLE_038,2026-04-07,335.09540800364954
ACC_CABLE_038,2026-04-08,336.8097254623605
ACC_CABLE_038,2026-04-09,337.99631700983565
ACC_CABLE_038,2026-04-10,309.15470276649046
ACC_CABLE_038,2026-04-11,516.5803424660519
ACC_CABLE_038,2026-04-12,506.7470837170057
ACC_CABLE_038,2026-04-13,367.427095721679
ACC_CABLE_038,2026-04-14,318.0085904714339
ACC_CABLE_038,2026-04-15,306.974693782752
ACC_CABLE_038,2026-04-16,370.10983254461047
ACC_CABLE_038,2026-04-17,366.72406513759597
ACC_CABLE_038,2026-04-18,530.2321644944722
ACC_CABLE_038,2026-04-19,518.4792793807135
ACC_CABLE_038,2026-04-20,315.51464012005056
ACC_CABLE_038,2026-04-21,326.57084252337404
ACC_CABLE_038,2026-04-22,299.721873545695
ACC_CABLE_038,2026-04-23,344.0094255767832
ACC_CABLE_038,2026-04-24,382.156346333021
ACC_CABLE_038,2026-04-25,541.885146058883
ACC_CABLE_038,2026-04-26,487.89482095084304
ACC_CABLE_038,2026-04-27,343.69077489396057
ACC_CABLE_038,2026-04-28,335.37250331800345
ACC_CABLE_038,2026-04-29,343.7045811073467
ACC_CABLE_038,2026-04-30,302.7140158013668
ACC_CABLE_038,2026-05-01,329.60911363053333
ACC_CABLE_038,2026-05-02,553.3507142823485
ACC_CABLE_038,2026-05-03,490.0250685584459
ACC_CABLE_038,2026-05-04,315.35349498751816
ACC_CABLE_038,2026-05-05,320.74475655112093
ACC_CABLE_038,2026-05-06,362.6969313633065
ACC_CABLE_038,2026-05-07,367.6937255138018
ACC_CABLE_038,2026-05-08,268.3082017338211
ACC_CABLE_038,2026-05-09,558.1190355557109
ACC_CABLE_038,2026-05-10,564.1660402061914
ACC_CABLE_038,2026-05-11,367.22734140291186
ACC_CABLE_038,2026-05-12,313.9371147215216
ACC_CABLE_038,2026-05-13,323.8314366869518
ACC_CABLE_038,2026-05-14,280.5088089124104
ACC_CABLE_038,2026-05-15,263.51402376679073
ACC_CABLE_038,2026-05-16,515.0007818311832
ACC_CABLE_038,2026-05-17,529.3852332550595
ACC_CABLE_038,2026-05-18,337.7950078395803
ACC_CABLE_038,2026-05-19,358.88703875980633
ACC_CABLE_038,2026-05-20,431.8369130090338
ACC_CABLE_038,2026-05-21,319.6303033908478
ACC_CABLE_038,2026-05-22,298.3440030179393
ACC_CABLE_038,2026-05-23,545.5493771190869
ACC_CABLE_038,2026-05-24,535.1728775760682
ACC_CABLE_038,2026-05-25,314.42805382337133
ACC_CABLE_038,2026-05-26,362.85269565897767
ACC_CABLE_038,2026-05-27,307.01211299677306
ACC_CABLE_038,2026-05-28,329.37158161717986
ACC_CABLE_038,2026-05-29,331.3951733990886
ACC_CABLE_038,2026-05-30,498.04933717624107
ACC_CABLE_038,2026-05-31,473.4345881581163
ACC_CABLE_038,2026-06-01,341.2658754025965
ACC_CABLE_038,2026-06-02,378.7832533758933
ACC_CABLE_038,2026-06-03,365.67931030855925
ACC_CABLE_038,2026-06-04,368.00348642163357
ACC_CABLE_038,2026-06-05,308.7841348853007
ACC_CABLE_038,2026-06-06,536.8572610734348
ACC_CABLE_038,2026-06-07,483.7648092764497
ACC_CABLE_038,2026-06-08,340.6897379179106
ACC_CABLE_038,2026-06-09,380.48549649293096
ACC_CABLE_038,2026-06-10,381.6447065103074
ACC_CABLE_038,2026-06-11,401.6395816984147
ACC_CABLE_038,2026-06-12,367.9482857912487
ACC_CABLE_038,2026-06-13,546.4118443160107
ACC_CABLE_038,2026-06-14,559.5285034280694
ACC_CABLE_038,2026-06-15,358.36866018868585
ACC_CABLE_038,2026-06-16,310.16423695912505
ACC_CABLE_038,2026-06-17,287.30177563160197
ACC_CABLE_038,2026-06-18,365.38965838114194
ACC_CABLE_038,2026-06-19,404.883818468152
ACC_CABLE_038,2026-06-20,562.0290714058277
ACC_CABLE_038,2026-06-21,470.76647923290693
ACC_CABLE_038,2026-06-22,320.4226900687321
ACC_CABLE_038,2026-06-23,331.05748497915266
ACC_CABLE_038,2026-06-24,277.2785918767428
ACC_CABLE_038,2026-06-25,293.00084614183476
ACC_CABLE_038,2026-06-26,336.69504643955713
ACC_CABLE_038,2026-06-27,541.5531172753379
ACC_CABLE_038,2026-06-28,501.154540362259
ACC_CABLE_038,2026-06-29,292.10446168233227
ACC_CABLE_038,2026-06-30,377.28244107456663
ACC_CABLE_038,2026-07-01,326.2178121026833
ACC_CABLE_038,2026-07-02,331.0191042902527
ACC_CABLE_038,2026-07-03,321.1832171190769
ACC_CABLE_038,2026-07-04,509.03680299537007
ACC_CABLE_038,2026-07-05,576.5904564966839
ACC_CABLE_038,2026-07-06,310.80661877546135
ACC_CABLE_038,2026-07-07,345.3897135087611
ACC_CABLE_038,2026-07-08,339.98289071366503
ACC_CABLE_038,2026-07-09,276.534352187138
ACC_CABLE_038,2026-07-10,347.8307736649778
ACC_CABLE_038,2026-07-11,484.9710107995549
ACC_CABLE_038,2026-07-12,555.9524535369721
ACC_CABLE_038,2026-07-13,301.8914627841972
ACC_CABLE_038,2026-07-14,357.5656048444724
ACC_CABLE_038,2026-07-15,326.7910600460547
ACC_CABLE_038,2026-07-16,318.9844457159225
ACC_CABLE_038,2026-07-17,347.8934098626257
ACC_CABLE_038,2026-07-18,488.36458029917736
ACC_CABLE_038,2026-07-19,534.100328583694
ACC_CABLE_038,2026-07-20,366.923126298058
ACC_CABLE_038,2026-07-21,375.53464402779485
ACC_CABLE_038,2026-07-22,326.76449530397684
ACC_CABLE_038,2026-07-23,331.6588002335097
ACC_CABLE_038,2026-07-24,293.6131699624735
ACC_CABLE_038,2026-07-25,512.8518222388794
ACC_CABLE_038,2026-07-26,486.6964085254406
ACC_CABLE_038,2026-07-27,356.85239184514336
ACC_CABLE_038,2026-07-28,370.07041839120564
ACC_CABLE_038,2026-07-29,328.0877144159713
ACC_CABLE_038,2026-07-30,308.6074551674261
ACC_CABLE_038,2026-07-31,353.1662326413394
ACC_CABLE_038,2026-08-01,510.09111453924
ACC_CABLE_038,2026-08-02,560.2880132375144
ACC_CABLE_038,2026-08-03,406.5014841878656
ACC_CABLE_038,2026-08-04,315.0059255597038
ACC_CABLE_038,2026-08-05,319.7955429060637
ACC_CABLE_038,2026-08-06,296.61395219985485
ACC_CABLE_038,2026-08-07,348.948545533156
ACC_CABLE_038,2026-08-08,541.8890322294393
ACC_CABLE_038,2026-08-09,530.7068228779622
ACC_CABLE_038,2026-08-10,345.1747790454488
ACC_CABLE_038,2026-08-11,310.8805630832072
ACC_CABLE_038,2026-08-12,290.89601050386636
ACC_CABLE_038,2026-08-13,320.43023227705737
ACC_CABLE_038,2026-08-14,282.9955117276242
ACC_CABLE_038,2026-08-15,511.6528325273174
ACC_CABLE_038,2026-08-16,550.6161418322129
ACC_CABLE_038,2026-08-17,347.6391185335128
ACC_CABLE_038,2026-08-18,288.20206126155296
ACC_CABLE_038,2026-08-19,380.10376273190354
ACC_CABLE_038,2026-08-20,339.8264458319803
ACC_CABLE_038,2026-08-21,304.0719829420593
ACC_CABLE_038,2026-08-22,529.6084654286879
ACC_CABLE_038,2026-08-23,522.6521181637066
ACC_CABLE_038,2026-08-24,318.54849214790806
ACC_CABLE_038,2026-08-25,373.3092628753719
ACC_CABLE_038,2026-08-26,311.0944381640672
ACC_CABLE_038,2026-08-27,353.20100015135404
ACC_CABLE_038,2026-08-28,303.757158823024
ACC_CABLE_039,2026-04-01,519.4885366724066
ACC_CABLE_039,2026-04-02,394.88225401741744
ACC_CABLE_039,2026-04-03,483.9667914635184
ACC_CABLE_039,2026-04-04,685.138687409782
ACC_CABLE_039,2026-04-05,703.4366637949015
ACC_CABLE_039,2026-04-06,464.94442606854403
ACC_CABLE_039,2026-04-07,415.1271606104003
ACC_CABLE_039,2026-04-08,390.0836440394477
ACC_CABLE_039,2026-04-09,397.40775135041224
ACC_CABLE_039,2026-04-10,344.7266539590399
ACC_CABLE_039,2026-04-11,723.8956328434759
ACC_CABLE_039,2026-04-12,722.9991737597152
ACC_CABLE_039,2026-04-13,505.6887991900187
ACC_CABLE_039,2026-04-14,454.99940754448886
ACC_CABLE_039,2026-04-15,465.6022765130467
ACC_CABLE_039,2026-04-16,433.70273351968297
ACC_CABLE_039,2026-04-17,457.62224610549794
ACC_CABLE_039,2026-04-18,745.9472926142065
ACC_CABLE_039,2026-04-19,706.594041433351
ACC_CABLE_039,2026-04-20,415.1764272340144
ACC_CABLE_039,2026-04-21,428.4201587965738
ACC_CABLE_039,2026-04-22,470.8560667406573
ACC_CABLE_039,2026-04-23,416.9300418270014
ACC_CABLE_039,2026-04-24,477.1243851884451
ACC_CABLE_039,2026-04-25,782.6240074185454
ACC_CABLE_039,2026-04-26,738.9636028651836
ACC_CABLE_039,2026-04-27,471.40041178958046
ACC_CABLE_039,2026-04-28,454.1720033560015
ACC_CABLE_039,2026-04-29,405.40617746417513
ACC_CABLE_039,2026-04-30,401.61018447741606
ACC_CABLE_039,2026-05-01,401.3234260284972
ACC_CABLE_039,2026-05-02,724.7808449949123
ACC_CABLE_039,2026-05-03,683.8583644030124
ACC_CABLE_039,2026-05-04,438.68883095153654
ACC_CABLE_039,2026-05-05,458.31155473339965
ACC_CABLE_039,2026-05-06,403.6916739607522
ACC_CABLE_039,2026-05-07,418.56631471618226
ACC_CABLE_039,2026-05-08,454.5954018708718
ACC_CABLE_039,2026-05-09,689.0478566937439
ACC_CABLE_039,2026-05-10,693.2608801272446
ACC_CABLE_039,2026-05-11,396.0795067910925
ACC_CABLE_039,2026-05-12,433.1498489953301
ACC_CABLE_039,2026-05-13,513.1693940372514
ACC_CABLE_039,2026-05-14,422.0336660237588
ACC_CABLE_039,2026-05-15,391.7050295455824
ACC_CABLE_039,2026-05-16,744.428922856096
ACC_CABLE_039,2026-05-17,725.6659395351107
ACC_CABLE_039,2026-05-18,451.298902249516
ACC_CABLE_039,2026-05-19,384.8390744862862
ACC_CABLE_039,2026-05-20,391.16730478088397
ACC_CABLE_039,2026-05-21,375.62663003382954
ACC_CABLE_039,2026-05-22,461.4216203000444
ACC_CABLE_039,2026-05-23,748.1642983898253
ACC_CABLE_039,2026-05-24,724.1891408945884
ACC_CABLE_039,2026-05-25,527.920754300675
ACC_CABLE_039,2026-05-26,424.0271906523047
ACC_CABLE_039,2026-05-27,429.32037930193457
ACC_CABLE_039,2026-05-28,448.1854422756772
ACC_CABLE_039,2026-05-29,433.71681891516585
ACC_CABLE_039,2026-05-30,726.5439245784668
ACC_CABLE_039,2026-05-31,677.1764891561656
ACC_CABLE_039,2026-06-01,383.47949099500136
ACC_CABLE_039,2026-06-02,366.4636848138661
ACC_CABLE_039,2026-06-03,465.3522991337937
ACC_CABLE_039,2026-06-04,421.7228662534885
ACC_CABLE_039,2026-06-05,393.8749673503738
ACC_CABLE_039,2026-06-06,678.970930455034
ACC_CABLE_039,2026-06-07,790.9851377629021
ACC_CABLE_039,2026-06-08,396.8761374116255
ACC_CABLE_039,2026-06-09,476.9828315702164
ACC_CABLE_039,2026-06-10,463.81757035803804
ACC_CABLE_039,2026-06-11,504.00232758357146
ACC_CABLE_039,2026-06-12,440.44546008478494
ACC_CABLE_039,2026-06-13,639.0750186682651
ACC_CABLE_039,2026-06-14,750.2757207579632
ACC_CABLE_039,2026-06-15,435.38272929259364
ACC_CABLE_039,2026-06-16,501.83914614681987
ACC_CABLE_039,2026-06-17,482.04464685905873
ACC_CABLE_039,2026-06-18,490.0203272685575
ACC_CABLE_039,2026-06-19,549.8789543556541
ACC_CABLE_039,2026-06-20,720.2669149529742
ACC_CABLE_039,2026-06-21,770.9141955367909
ACC_CABLE_039,2026-06-22,429.6892192697077
ACC_CABLE_039,2026-06-23,470.97094575495663
ACC_CABLE_039,2026-06-24,425.75122369862396
ACC_CABLE_039,2026-06-25,468.59693299900687
ACC_CABLE_039,2026-06-26,464.2040391313945
ACC_CABLE_039,2026-06-27,619.4153553574855
ACC_CABLE_039,2026-06-28,682.5898366259298
ACC_CABLE_039,2026-06-29,458.3687331619469
ACC_CABLE_039,2026-06-30,350.30340527382236
ACC_CABLE_039,2026-07-01,444.48076987432444
ACC_CABLE_039,2026-07-02,492.66845760802335
ACC_CABLE_039,2026-07-03,505.5107220203182
ACC_CABLE_039,2026-07-04,676.0636549549882
ACC_CABLE_039,2026-07-05,769.6016685493322
ACC_CABLE_039,2026-07-06,501.9530683228775
ACC_CABLE_039,2026-07-07,356.11675467010946
ACC_CABLE_039,2026-07-08,454.7369482148181
ACC_CABLE_039,2026-07-09,459.69967068772064
ACC_CABLE_039,2026-07-10,516.0675919783343
ACC_CABLE_039,2026-07-11,723.6077458002408
ACC_CABLE_039,2026-07-12,771.9273002229502
ACC_CABLE_039,2026-07-13,416.48599668522627
ACC_CABLE_039,2026-07-14,381.0848574771494
ACC_CABLE_039,2026-07-15,422.5690388384384
ACC_CABLE_039,2026-07-16,519.4989969955936
ACC_CABLE_039,2026-07-17,491.32749303028044
ACC_CABLE_039,2026-07-18,813.2270723633466
ACC_CABLE_039,2026-07-19,649.5651691246591
ACC_CABLE_039,2026-07-20,496.7975061166699
ACC_CABLE_039,2026-07-21,484.48667969014383
ACC_CABLE_039,2026-07-22,439.3887219334112
ACC_CABLE_039,2026-07-23,485.7028502373285
ACC_CABLE_039,2026-07-24,458.1884692751716
ACC_CABLE_039,2026-07-25,733.2733769260553
ACC_CABLE_039,2026-07-26,743.0039219986558
ACC_CABLE_039,2026-07-27,495.18475434359505
ACC_CABLE_039,2026-07-28,456.47630747797757
ACC_CABLE_039,2026-07-29,530.1641183756599
ACC_CABLE_039,2026-07-30,443.61594836706234
ACC_CABLE_039,2026-07-31,535.0934564999338
ACC_CABLE_039,2026-08-01,665.2387891127547
ACC_CABLE_039,2026-08-02,671.5999106764519
ACC_CABLE_039,2026-08-03,413.29680345702167
ACC_CABLE_039,2026-08-04,495.3734440050672
ACC_CABLE_039,2026-08-05,418.86242391013656
ACC_CABLE_039,2026-08-06,518.8704531862543
ACC_CABLE_039,2026-08-07,431.2983935770305
ACC_CABLE_039,2026-08-08,732.7189278738045
ACC_CABLE_039,2026-08-09,743.343807356498
ACC_CABLE_039,2026-08-10,410.4651219451795
ACC_CABLE_039,2026-08-11,394.30135550051784
ACC_CABLE_039,2026-08-12,467.2554192014868
ACC_CABLE_039,2026-08-13,443.03998908488785
ACC_CABLE_039,2026-08-14,476.9325318429629
ACC_CABLE_039,2026-08-15,657.8638735502482
ACC_CABLE_039,2026-08-16,701.0310631960983
ACC_CABLE_039,2026-08-17,447.79006259075226
ACC_CABLE_039,2026-08-18,349.8200664648342
ACC_CABLE_039,2026-08-19,499.30239128663675
ACC_CABLE_039,2026-08-20,423.20127973744997
ACC_CABLE_039,2026-08-21,521.5135183627576
ACC_CABLE_039,2026-08-22,687.3118637707348
ACC_CABLE_039,2026-08-23,694.9222869843067
ACC_CABLE_039,2026-08-24,402.7268228426192
ACC_CABLE_039,2026-08-25,506.7776538023539
ACC_CABLE_039,2026-08-26,476.80604045369364
ACC_CABLE_039,2026-08-27,518.1059034342641
ACC_CABLE_039,2026-08-28,448.330318785432
ACC_CABLE_040,2026-04-01,201.82443887062232
ACC_CABLE_040,2026-04-02,219.25824929086494
ACC_CABLE_040,2026-04-03,216.42575008878487
ACC_CABLE_040,2026-04-04,303.7390466315706
ACC_CABLE_040,2026-04-05,334.4875150001407
ACC_CABLE_040,2026-04-06,179.96899434509513
ACC_CABLE_040,2026-04-07,211.86612648788247
ACC_CABLE_040,2026-04-08,228.9930838335252
ACC_CABLE_040,2026-04-09,217.6484212623009
ACC_CABLE_040,2026-04-10,196.3913684020156
ACC_CABLE_040,2026-04-11,303.89666970479806
ACC_CABLE_040,2026-04-12,280.94818798219575
ACC_CABLE_040,2026-04-13,200.79341501174414
ACC_CABLE_040,2026-04-14,173.42630750016124
ACC_CABLE_040,2026-04-15,179.792500992251
ACC_CABLE_040,2026-04-16,172.26860604578224
ACC_CABLE_040,2026-04-17,186.51442797972655
ACC_CABLE_040,2026-04-18,310.81019030040125
ACC_CABLE_040,2026-04-19,316.78076141649814
ACC_CABLE_040,2026-04-20,184.2602219365105
ACC_CABLE_040,2026-04-21,216.63717553342704
ACC_CABLE_040,2026-04-22,192.13163852079367
ACC_CABLE_040,2026-04-23,181.0969570379755
ACC_CABLE_040,2026-04-24,200.81744075779832
ACC_CABLE_040,2026-04-25,350.2965696873957
ACC_CABLE_040,2026-04-26,319.0185989341278
ACC_CABLE_040,2026-04-27,189.89688639168938
ACC_CABLE_040,2026-04-28,167.569995826909
ACC_CABLE_040,2026-04-29,192.96534220523904
ACC_CABLE_040,2026-04-30,201.88411281420062
ACC_CABLE_040,2026-05-01,190.0196887987675
ACC_CABLE_040,2026-05-02,281.3080764819487
ACC_CABLE_040,2026-05-03,297.1840879825837
ACC_CABLE_040,2026-05-04,226.0225922951337
ACC_CABLE_040,2026-05-05,225.77621937199788
ACC_CABLE_040,2026-05-06,181.13786403435125
ACC_CABLE_040,2026-05-07,211.38420599294884
ACC_CABLE_040,2026-05-08,175.80354525393565
ACC_CABLE_040,2026-05-09,341.6033042425026
ACC_CABLE_040,2026-05-10,319.3830518643588
ACC_CABLE_040,2026-05-11,217.3280809232991
ACC_CABLE_040,2026-05-12,166.048698399377
ACC_CABLE_040,2026-05-13,212.37839606715036
ACC_CABLE_040,2026-05-14,199.30189057088907
ACC_CABLE_040,2026-05-15,216.04223106626324
ACC_CABLE_040,2026-05-16,333.2069485032885
ACC_CABLE_040,2026-05-17,316.96964450686266
ACC_CABLE_040,2026-05-18,188.45398796544885
ACC_CABLE_040,2026-05-19,215.24813631606423
ACC_CABLE_040,2026-05-20,199.18901816148102
ACC_CABLE_040,2026-05-21,183.6552503969165
ACC_CABLE_040,2026-05-22,182.89106193286668
ACC_CABLE_040,2026-05-23,288.09072676517104
ACC_CABLE_040,2026-05-24,306.90138062043286
ACC_CABLE_040,2026-05-25,222.3819564892355
ACC_CABLE_040,2026-05-26,204.68211513431487
ACC_CABLE_040,2026-05-27,191.1754832756853
ACC_CABLE_040,2026-05-28,217.08371960687555
ACC_CABLE_040,2026-05-29,185.6332012007386
ACC_CABLE_040,2026-05-30,319.49026029462266
ACC_CABLE_040,2026-05-31,314.33313380639754
ACC_CABLE_040,2026-06-01,217.1872210738552
ACC_CABLE_040,2026-06-02,171.85949244125365
ACC_CABLE_040,2026-06-03,186.04118350577713
ACC_CABLE_040,2026-06-04,170.9818587794755
ACC_CABLE_040,2026-06-05,197.7397832690811
ACC_CABLE_040,2026-06-06,342.0805508201059
ACC_CABLE_040,2026-06-07,309.09486885368693
ACC_CABLE_040,2026-06-08,193.34379999282393
ACC_CABLE_040,2026-06-09,220.17428138675382
ACC_CABLE_040,2026-06-10,224.12300647818728
ACC_CABLE_040,2026-06-11,201.94057840171237
ACC_CABLE_040,2026-06-12,217.01499668316293
ACC_CABLE_040,2026-06-13,298.9647773610556
ACC_CABLE_040,2026-06-14,346.49490464476054
ACC_CABLE_040,2026-06-15,245.72003147298508
ACC_CABLE_040,2026-06-16,214.4594647699424
ACC_CABLE_040,2026-06-17,164.32239970808396
ACC_CABLE_040,2026-06-18,193.92615593572276
ACC_CABLE_040,2026-06-19,216.6775287082179
ACC_CABLE_040,2026-06-20,312.6653781546892
ACC_CABLE_040,2026-06-21,345.50343209702686
ACC_CABLE_040,2026-06-22,216.6514352036122
ACC_CABLE_040,2026-06-23,191.8150228352201
ACC_CABLE_040,2026-06-24,206.22271084788517
ACC_CABLE_040,2026-06-25,188.49901884166556
ACC_CABLE_040,2026-06-26,202.37611184663987
ACC_CABLE_040,2026-06-27,311.1463504596518
ACC_CABLE_040,2026-06-28,344.67290274449766
ACC_CABLE_040,2026-06-29,247.18903269683818
ACC_CABLE_040,2026-06-30,178.87806516855
ACC_CABLE_040,2026-07-01,169.5319256761518
ACC_CABLE_040,2026-07-02,202.06817225826828
ACC_CABLE_040,2026-07-03,177.64457701260642
ACC_CABLE_040,2026-07-04,323.7918839508487
ACC_CABLE_040,2026-07-05,337.5044669964544
ACC_CABLE_040,2026-07-06,236.23693861724973
ACC_CABLE_040,2026-07-07,211.43691498320493
ACC_CABLE_040,2026-07-08,203.97210416040312
ACC_CABLE_040,2026-07-09,169.66717111013946
ACC_CABLE_040,2026-07-10,208.5053733792859
ACC_CABLE_040,2026-07-11,325.3258441286046
ACC_CABLE_040,2026-07-12,336.431866514306
ACC_CABLE_040,2026-07-13,194.77617964048852
ACC_CABLE_040,2026-07-14,200.2034848154479
ACC_CABLE_040,2026-07-15,180.22455647262925
ACC_CABLE_040,2026-07-16,164.67804882713756
ACC_CABLE_040,2026-07-17,187.6560061476221
ACC_CABLE_040,2026-07-18,294.6927117849168
ACC_CABLE_040,2026-07-19,331.64854730161784
ACC_CABLE_040,2026-07-20,199.50001270632964
ACC_CABLE_040,2026-07-21,199.2620233895566
ACC_CABLE_040,2026-07-22,190.80082820881842
ACC_CABLE_040,2026-07-23,147.56148715251
ACC_CABLE_040,2026-07-24,239.2103974508277
ACC_CABLE_040,2026-07-25,306.744778910408
ACC_CABLE_040,2026-07-26,318.24029265189677
ACC_CABLE_040,2026-07-27,182.4705812099163
ACC_CABLE_040,2026-07-28,229.45825562840423
ACC_CABLE_040,2026-07-29,213.61817848482036
ACC_CABLE_040,2026-07-30,195.05114999436873
ACC_CABLE_040,2026-07-31,203.57996850106034
ACC_CABLE_040,2026-08-01,359.48887249701
ACC_CABLE_040,2026-08-02,325.84168996469134
ACC_CABLE_040,2026-08-03,208.09254272401301
ACC_CABLE_040,2026-08-04,193.58133731751218
ACC_CABLE_040,2026-08-05,175.33458379588456
ACC_CABLE_040,2026-08-06,208.96125359991868
ACC_CABLE_040,2026-08-07,218.4818626678651
ACC_CABLE_040,2026-08-08,349.37198016152405
ACC_CABLE_040,2026-08-09,284.90401688415665
ACC_CABLE_040,2026-08-10,190.93564088845554
ACC_CABLE_040,2026-08-11,201.59169695226052
ACC_CABLE_040,2026-08-12,212.8828196225372
ACC_CABLE_040,2026-08-13,210.30084975350144
ACC_CABLE_040,2026-08-14,210.9014083662357
ACC_CABLE_040,2026-08-15,337.0762539303999
ACC_CABLE_040,2026-08-16,311.9164429619632
ACC_CABLE_040,2026-08-17,231.7289298351103
ACC_CABLE_040,2026-08-18,222.21563212479998
ACC_CABLE_040,2026-08-19,207.82723730232806
ACC_CABLE_040,2026-08-20,245.04752424345608
ACC_CABLE_040,2026-08-21,244.3388294865351
ACC_CABLE_040,2026-08-22,348.2548803552405
ACC_CABLE_040,2026-08-23,272.14185432804163
ACC_CABLE_040,2026-08-24,245.2236402894569
ACC_CABLE_040,2026-08-25,230.23883948370835
ACC_CABLE_040,2026-08-26,253.7736867078597
ACC_CABLE_040,2026-08-27,239.0830666204573
ACC_CABLE_040,2026-08-28,245.8120136756976
FMCG_FOOD_001,2026-04-01,60.941523773298385
FMCG_FOOD_001,2026-04-02,48.21426402048154
FMCG_FOOD_001,2026-04-03,61.55177712999254
FMCG_FOOD_001,2026-04-04,98.14392853877796
FMCG_FOOD_001,2026-04-05,102.34031127464564
FMCG_FOOD_001,2026-04-06,51.97060666118563
FMCG_FOOD_001,2026-04-07,74.95048796073579
FMCG_FOOD_001,2026-04-08,72.76039357504297
FMCG_FOOD_001,2026-04-09,57.48338991418859
FMCG_FOOD_001,2026-04-10,71.25440701956938
FMCG_FOOD_001,2026-04-11,104.3281398877294
FMCG_FOOD_001,2026-04-12,96.5695067327035
FMCG_FOOD_001,2026-04-13,59.09819666442929
FMCG_FOOD_001,2026-04-14,59.709530031020314
FMCG_FOOD_001,2026-04-15,80.34085014951317
FMCG_FOOD_001,2026-04-16,71.54672851635956
FMCG_FOOD_001,2026-04-17,62.16308534731653
FMCG_FOOD_001,2026-04-18,99.43982335981835
FMCG_FOOD_001,2026-04-19,105.46943408515601
FMCG_FOOD_001,2026-04-20,68.7522299157441
FMCG_FOOD_001,2026-04-21,58.16305531796791
FMCG_FOOD_001,2026-04-22,65.96498567484348
FMCG_FOOD_001,2026-04-23,60.92948447710555
FMCG_FOOD_001,2026-04-24,65.3784186660281
FMCG_FOOD_001,2026-04-25,100.9071198878408
FMCG_FOOD_001,2026-04-26,107.55763128068699
FMCG_FOOD_001,2026-04-27,63.263510779920885
FMCG_FOOD_001,2026-04-28,65.77173665582134
FMCG_FOOD_001,2026-04-29,53.7436398133137
FMCG_FOOD_001,2026-04-30,67.32428286783501
FMCG_FOOD_001,2026-05-01,60.75101746468443
FMCG_FOOD_001,2026-05-02,92.99547631796003
FMCG_FOOD_001,2026-05-03,109.28759678827299
FMCG_FOOD_001,2026-05-04,65.69520685845757
FMCG_FOOD_001,2026-05-05,53.42932936961051
FMCG_FOOD_001,2026-05-06,61.46989627144806
FMCG_FOOD_001,2026-05-07,66.43051068375475
FMCG_FOOD_001,2026-05-08,66.76196975294961
FMCG_FOOD_001,2026-05-09,100.25362529703393
FMCG_FOOD_001,2026-05-10,82.92169488902093
FMCG_FOOD_001,2026-05-11,63.6333358453897
FMCG_FOOD_001,2026-05-12,73.6833032198083
FMCG_FOOD_001,2026-05-13,75.85460623352586
FMCG_FOOD_001,2026-05-14,63.74430512311605
FMCG_FOOD_001,2026-05-15,79.08833806898093
FMCG_FOOD_001,2026-05-16,94.48623238303631
FMCG_FOOD_001,2026-05-17,99.55880773635971
FMCG_FOOD_001,2026-05-18,73.48812635466801
FMCG_FOOD_001,2026-05-19,72.67773675051994
FMCG_FOOD_001,2026-05-20,68.29132362117835
FMCG_FOOD_001,2026-05-21,61.6733325463101
FMCG_FOOD_001,2026-05-22,61.80703205605417
FMCG_FOOD_001,2026-05-23,100.97332942232485
FMCG_FOOD_001,2026-05-24,98.97211769289768
FMCG_FOOD_001,2026-05-25,69.8972892186045
FMCG_FOOD_001,2026-05-26,68.68716915421841
FMCG_FOOD_001,2026-05-27,62.31569283149221
FMCG_FOOD_001,2026-05-28,67.38521450926339
FMCG_FOOD_001,2026-05-29,53.53843746402052
FMCG_FOOD_001,2026-05-30,108.51924492388298
FMCG_FOOD_001,2026-05-31,110.9720261897715
FMCG_FOOD_001,2026-06-01,64.58795830577733
FMCG_FOOD_001,2026-06-02,65.50310654112133
FMCG_FOOD_001,2026-06-03,72.02312130156365
FMCG_FOOD_001,2026-06-04,71.24822344893438
FMCG_FOOD_001,2026-06-05,75.46602197209826
FMCG_FOOD_001,2026-06-06,102.76225401261192
FMCG_FOOD_001,2026-06-07,103.62060024263936
FMCG_FOOD_001,2026-06-08,69.85373925091643
FMCG_FOOD_001,2026-06-09,64.84665504027329
FMCG_FOOD_001,2026-06-10,70.02087776966125
FMCG_FOOD_001,2026-06-11,65.2463837346101
FMCG_FOOD_001,2026-06-12,74.34717832716093
FMCG_FOOD_001,2026-06-13,102.84463367339957
FMCG_FOOD_001,2026-06-14,110.24264575157612
FMCG_FOOD_001,2026-06-15,81.13535905087303
FMCG_FOOD_001,2026-06-16,75.01216747791176
FMCG_FOOD_001,2026-06-17,73.62290494014128
FMCG_FOOD_001,2026-06-18,64.38179594978118
FMCG_FOOD_001,2026-06-19,81.32311065019044
FMCG_FOOD_001,2026-06-20,116.40594215431624
FMCG_FOOD_001,2026-06-21,108.79629387116714
FMCG_FOOD_001,2026-06-22,70.95688626405803
FMCG_FOOD_001,2026-06-23,68.48472105642071
FMCG_FOOD_001,2026-06-24,84.5151993566665
FMCG_FOOD_001,2026-06-25,78.53218390088908
FMCG_FOOD_001,2026-06-26,69.2737124727036
FMCG_FOOD_001,2026-06-27,117.35554486787964
FMCG_FOOD_001,2026-06-28,118.96880691846101
FMCG_FOOD_001,2026-06-29,74.22060085300805
FMCG_FOOD_001,2026-06-30,72.39948114261013
FMCG_FOOD_001,2026-07-01,68.59219093769336
FMCG_FOOD_001,2026-07-02,79.1153140587599
FMCG_FOOD_001,2026-07-03,72.34483799468292
FMCG_FOOD_001,2026-07-04,108.84261392642834
FMCG_FOOD_001,2026-07-05,111.77967304118422
FMCG_FOOD_001,2026-07-06,70.41015494709343
FMCG_FOOD_001,2026-07-07,84.8733821379492
FMCG_FOOD_001,2026-07-08,81.6042619195982
FMCG_FOOD_001,2026-07-09,76.31699979805484
FMCG_FOOD_001,2026-07-10,70.80739566901649
FMCG_FOOD_001,2026-07-11,107.88672432510467
FMCG_FOOD_001,2026-07-12,107.7677119502994
FMCG_FOOD_001,2026-07-13,68.94274692226651
FMCG_FOOD_001,2026-07-14,78.56838431781154
FMCG_FOOD_001,2026-07-15,72.83112966228168
FMCG_FOOD_001,2026-07-16,72.63273790456456
FMCG_FOOD_001,2026-07-17,72.0849848935396
FMCG_FOOD_001,2026-07-18,119.92182940404916
FMCG_FOOD_001,2026-07-19,109.32269554851918
FMCG_FOOD_001,2026-07-20,85.24117135850985
FMCG_FOOD_001,2026-07-21,75.89506788871742
FMCG_FOOD_001,2026-07-22,70.20500719375828
FMCG_FOOD_001,2026-07-23,80.81253359527217
FMCG_FOOD_001,2026-07-24,83.51238475874125
FMCG_FOOD_001,2026-07-25,109.61599684990418
FMCG_FOOD_001,2026-07-26,115.38576713822896
FMCG_FOOD_001,2026-07-27,80.49262331271272
FMCG_FOOD_001,2026-07-28,79.28336649856094
FMCG_FOOD_001,2026-07-29,76.05531993003821
FMCG_FOOD_001,2026-07-30,84.3778842229441
FMCG_FOOD_001,2026-07-31,77.61818715764736
FMCG_FOOD_001,2026-08-01,112.20535277097603
FMCG_FOOD_001,2026-08-02,105.2829942714292
FMCG_FOOD_001,2026-08-03,68.88987683981887
FMCG_FOOD_001,2026-08-04,81.06701361020998
FMCG_FOOD_001,2026-08-05,79.42999553603138
FMCG_FOOD_001,2026-08-06,85.46341461662973
FMCG_FOOD_001,2026-08-07,87.09473448333218
FMCG_FOOD_001,2026-08-08,115.45486810974843
FMCG_FOOD_001,2026-08-09,122.88676436810164
FMCG_FOOD_001,2026-08-10,77.22273871120163
FMCG_FOOD_001,2026-08-11,79.88567191468087
FMCG_FOOD_001,2026-08-12,79.86124194529313
FMCG_FOOD_001,2026-08-13,90.73228153202521
FMCG_FOOD_001,2026-08-14,73.45123474762798
FMCG_FOOD_001,2026-08-15,118.36073970248248
FMCG_FOOD_001,2026-08-16,113.90418602828768
FMCG_FOOD_001,2026-08-17,79.87600866776967
FMCG_FOOD_001,2026-08-18,79.76512631493061
FMCG_FOOD_001,2026-08-19,82.43958999462104
FMCG_FOOD_001,2026-08-20,90.36619676713764
FMCG_FOOD_001,2026-08-21,93.90220223874502
FMCG_FOOD_001,2026-08-22,123.05508613629428
FMCG_FOOD_001,2026-08-23,113.22728890324706
FMCG_FOOD_001,2026-08-24,81.68477648605092
FMCG_FOOD_001,2026-08-25,84.4896729966444
FMCG_FOOD_001,2026-08-26,80.56776809975547
FMCG_FOOD_001,2026-08-27,81.50984264526379
FMCG_FOOD_001,2026-08-28,82.9159206209541
FMCG_FOOD_002,2026-04-01,135.18048412346928
FMCG_FOOD_002,2026-04-02,120.54363668927564
FMCG_FOOD_002,2026-04-03,152.81839950330834
FMCG_FOOD_002,2026-04-04,176.81038543051594
FMCG_FOOD_002,2026-04-05,211.82736104290188
FMCG_FOOD_002,2026-04-06,131.30506456795976
FMCG_FOOD_002,2026-04-07,127.24877117752547
FMCG_FOOD_002,2026-04-08,124.16993589320086
FMCG_FOOD_002,2026-04-09,132.09216659912582
FMCG_FOOD_002,2026-04-10,145.15848699915347
FMCG_FOOD_002,2026-04-11,187.76158838201027
FMCG_FOOD_002,2026-04-12,199.17217034146762
FMCG_FOOD_002,2026-04-13,118.14587725381219
FMCG_FOOD_002,2026-04-14,117.68520049360498
FMCG_FOOD_002,2026-04-15,136.55573707066054
FMCG_FOOD_002,2026-04-16,139.91138470154004
FMCG_FOOD_002,2026-04-17,146.2463372935165
FMCG_FOOD_002,2026-04-18,218.4162718241846
FMCG_FOOD_002,2026-04-19,219.61984501514294
FMCG_FOOD_002,2026-04-20,114.49649313036281
FMCG_FOOD_002,2026-04-21,152.28632214113748
FMCG_FOOD_002,2026-04-22,130.42315210019137
FMCG_FOOD_002,2026-04-23,146.72894902825308
FMCG_FOOD_002,2026-04-24,115.55982878656684
FMCG_FOOD_002,2026-04-25,208.46154213826307
FMCG_FOOD_002,2026-04-26,224.00920681138058
FMCG_FOOD_002,2026-04-27,134.2630177548332
FMCG_FOOD_002,2026-04-28,124.2483914912247
FMCG_FOOD_002,2026-04-29,151.2275733574976
FMCG_FOOD_002,2026-04-30,119.12161290277814
FMCG_FOOD_002,2026-05-01,134.23445235078884
FMCG_FOOD_002,2026-05-02,220.9722192414744
FMCG_FOOD_002,2026-05-03,240.04397428948477
FMCG_FOOD_002,2026-05-04,128.9913772943058
FMCG_FOOD_002,2026-05-05,131.50613370242212
FMCG_FOOD_002,2026-05-06,129.46901526644382
FMCG_FOOD_002,2026-05-07,138.5001120658891
FMCG_FOOD_002,2026-05-08,143.19306748397224
FMCG_FOOD_002,2026-05-09,227.91307392268814
FMCG_FOOD_002,2026-05-10,223.6786210877505
FMCG_FOOD_002,2026-05-11,129.53413605454625
FMCG_FOOD_002,2026-05-12,146.72382329418252
FMCG_FOOD_002,2026-05-13,137.49009337258147
FMCG_FOOD_002,2026-05-14,146.13827897463665
FMCG_FOOD_002,2026-05-15,147.03077662764645
FMCG_FOOD_002,2026-05-16,235.94163469812776
FMCG_FOOD_002,2026-05-17,210.29032177746126
FMCG_FOOD_002,2026-05-18,129.95781616442048
FMCG_FOOD_002,2026-05-19,143.01312437011435
FMCG_FOOD_002,2026-05-20,152.72271992971406
FMCG_FOOD_002,2026-05-21,138.25482979031764
FMCG_FOOD_002,2026-05-22,153.87025979417766
FMCG_FOOD_002,2026-05-23,224.77075841751267
FMCG_FOOD_002,2026-05-24,213.3341987874028
FMCG_FOOD_002,2026-05-25,145.42336153976578
FMCG_FOOD_002,2026-05-26,132.59725171351943
FMCG_FOOD_002,2026-05-27,141.50180095245932
FMCG_FOOD_002,2026-05-28,124.59893111719394
FMCG_FOOD_002,2026-05-29,137.8139638043523
FMCG_FOOD_002,2026-05-30,229.84595900128963
FMCG_FOOD_002,2026-05-31,226.97290971866465
FMCG_FOOD_002,2026-06-01,147.2209427244334
FMCG_FOOD_002,2026-06-02,143.03723577519267
FMCG_FOOD_002,2026-06-03,141.52799864626633
FMCG_FOOD_002,2026-06-04,123.12825767315412
FMCG_FOOD_002,2026-06-05,137.07089015049814
FMCG_FOOD_002,2026-06-06,220.27400518765015
FMCG_FOOD_002,2026-06-07,203.43275455537648
FMCG_FOOD_002,2026-06-08,117.42717308173151
FMCG_FOOD_002,2026-06-09,155.0248257102648
FMCG_FOOD_002,2026-06-10,141.1609008459279
FMCG_FOOD_002,2026-06-11,143.37973064985118
FMCG_FOOD_002,2026-06-12,148.02314869633335
FMCG_FOOD_002,2026-06-13,206.1818296436959
FMCG_FOOD_002,2026-06-14,213.85455467718583
FMCG_FOOD_002,2026-06-15,160.80287885876257
FMCG_FOOD_002,2026-06-16,135.04747984404747
FMCG_FOOD_002,2026-06-17,138.09388115919086
FMCG_FOOD_002,2026-06-18,132.99665385497164
FMCG_FOOD_002,2026-06-19,132.2188950557514
FMCG_FOOD_002,2026-06-20,234.3712575804475
FMCG_FOOD_002,2026-06-21,187.95313977160973
FMCG_FOOD_002,2026-06-22,136.35882034192144
FMCG_FOOD_002,2026-06-23,145.38033185418988
FMCG_FOOD_002,2026-06-24,164.65828428362374
FMCG_FOOD_002,2026-06-25,127.99207037345025
FMCG_FOOD_002,2026-06-26,125.92627248852887
FMCG_FOOD_002,2026-06-27,209.86869582273516
FMCG_FOOD_002,2026-06-28,230.32217015826416
FMCG_FOOD_002,2026-06-29,144.97871102262297
FMCG_FOOD_002,2026-06-30,124.74573627682865
FMCG_FOOD_002,2026-07-01,144.94424876879958
FMCG_FOOD_002,2026-07-02,163.96869095656078
FMCG_FOOD_002,2026-07-03,147.38824521395074
FMCG_FOOD_002,2026-07-04,224.2392525781724
FMCG_FOOD_002,2026-07-05,225.17164755456827
FMCG_FOOD_002,2026-07-06,149.78853536731728
FMCG_FOOD_002,2026-07-07,128.0776797017761
FMCG_FOOD_002,2026-07-08,141.6849879725229
FMCG_FOOD_002,2026-07-09,142.5131702700067
FMCG_FOOD_002,2026-07-10,138.7149027402925
FMCG_FOOD_002,2026-07-11,232.0695809140603
FMCG_FOOD_002,2026-07-12,215.05808497766532
FMCG_FOOD_002,2026-07-13,140.77041052148638
FMCG_FOOD_002,2026-07-14,129.21775515149548
FMCG_FOOD_002,2026-07-15,150.66803727533116
FMCG_FOOD_002,2026-07-16,158.1447385028933
FMCG_FOOD_002,2026-07-17,141.3567332711703
FMCG_FOOD_002,2026-07-18,234.69607533850075
FMCG_FOOD_002,2026-07-19,222.43956191931645
FMCG_FOOD_002,2026-07-20,113.64315818925024
FMCG_FOOD_002,2026-07-21,145.98030064884185
FMCG_FOOD_002,2026-07-22,144.51757428060745
FMCG_FOOD_002,2026-07-23,148.28894279690184
FMCG_FOOD_002,2026-07-24,150.39141065682767
FMCG_FOOD_002,2026-07-25,216.35902017045683
FMCG_FOOD_002,2026-07-26,244.52709471087928
FMCG_FOOD_002,2026-07-27,146.68989980052743
FMCG_FOOD_002,2026-07-28,145.1043722355766
FMCG_FOOD_002,2026-07-29,157.52888490791824
FMCG_FOOD_002,2026-07-30,148.24101928875746
FMCG_FOOD_002,2026-07-31,181.50594157017719
FMCG_FOOD_002,2026-08-01,223.57119871559652
FMCG_FOOD_002,2026-08-02,231.02360086188065
FMCG_FOOD_002,2026-08-03,138.8610154867282
FMCG_FOOD_002,2026-08-04,160.06696205949729
FMCG_FOOD_002,2026-08-05,152.91333912451992
FMCG_FOOD_002,2026-08-06,144.64341533929664
FMCG_FOOD_002,2026-08-07,137.85830471817818
FMCG_FOOD_002,2026-08-08,210.3275101051828
FMCG_FOOD_002,2026-08-09,232.94328926538532
FMCG_FOOD_002,2026-08-10,131.62056688314865
FMCG_FOOD_002,2026-08-11,166.81016419960213
FMCG_FOOD_002,2026-08-12,133.53301175301124
FMCG_FOOD_002,2026-08-13,147.78112604509244
FMCG_FOOD_002,2026-08-14,138.78996346304018
FMCG_FOOD_002,2026-08-15,228.8249210477015
FMCG_FOOD_002,2026-08-16,228.89459333187898
FMCG_FOOD_002,2026-08-17,156.48243897425448
FMCG_FOOD_002,2026-08-18,131.00837308014513
FMCG_FOOD_002,2026-08-19,141.07186543067357
FMCG_FOOD_002,2026-08-20,163.7671168649786
FMCG_FOOD_002,2026-08-21,159.86117082605216
FMCG_FOOD_002,2026-08-22,196.95672713240742
FMCG_FOOD_002,2026-08-23,234.50398462573298
FMCG_FOOD_002,2026-08-24,138.32795531241467
FMCG_FOOD_002,2026-08-25,144.20630260283127
FMCG_FOOD_002,2026-08-26,149.09474136491366
FMCG_FOOD_002,2026-08-27,172.44607204944566
FMCG_FOOD_002,2026-08-28,138.79493368061728
FMCG_FOOD_003,2026-04-01,79.46979937109747
FMCG_FOOD_003,2026-04-02,114.57656849353782
FMCG_FOOD_003,2026-04-03,83.7657098110096
FMCG_FOOD_003,2026-04-04,151.43599427026453
FMCG_FOOD_003,2026-04-05,146.04601311667145
FMCG_FOOD_003,2026-04-06,94.44026035727458
FMCG_FOOD_003,2026-04-07,91.75461777342248
FMCG_FOOD_003,2026-04-08,101.92972309507728
FMCG_FOOD_003,2026-04-09,101.83871576804691
FMCG_FOOD_003,2026-04-10,94.43490602168336
FMCG_FOOD_003,2026-04-11,140.37884799885222
FMCG_FOOD_003,2026-04-12,143.61714266327095
FMCG_FOOD_003,2026-04-13,79.30153878940034
FMCG_FOOD_003,2026-04-14,90.87325042381235
FMCG_FOOD_003,2026-04-15,77.84888815591593
FMCG_FOOD_003,2026-04-16,96.26339423735413
FMCG_FOOD_003,2026-04-17,97.1231837036521
FMCG_FOOD_003,2026-04-18,158.99831804719778
FMCG_FOOD_003,2026-04-19,138.67521070211995
FMCG_FOOD_003,2026-04-20,84.24980323002221
FMCG_FOOD_003,2026-04-21,109.02725259041091
FMCG_FOOD_003,2026-04-22,82.55767974084314
FMCG_FOOD_003,2026-04-23,114.17118921497486
FMCG_FOOD_003,2026-04-24,86.9501465280098
FMCG_FOOD_003,2026-04-25,142.3644436760618
FMCG_FOOD_003,2026-04-26,158.70385058056644
FMCG_FOOD_003,2026-04-27,100.95440206401912
FMCG_FOOD_003,2026-04-28,111.15213869426942
FMCG_FOOD_003,2026-04-29,78.80000179948203
FMCG_FOOD_003,2026-04-30,101.25944593580677
FMCG_FOOD_003,2026-05-01,96.07704330040798
FMCG_FOOD_003,2026-05-02,141.9441018992076
FMCG_FOOD_003,2026-05-03,169.30955061560994
FMCG_FOOD_003,2026-05-04,99.11521814972444
FMCG_FOOD_003,2026-05-05,96.5217882121723
FMCG_FOOD_003,2026-05-06,101.42685727546342
FMCG_FOOD_003,2026-05-07,81.49914074256257
FMCG_FOOD_003,2026-05-08,86.06282456612655
FMCG_FOOD_003,2026-05-09,149.83988535678725
FMCG_FOOD_003,2026-05-10,155.96089546330742
FMCG_FOOD_003,2026-05-11,109.72663620441317
FMCG_FOOD_003,2026-05-12,90.00872469136871
FMCG_FOOD_003,2026-05-13,88.05771985908481
FMCG_FOOD_003,2026-05-14,103.06312257413227
FMCG_FOOD_003,2026-05-15,97.34973830463714
FMCG_FOOD_003,2026-05-16,136.27427553787916
FMCG_FOOD_003,2026-05-17,145.65094564487794
FMCG_FOOD_003,2026-05-18,97.37773452191767
FMCG_FOOD_003,2026-05-19,97.781327710655
FMCG_FOOD_003,2026-05-20,100.17669611006572
FMCG_FOOD_003,2026-05-21,87.53706004757058
FMCG_FOOD_003,2026-05-22,98.44466434122516
FMCG_FOOD_003,2026-05-23,163.71312106819656
FMCG_FOOD_003,2026-05-24,128.58376443340217
FMCG_FOOD_003,2026-05-25,97.50201207691903
FMCG_FOOD_003,2026-05-26,84.95986921302408
FMCG_FOOD_003,2026-05-27,100.1034684633957
FMCG_FOOD_003,2026-05-28,86.70597899263015
FMCG_FOOD_003,2026-05-29,101.93348572110813
FMCG_FOOD_003,2026-05-30,171.01505473034786
FMCG_FOOD_003,2026-05-31,147.18897607571958
FMCG_FOOD_003,2026-06-01,93.47314340265146
FMCG_FOOD_003,2026-06-02,96.97736758521823
FMCG_FOOD_003,2026-06-03,104.38187580971106
FMCG_FOOD_003,2026-06-04,92.22477430563997
FMCG_FOOD_003,2026-06-05,98.25205736981167
FMCG_FOOD_003,2026-06-06,150.94068974268654
FMCG_FOOD_003,2026-06-07,152.9579470484255
FMCG_FOOD_003,2026-06-08,105.23978416573756
FMCG_FOOD_003,2026-06-09,107.41978723202762
FMCG_FOOD_003,2026-06-10,88.91343404929306
FMCG_FOOD_003,2026-06-11,105.65387449849938
FMCG_FOOD_003,2026-06-12,131.74100659786558
FMCG_FOOD_003,2026-06-13,172.35687085264397
FMCG_FOOD_003,2026-06-14,152.39490990455744
FMCG_FOOD_003,2026-06-15,104.46351246432091
FMCG_FOOD_003,2026-06-16,103.09107995534211
FMCG_FOOD_003,2026-06-17,107.77698341451195
FMCG_FOOD_003,2026-06-18,99.81562581877655
FMCG_FOOD_003,2026-06-19,101.37382151119697
FMCG_FOOD_003,2026-06-20,152.47641965097927
FMCG_FOOD_003,2026-06-21,169.42803492235092
FMCG_FOOD_003,2026-06-22,107.16093516799697
FMCG_FOOD_003,2026-06-23,107.38071564588334
FMCG_FOOD_003,2026-06-24,115.80908814122053
FMCG_FOOD_003,2026-06-25,116.09519339275828
FMCG_FOOD_003,2026-06-26,114.50938190085742
FMCG_FOOD_003,2026-06-27,171.31910955543108
FMCG_FOOD_003,2026-06-28,174.77654642567938
FMCG_FOOD_003,2026-06-29,96.45710390682896
FMCG_FOOD_003,2026-06-30,102.7521618199867
FMCG_FOOD_003,2026-07-01,112.17232466166848
FMCG_FOOD_003,2026-07-02,97.65312789486201
FMCG_FOOD_003,2026-07-03,102.6080594785059
FMCG_FOOD_003,2026-07-04,163.0886384345292
FMCG_FOOD_003,2026-07-05,159.33275308067212
FMCG_FOOD_003,2026-07-06,107.00737249395742
FMCG_FOOD_003,2026-07-07,96.01239615865885
FMCG_FOOD_003,2026-07-08,106.35265668930846
FMCG_FOOD_003,2026-07-09,108.08302140886377
FMCG_FOOD_003,2026-07-10,121.85804018150321
FMCG_FOOD_003,2026-07-11,159.878609143881
FMCG_FOOD_003,2026-07-12,156.51757330904934
FMCG_FOOD_003,2026-07-13,114.00908534695337
FMCG_FOOD_003,2026-07-14,78.39230976917202
FMCG_FOOD_003,2026-07-15,104.83039420990949
FMCG_FOOD_003,2026-07-16,103.17383615224446
FMCG_FOOD_003,2026-07-17,110.45047924262168
FMCG_FOOD_003,2026-07-18,174.86528153993376
FMCG_FOOD_003,2026-07-19,177.82178702989245
FMCG_FOOD_003,2026-07-20,110.77191871352159
FMCG_FOOD_003,2026-07-21,94.37450985471449
FMCG_FOOD_003,2026-07-22,104.06948322166099
FMCG_FOOD_003,2026-07-23,105.22813885052877
FMCG_FOOD_003,2026-07-24,112.47838191737962
FMCG_FOOD_003,2026-07-25,164.96746816947598
FMCG_FOOD_003,2026-07-26,158.26765722390581
FMCG_FOOD_003,2026-07-27,98.03483433436848
FMCG_FOOD_003,2026-07-28,101.70909252328356
FMCG_FOOD_003,2026-07-29,101.52080867119709
FMCG_FOOD_003,2026-07-30,124.91850834053177
FMCG_FOOD_003,2026-07-31,103.06914082197903
FMCG_FOOD_003,2026-08-01,166.0532517125896
FMCG_FOOD_003,2026-08-02,174.55966095679787
FMCG_FOOD_003,2026-08-03,112.39306423518039
FMCG_FOOD_003,2026-08-04,100.75877570330385
FMCG_FOOD_003,2026-08-05,119.96278225575344
FMCG_FOOD_003,2026-08-06,114.30852150127102
FMCG_FOOD_003,2026-08-07,91.09351283014053
FMCG_FOOD_003,2026-08-08,178.01063721114738
FMCG_FOOD_003,2026-08-09,174.73509326855086
FMCG_FOOD_003,2026-08-10,114.7642044751583
FMCG_FOOD_003,2026-08-11,126.83982406839901
FMCG_FOOD_003,2026-08-12,119.77430287231554
FMCG_FOOD_003,2026-08-13,122.47706464071047
FMCG_FOOD_003,2026-08-14,121.7848946346105
FMCG_FOOD_003,2026-08-15,174.56480471484497
FMCG_FOOD_003,2026-08-16,151.27387781553827
FMCG_FOOD_003,2026-08-17,97.3225012270107
FMCG_FOOD_003,2026-08-18,120.67773244215438
FMCG_FOOD_003,2026-08-19,124.33118679949119
FMCG_FOOD_003,2026-08-20,106.66240474237055
FMCG_FOOD_003,2026-08-21,103.05338183735269
FMCG_FOOD_003,2026-08-22,171.06638125850034
FMCG_FOOD_003,2026-08-23,155.4410962363119
FMCG_FOOD_003,2026-08-24,112.19613983406082
FMCG_FOOD_003,2026-08-25,110.63302044365955
FMCG_FOOD_003,2026-08-26,111.98499833238553
FMCG_FOOD_003,2026-08-27,131.53676536472878
FMCG_FOOD_003,2026-08-28,108.51727858216125
FMCG_FOOD_004,2026-04-01,136.6973001604991
FMCG_FOOD_004,2026-04-02,120.18954870575422
FMCG_FOOD_004,2026-04-03,123.89500553635737
FMCG_FOOD_004,2026-04-04,192.88374590058976
FMCG_FOOD_004,2026-04-05,209.17217450211956
FMCG_FOOD_004,2026-04-06,118.63153280480583
FMCG_FOOD_004,2026-04-07,137.4285903851873
FMCG_FOOD_004,2026-04-08,120.79658647477052
FMCG_FOOD_004,2026-04-09,111.800537346279
FMCG_FOOD_004,2026-04-10,130.57041536394686
FMCG_FOOD_004,2026-04-11,191.41351921155658
FMCG_FOOD_004,2026-04-12,202.7580608790999
FMCG_FOOD_004,2026-04-13,89.77420694242281
FMCG_FOOD_004,2026-04-14,123.01298366892885
FMCG_FOOD_004,2026-04-15,117.53877588503448
FMCG_FOOD_004,2026-04-16,110.38456989297154
FMCG_FOOD_004,2026-04-17,116.70578387773843
FMCG_FOOD_004,2026-04-18,189.20819195405895
FMCG_FOOD_004,2026-04-19,195.71937188230797
FMCG_FOOD_004,2026-04-20,107.30534981845203
FMCG_FOOD_004,2026-04-21,127.82691274114254
FMCG_FOOD_004,2026-04-22,140.68119890099004
FMCG_FOOD_004,2026-04-23,127.6992348130687
FMCG_FOOD_004,2026-04-24,134.238762171671
FMCG_FOOD_004,2026-04-25,210.44420570082696
FMCG_FOOD_004,2026-04-26,212.31152309742856
FMCG_FOOD_004,2026-04-27,147.5286781831378
FMCG_FOOD_004,2026-04-28,119.00965582086124
FMCG_FOOD_004,2026-04-29,116.50634377955049
FMCG_FOOD_004,2026-04-30,134.82993434472928
FMCG_FOOD_004,2026-05-01,134.07002125785453
FMCG_FOOD_004,2026-05-02,207.63567112534986
FMCG_FOOD_004,2026-05-03,221.26031769642807
FMCG_FOOD_004,2026-05-04,126.08757589646179
FMCG_FOOD_004,2026-05-05,131.25649437171884
FMCG_FOOD_004,2026-05-06,114.38730215704996
FMCG_FOOD_004,2026-05-07,152.2373856001091
FMCG_FOOD_004,2026-05-08,122.47780645336975
FMCG_FOOD_004,2026-05-09,195.57058726925396
FMCG_FOOD_004,2026-05-10,195.25432631880028
FMCG_FOOD_004,2026-05-11,119.19676011040352
FMCG_FOOD_004,2026-05-12,118.32381170894345
FMCG_FOOD_004,2026-05-13,120.96317817703674
FMCG_FOOD_004,2026-05-14,110.92386927058357
FMCG_FOOD_004,2026-05-15,118.09765316481482
FMCG_FOOD_004,2026-05-16,223.93245364851623
FMCG_FOOD_004,2026-05-17,209.4014272380606
FMCG_FOOD_004,2026-05-18,139.2534405384054
FMCG_FOOD_004,2026-05-19,142.44422632774467
FMCG_FOOD_004,2026-05-20,150.54302822878492
FMCG_FOOD_004,2026-05-21,107.06578712752949
FMCG_FOOD_004,2026-05-22,113.76841430503286
FMCG_FOOD_004,2026-05-23,191.67494370317434
FMCG_FOOD_004,2026-05-24,195.86626946247588
FMCG_FOOD_004,2026-05-25,125.46311037391848
FMCG_FOOD_004,2026-05-26,123.8415716110469
FMCG_FOOD_004,2026-05-27,132.05363784889786
FMCG_FOOD_004,2026-05-28,129.97707422801713
FMCG_FOOD_004,2026-05-29,120.95369897834317
FMCG_FOOD_004,2026-05-30,176.12585979845042
FMCG_FOOD_004,2026-05-31,190.5862886649178
FMCG_FOOD_004,2026-06-01,123.50421229491785
FMCG_FOOD_004,2026-06-02,127.3103388146266
FMCG_FOOD_004,2026-06-03,116.78102374234248
FMCG_FOOD_004,2026-06-04,124.6612417553933
FMCG_FOOD_004,2026-06-05,117.0650525993244
FMCG_FOOD_004,2026-06-06,201.97758584626519
FMCG_FOOD_004,2026-06-07,190.6655949268124
FMCG_FOOD_004,2026-06-08,120.92825365791737
FMCG_FOOD_004,2026-06-09,115.5149220150314
FMCG_FOOD_004,2026-06-10,129.6426415836056
FMCG_FOOD_004,2026-06-11,121.16598198357599
FMCG_FOOD_004,2026-06-12,142.7720896267727
FMCG_FOOD_004,2026-06-13,209.46078822698408
FMCG_FOOD_004,2026-06-14,203.85479239497795
FMCG_FOOD_004,2026-06-15,122.60042548214015
FMCG_FOOD_004,2026-06-16,137.00429569432728
FMCG_FOOD_004,2026-06-17,140.9074807611185
FMCG_FOOD_004,2026-06-18,134.4265297876397
FMCG_FOOD_004,2026-06-19,152.25479245114985
FMCG_FOOD_004,2026-06-20,211.1616115487053
FMCG_FOOD_004,2026-06-21,216.80464733257324
FMCG_FOOD_004,2026-06-22,134.91614152798536
FMCG_FOOD_004,2026-06-23,141.62553988440942
FMCG_FOOD_004,2026-06-24,123.95894708470297
FMCG_FOOD_004,2026-06-25,128.2033798051252
FMCG_FOOD_004,2026-06-26,138.1272989971368
FMCG_FOOD_004,2026-06-27,210.78940372684434
FMCG_FOOD_004,2026-06-28,212.9421030576133
FMCG_FOOD_004,2026-06-29,147.6647539965726
FMCG_FOOD_004,2026-06-30,117.25784882103352
FMCG_FOOD_004,2026-07-01,122.85912417391542
FMCG_FOOD_004,2026-07-02,137.57782895699847
FMCG_FOOD_004,2026-07-03,126.18520005517811
FMCG_FOOD_004,2026-07-04,248.57099571960129
FMCG_FOOD_004,2026-07-05,214.09020739195867
FMCG_FOOD_004,2026-07-06,134.4521967279451
FMCG_FOOD_004,2026-07-07,129.31282179568532
FMCG_FOOD_004,2026-07-08,129.89003637336415
FMCG_FOOD_004,2026-07-09,136.21470200191365
FMCG_FOOD_004,2026-07-10,137.3549813847172
FMCG_FOOD_004,2026-07-11,203.22394034920853
FMCG_FOOD_004,2026-07-12,205.59485781710922
FMCG_FOOD_004,2026-07-13,152.7158433603386
FMCG_FOOD_004,2026-07-14,153.3525100480775
FMCG_FOOD_004,2026-07-15,139.799611157212
FMCG_FOOD_004,2026-07-16,120.67075730043548
FMCG_FOOD_004,2026-07-17,143.56588819533243
FMCG_FOOD_004,2026-07-18,228.60681754349343
FMCG_FOOD_004,2026-07-19,226.5243513337448
FMCG_FOOD_004,2026-07-20,146.38655281899696
FMCG_FOOD_004,2026-07-21,154.86131775895845
FMCG_FOOD_004,2026-07-22,138.44594969699617
FMCG_FOOD_004,2026-07-23,145.55004593498782
FMCG_FOOD_004,2026-07-24,129.8626156474653
FMCG_FOOD_004,2026-07-25,214.38641201948414
FMCG_FOOD_004,2026-07-26,227.08736435204338
FMCG_FOOD_004,2026-07-27,131.41797672100864
FMCG_FOOD_004,2026-07-28,128.2765345034821
FMCG_FOOD_004,2026-07-29,140.02961616218673
FMCG_FOOD_004,2026-07-30,136.2573873349396
FMCG_FOOD_004,2026-07-31,147.0046874249521
FMCG_FOOD_004,2026-08-01,206.41555973604082
FMCG_FOOD_004,2026-08-02,232.84311934879287
FMCG_FOOD_004,2026-08-03,123.99491921467121
FMCG_FOOD_004,2026-08-04,154.92019091325878
FMCG_FOOD_004,2026-08-05,130.64532433747195
FMCG_FOOD_004,2026-08-06,118.31860891153332
FMCG_FOOD_004,2026-08-07,143.07828939182127
FMCG_FOOD_004,2026-08-08,209.86924336923204
FMCG_FOOD_004,2026-08-09,199.67372664837336
FMCG_FOOD_004,2026-08-10,120.30533961024531
FMCG_FOOD_004,2026-08-11,140.69883447401537
FMCG_FOOD_004,2026-08-12,152.7576263886482
FMCG_FOOD_004,2026-08-13,148.17793726634596
FMCG_FOOD_004,2026-08-14,141.93615045095513
FMCG_FOOD_004,2026-08-15,219.79405563593463
FMCG_FOOD_004,2026-08-16,213.82070899822796
FMCG_FOOD_004,2026-08-17,124.4003366593325
FMCG_FOOD_004,2026-08-18,124.65718277879633
FMCG_FOOD_004,2026-08-19,139.54166079928538
FMCG_FOOD_004,2026-08-20,140.2060952349705
FMCG_FOOD_004,2026-08-21,152.59689040993186
FMCG_FOOD_004,2026-08-22,224.21338110767445
FMCG_FOOD_004,2026-08-23,222.5221094906833
FMCG_FOOD_004,2026-08-24,139.3585791717661
FMCG_FOOD_004,2026-08-25,126.19410874166732
FMCG_FOOD_004,2026-08-26,148.0360607584989
FMCG_FOOD_004,2026-08-27,149.55454869047222
FMCG_FOOD_004,2026-08-28,114.44876930401999
FMCG_FOOD_005,2026-04-01,105.04023461176477
FMCG_FOOD_005,2026-04-02,112.50231255297923
FMCG_FOOD_005,2026-04-03,119.93461376279035
FMCG_FOOD_005,2026-04-04,172.58145128075782
FMCG_FOOD_005,2026-04-05,152.69824754286034
FMCG_FOOD_005,2026-04-06,120.96145358452443
FMCG_FOOD_005,2026-04-07,111.3215682718515
FMCG_FOOD_005,2026-04-08,106.3218509006278
FMCG_FOOD_005,2026-04-09,104.03836597080755
FMCG_FOOD_005,2026-04-10,113.74213245564904
FMCG_FOOD_005,2026-04-11,168.31498353064853
FMCG_FOOD_005,2026-04-12,169.73882326550506
FMCG_FOOD_005,2026-04-13,97.19005686101448
FMCG_FOOD_005,2026-04-14,103.51224198991535
FMCG_FOOD_005,2026-04-15,117.97641497132898
FMCG_FOOD_005,2026-04-16,96.19524635733123
FMCG_FOOD_005,2026-04-17,123.95753404231907
FMCG_FOOD_005,2026-04-18,164.09940954404354
FMCG_FOOD_005,2026-04-19,178.73430037051818
FMCG_FOOD_005,2026-04-20,117.13594200285569
FMCG_FOOD_005,2026-04-21,120.98859729423687
FMCG_FOOD_005,2026-04-22,121.14132202046291
FMCG_FOOD_005,2026-04-23,111.384107258965
FMCG_FOOD_005,2026-04-24,110.5800871343737
FMCG_FOOD_005,2026-04-25,184.5022242132599
FMCG_FOOD_005,2026-04-26,181.1804976063998
FMCG_FOOD_005,2026-04-27,109.13054648852562
FMCG_FOOD_005,2026-04-28,117.09360088730791
FMCG_FOOD_005,2026-04-29,111.37830641793063
FMCG_FOOD_005,2026-04-30,106.80416404559406
FMCG_FOOD_005,2026-05-01,109.37608832707323
FMCG_FOOD_005,2026-05-02,184.35196526715717
FMCG_FOOD_005,2026-05-03,169.08384499583212
FMCG_FOOD_005,2026-05-04,126.00905905894288
FMCG_FOOD_005,2026-05-05,108.02571790863381
FMCG_FOOD_005,2026-05-06,89.61717530442486
FMCG_FOOD_005,2026-05-07,120.42271125600541
FMCG_FOOD_005,2026-05-08,85.10408178372502
FMCG_FOOD_005,2026-05-09,169.07008220482692
FMCG_FOOD_005,2026-05-10,206.6547750098415
FMCG_FOOD_005,2026-05-11,126.55392500150342
FMCG_FOOD_005,2026-05-12,125.8033957682431
FMCG_FOOD_005,2026-05-13,103.10486980430011
FMCG_FOOD_005,2026-05-14,113.41572759291178
FMCG_FOOD_005,2026-05-15,129.13158647546183
FMCG_FOOD_005,2026-05-16,188.1220495578572
FMCG_FOOD_005,2026-05-17,193.68084070027228
FMCG_FOOD_005,2026-05-18,135.46873293027232
FMCG_FOOD_005,2026-05-19,123.39519764512893
FMCG_FOOD_005,2026-05-20,102.93554568510571
FMCG_FOOD_005,2026-05-21,123.02236246562329
FMCG_FOOD_005,2026-05-22,114.08271392181648
FMCG_FOOD_005,2026-05-23,168.12962782469444
FMCG_FOOD_005,2026-05-24,192.10067966658391
FMCG_FOOD_005,2026-05-25,130.20259401021295
FMCG_FOOD_005,2026-05-26,116.22649486603027
FMCG_FOOD_005,2026-05-27,120.8931900596391
FMCG_FOOD_005,2026-05-28,94.95790844157739
FMCG_FOOD_005,2026-05-29,129.94912688099978
FMCG_FOOD_005,2026-05-30,191.8965486030348
FMCG_FOOD_005,2026-05-31,186.12744066390806
FMCG_FOOD_005,2026-06-01,104.49829961959777
FMCG_FOOD_005,2026-06-02,100.37631859051518
FMCG_FOOD_005,2026-06-03,140.53967200836283
FMCG_FOOD_005,2026-06-04,107.70468141607483
FMCG_FOOD_005,2026-06-05,120.21260715096216
FMCG_FOOD_005,2026-06-06,173.74125351863913
FMCG_FOOD_005,2026-06-07,159.50089529366718
FMCG_FOOD_005,2026-06-08,124.08327629622863
FMCG_FOOD_005,2026-06-09,125.93208052728804
FMCG_FOOD_005,2026-06-10,101.31011245619521
FMCG_FOOD_005,2026-06-11,131.7303089028447
FMCG_FOOD_005,2026-06-12,114.06004116165577
FMCG_FOOD_005,2026-06-13,173.54976455646187
FMCG_FOOD_005,2026-06-14,172.9848234992051
FMCG_FOOD_005,2026-06-15,129.7463655592585
FMCG_FOOD_005,2026-06-16,99.43125503544624
FMCG_FOOD_005,2026-06-17,107.0103249014221
FMCG_FOOD_005,2026-06-18,125.40443608851487
FMCG_FOOD_005,2026-06-19,124.10558520261608
FMCG_FOOD_005,2026-06-20,175.2603999349107
FMCG_FOOD_005,2026-06-21,200.57111378956958
FMCG_FOOD_005,2026-06-22,109.16757524763402
FMCG_FOOD_005,2026-06-23,119.17683365983228
FMCG_FOOD_005,2026-06-24,117.8838751487568
FMCG_FOOD_005,2026-06-25,118.07599340009261
FMCG_FOOD_005,2026-06-26,119.77089528428263
FMCG_FOOD_005,2026-06-27,184.99533629691246
FMCG_FOOD_005,2026-06-28,185.01109557109862
FMCG_FOOD_005,2026-06-29,120.36699398264636
FMCG_FOOD_005,2026-06-30,134.33039265499949
FMCG_FOOD_005,2026-07-01,120.11669162792367
FMCG_FOOD_005,2026-07-02,130.34221170350207
FMCG_FOOD_005,2026-07-03,124.57107623921902
FMCG_FOOD_005,2026-07-04,192.49191231511247
FMCG_FOOD_005,2026-07-05,197.12923246599757
FMCG_FOOD_005,2026-07-06,110.97103530683816
FMCG_FOOD_005,2026-07-07,130.3886592039629
FMCG_FOOD_005,2026-07-08,121.38752053653276
FMCG_FOOD_005,2026-07-09,113.37503460954598
FMCG_FOOD_005,2026-07-10,132.45600232179333
FMCG_FOOD_005,2026-07-11,184.91318381191624
FMCG_FOOD_005,2026-07-12,193.8146929392076
FMCG_FOOD_005,2026-07-13,94.88431030814445
FMCG_FOOD_005,2026-07-14,132.51430178160084
FMCG_FOOD_005,2026-07-15,152.98200473752152
FMCG_FOOD_005,2026-07-16,124.81645353767361
FMCG_FOOD_005,2026-07-17,122.17725061398976
FMCG_FOOD_005,2026-07-18,185.57192785976716
FMCG_FOOD_005,2026-07-19,196.80599870613122
FMCG_FOOD_005,2026-07-20,122.18524607342589
FMCG_FOOD_005,2026-07-21,132.70838671689046
FMCG_FOOD_005,2026-07-22,144.57468392894418
FMCG_FOOD_005,2026-07-23,135.11732466997623
FMCG_FOOD_005,2026-07-24,124.19613745340382
FMCG_FOOD_005,2026-07-25,179.49131702371938
FMCG_FOOD_005,2026-07-26,187.35041458560963
FMCG_FOOD_005,2026-07-27,124.7985164340851
FMCG_FOOD_005,2026-07-28,112.32726697096564
FMCG_FOOD_005,2026-07-29,138.69759387437625
FMCG_FOOD_005,2026-07-30,133.20304055544008
FMCG_FOOD_005,2026-07-31,115.72035489238844
FMCG_FOOD_005,2026-08-01,173.30655227810743
FMCG_FOOD_005,2026-08-02,200.67458582592545
FMCG_FOOD_005,2026-08-03,109.68756228492768
FMCG_FOOD_005,2026-08-04,128.66486421788952
FMCG_FOOD_005,2026-08-05,123.43623779032559
FMCG_FOOD_005,2026-08-06,136.7697544002633
FMCG_FOOD_005,2026-08-07,137.046060894812
FMCG_FOOD_005,2026-08-08,184.7980935615823
FMCG_FOOD_005,2026-08-09,203.5788343227883
FMCG_FOOD_005,2026-08-10,125.49482145757382
FMCG_FOOD_005,2026-08-11,129.00670692600787
FMCG_FOOD_005,2026-08-12,129.38011047118349
FMCG_FOOD_005,2026-08-13,153.60501987496366
FMCG_FOOD_005,2026-08-14,127.94857176218568
FMCG_FOOD_005,2026-08-15,176.57625801385538
FMCG_FOOD_005,2026-08-16,187.15962283755917
FMCG_FOOD_005,2026-08-17,137.74468537036813
FMCG_FOOD_005,2026-08-18,126.75365923421245
FMCG_FOOD_005,2026-08-19,130.16302193506903
FMCG_FOOD_005,2026-08-20,125.44172505391631
FMCG_FOOD_005,2026-08-21,99.59896658133519
FMCG_FOOD_005,2026-08-22,187.36972469473568
FMCG_FOOD_005,2026-08-23,195.1575149210188
FMCG_FOOD_005,2026-08-24,111.46272491154889
FMCG_FOOD_005,2026-08-25,118.05061468720177
FMCG_FOOD_005,2026-08-26,127.34397083419292
FMCG_FOOD_005,2026-08-27,127.58866455293378
FMCG_FOOD_005,2026-08-28,135.64919848049934
FMCG_FOOD_006,2026-04-01,91.68424355561754
FMCG_FOOD_006,2026-04-02,76.38522250793667
FMCG_FOOD_006,2026-04-03,87.97323450845627
FMCG_FOOD_006,2026-04-04,134.15437573364588
FMCG_FOOD_006,2026-04-05,136.57804681516095
FMCG_FOOD_006,2026-04-06,90.1020332478705
FMCG_FOOD_006,2026-04-07,83.51254013672526
FMCG_FOOD_006,2026-04-08,87.13505811352853
FMCG_FOOD_006,2026-04-09,78.15806492740255
FMCG_FOOD_006,2026-04-10,97.88095640400944
FMCG_FOOD_006,2026-04-11,147.03746308705323
FMCG_FOOD_006,2026-04-12,141.71985694428832
FMCG_FOOD_006,2026-04-13,86.68885783621258
FMCG_FOOD_006,2026-04-14,88.04196703783805
FMCG_FOOD_006,2026-04-15,98.44400334087427
FMCG_FOOD_006,2026-04-16,94.97116844714925
FMCG_FOOD_006,2026-04-17,98.89034567029913
FMCG_FOOD_006,2026-04-18,138.7755476656354
FMCG_FOOD_006,2026-04-19,146.1055737312842
FMCG_FOOD_006,2026-04-20,100.1914636447515
FMCG_FOOD_006,2026-04-21,81.942531511346
FMCG_FOOD_006,2026-04-22,81.54532711098285
FMCG_FOOD_006,2026-04-23,92.69427910415433
FMCG_FOOD_006,2026-04-24,79.70600552846096
FMCG_FOOD_006,2026-04-25,127.0023225026011
FMCG_FOOD_006,2026-04-26,153.1694178510744
FMCG_FOOD_006,2026-04-27,102.63541717329137
FMCG_FOOD_006,2026-04-28,80.78382987834533
FMCG_FOOD_006,2026-04-29,78.74171517860164
FMCG_FOOD_006,2026-04-30,85.6672495957618
FMCG_FOOD_006,2026-05-01,102.39943266344022
FMCG_FOOD_006,2026-05-02,140.27657546257018
FMCG_FOOD_006,2026-05-03,144.82384665411888
FMCG_FOOD_006,2026-05-04,94.77681914694388
FMCG_FOOD_006,2026-05-05,93.61247588051998
FMCG_FOOD_006,2026-05-06,105.24841895282974
FMCG_FOOD_006,2026-05-07,86.13694805011218
FMCG_FOOD_006,2026-05-08,91.66080109272266
FMCG_FOOD_006,2026-05-09,146.92210358649712
FMCG_FOOD_006,2026-05-10,144.6237373998585
FMCG_FOOD_006,2026-05-11,82.39381949465393
FMCG_FOOD_006,2026-05-12,80.33894100331773
FMCG_FOOD_006,2026-05-13,80.30674768570519
FMCG_FOOD_006,2026-05-14,99.76841632362941
FMCG_FOOD_006,2026-05-15,86.46249398100264
FMCG_FOOD_006,2026-05-16,150.03269166428936
FMCG_FOOD_006,2026-05-17,146.8546644290184
FMCG_FOOD_006,2026-05-18,85.56874292096168
FMCG_FOOD_006,2026-05-19,85.93587809813774
FMCG_FOOD_006,2026-05-20,95.51591449560264
FMCG_FOOD_006,2026-05-21,95.17585697319197
FMCG_FOOD_006,2026-05-22,98.93068045561056
FMCG_FOOD_006,2026-05-23,143.01971034732628
FMCG_FOOD_006,2026-05-24,139.78364232263306
FMCG_FOOD_006,2026-05-25,96.05587356745897
FMCG_FOOD_006,2026-05-26,107.60329638268553
FMCG_FOOD_006,2026-05-27,79.07289211797331
FMCG_FOOD_006,2026-05-28,88.5982417538284
FMCG_FOOD_006,2026-05-29,100.83682923786576
FMCG_FOOD_006,2026-05-30,149.933425020039
FMCG_FOOD_006,2026-05-31,153.46366785626455
FMCG_FOOD_006,2026-06-01,92.41200128572086
FMCG_FOOD_006,2026-06-02,82.2763306494143
FMCG_FOOD_006,2026-06-03,110.99198664543994
FMCG_FOOD_006,2026-06-04,106.0293722422248
FMCG_FOOD_006,2026-06-05,96.53965003043623
FMCG_FOOD_006,2026-06-06,141.77755263235267
FMCG_FOOD_006,2026-06-07,144.9820621006204
FMCG_FOOD_006,2026-06-08,99.19302655274491
FMCG_FOOD_006,2026-06-09,95.16079927983218
FMCG_FOOD_006,2026-06-10,97.37385726871905
FMCG_FOOD_006,2026-06-11,111.65819367633009
FMCG_FOOD_006,2026-06-12,105.83597435570583
FMCG_FOOD_006,2026-06-13,139.96422732260027
FMCG_FOOD_006,2026-06-14,150.96919531979566
FMCG_FOOD_006,2026-06-15,93.7228374644171
FMCG_FOOD_006,2026-06-16,100.99210519400953
FMCG_FOOD_006,2026-06-17,97.99901676337308
FMCG_FOOD_006,2026-06-18,124.51897937527065
FMCG_FOOD_006,2026-06-19,102.5845764205627
FMCG_FOOD_006,2026-06-20,150.03259914634887
FMCG_FOOD_006,2026-06-21,167.3841526988014
FMCG_FOOD_006,2026-06-22,101.08828029201744
FMCG_FOOD_006,2026-06-23,86.23709862410101
FMCG_FOOD_006,2026-06-24,98.51731127746245
FMCG_FOOD_006,2026-06-25,105.08921825213686
FMCG_FOOD_006,2026-06-26,104.11540650121523
FMCG_FOOD_006,2026-06-27,160.99501992800444
FMCG_FOOD_006,2026-06-28,153.73733327778703
FMCG_FOOD_006,2026-06-29,101.07306545261257
FMCG_FOOD_006,2026-06-30,88.29846487529532
FMCG_FOOD_006,2026-07-01,113.94727364340085
FMCG_FOOD_006,2026-07-02,98.14124885226929
FMCG_FOOD_006,2026-07-03,92.42804712148579
FMCG_FOOD_006,2026-07-04,176.16279862732705
FMCG_FOOD_006,2026-07-05,168.06674548771198
FMCG_FOOD_006,2026-07-06,97.50458437636108
FMCG_FOOD_006,2026-07-07,85.18815930497779
FMCG_FOOD_006,2026-07-08,95.44929863491157
FMCG_FOOD_006,2026-07-09,115.58847968746116
FMCG_FOOD_006,2026-07-10,103.53740574223663
FMCG_FOOD_006,2026-07-11,142.60990378426692
FMCG_FOOD_006,2026-07-12,161.32063941737925
FMCG_FOOD_006,2026-07-13,100.62423515106651
FMCG_FOOD_006,2026-07-14,96.95629288020815
FMCG_FOOD_006,2026-07-15,97.76628782748213
FMCG_FOOD_006,2026-07-16,114.26561482079086
FMCG_FOOD_006,2026-07-17,107.80573623068048
FMCG_FOOD_006,2026-07-18,142.47129812475563
FMCG_FOOD_006,2026-07-19,158.7445423870175
FMCG_FOOD_006,2026-07-20,104.43625119379281
FMCG_FOOD_006,2026-07-21,99.99245273516054
FMCG_FOOD_006,2026-07-22,100.60117422590426
FMCG_FOOD_006,2026-07-23,96.42404385826845
FMCG_FOOD_006,2026-07-24,98.33602056744778
FMCG_FOOD_006,2026-07-25,158.97059400226365
FMCG_FOOD_006,2026-07-26,154.18514180906791
FMCG_FOOD_006,2026-07-27,109.29743025225592
FMCG_FOOD_006,2026-07-28,97.87067719773836
FMCG_FOOD_006,2026-07-29,111.00520316242616
FMCG_FOOD_006,2026-07-30,116.43566779776859
FMCG_FOOD_006,2026-07-31,105.09098233200591
FMCG_FOOD_006,2026-08-01,162.0294515093918
FMCG_FOOD_006,2026-08-02,162.51889298554363
FMCG_FOOD_006,2026-08-03,101.23174719460464
FMCG_FOOD_006,2026-08-04,110.65127522013881
FMCG_FOOD_006,2026-08-05,86.1646204326507
FMCG_FOOD_006,2026-08-06,82.85087108310366
FMCG_FOOD_006,2026-08-07,103.33353910330774
FMCG_FOOD_006,2026-08-08,164.06115253873844
FMCG_FOOD_006,2026-08-09,157.96003602681154
FMCG_FOOD_006,2026-08-10,113.13910057211673
FMCG_FOOD_006,2026-08-11,96.34489985240685
FMCG_FOOD_006,2026-08-12,114.63070277982072
FMCG_FOOD_006,2026-08-13,121.27066974540374
FMCG_FOOD_006,2026-08-14,101.19122852031884
FMCG_FOOD_006,2026-08-15,166.3076892250877
FMCG_FOOD_006,2026-08-16,159.948519330322
FMCG_FOOD_006,2026-08-17,111.54401274094177
FMCG_FOOD_006,2026-08-18,122.00326063029948
FMCG_FOOD_006,2026-08-19,110.84753847662759
FMCG_FOOD_006,2026-08-20,114.80064645267406
FMCG_FOOD_006,2026-08-21,97.31151162173676
FMCG_FOOD_006,2026-08-22,167.03267483778922
FMCG_FOOD_006,2026-08-23,174.80706221243094
FMCG_FOOD_006,2026-08-24,100.71554458065498
FMCG_FOOD_006,2026-08-25,106.08969863286089
FMCG_FOOD_006,2026-08-26,115.01930171775086
FMCG_FOOD_006,2026-08-27,113.09572191185957
FMCG_FOOD_006,2026-08-28,97.5203685596351
FMCG_FOOD_007,2026-04-01,112.49561945024287
FMCG_FOOD_007,2026-04-02,115.1717688294601
FMCG_FOOD_007,2026-04-03,99.18228234349233
FMCG_FOOD_007,2026-04-04,178.30945656766238
FMCG_FOOD_007,2026-04-05,183.8524099120261
FMCG_FOOD_007,2026-04-06,106.69489013064995
FMCG_FOOD_007,2026-04-07,129.32057031395746
FMCG_FOOD_007,2026-04-08,108.52149159356843
FMCG_FOOD_007,2026-04-09,120.40640806484149
FMCG_FOOD_007,2026-04-10,111.4851942376676
FMCG_FOOD_007,2026-04-11,178.9650804015685
FMCG_FOOD_007,2026-04-12,154.96674473630796
FMCG_FOOD_007,2026-04-13,112.77027499890438
FMCG_FOOD_007,2026-04-14,101.08576641654726
FMCG_FOOD_007,2026-04-15,100.04353812817874
FMCG_FOOD_007,2026-04-16,127.91190407378598
FMCG_FOOD_007,2026-04-17,107.11265834573287
FMCG_FOOD_007,2026-04-18,163.0146704085622
FMCG_FOOD_007,2026-04-19,170.05729157923506
FMCG_FOOD_007,2026-04-20,95.93518255053552
FMCG_FOOD_007,2026-04-21,125.3425638097001
FMCG_FOOD_007,2026-04-22,102.7062160374183
FMCG_FOOD_007,2026-04-23,115.96350929319726
FMCG_FOOD_007,2026-04-24,124.96034184205048
FMCG_FOOD_007,2026-04-25,169.44836631100242
FMCG_FOOD_007,2026-04-26,180.64264002531883
FMCG_FOOD_007,2026-04-27,99.87807921252261
FMCG_FOOD_007,2026-04-28,137.21973438951642
FMCG_FOOD_007,2026-04-29,121.21926744039786
FMCG_FOOD_007,2026-04-30,109.28911110525937
FMCG_FOOD_007,2026-05-01,103.23067907948808
FMCG_FOOD_007,2026-05-02,174.630236884616
FMCG_FOOD_007,2026-05-03,172.36217417083878
FMCG_FOOD_007,2026-05-04,132.84650672779472
FMCG_FOOD_007,2026-05-05,98.98677847230054
FMCG_FOOD_007,2026-05-06,113.69237522920518
FMCG_FOOD_007,2026-05-07,112.20378268701931
FMCG_FOOD_007,2026-05-08,111.29370978630989
FMCG_FOOD_007,2026-05-09,175.73780179215973
FMCG_FOOD_007,2026-05-10,175.80804233171085
FMCG_FOOD_007,2026-05-11,122.34180690975347
FMCG_FOOD_007,2026-05-12,119.66613357746907
FMCG_FOOD_007,2026-05-13,117.78235424168881
FMCG_FOOD_007,2026-05-14,80.98631382504561
FMCG_FOOD_007,2026-05-15,116.80780515354584
FMCG_FOOD_007,2026-05-16,160.23465884618014
FMCG_FOOD_007,2026-05-17,185.01562574555336
FMCG_FOOD_007,2026-05-18,129.8271218330045
FMCG_FOOD_007,2026-05-19,104.2892414953025
FMCG_FOOD_007,2026-05-20,111.54894627093303
FMCG_FOOD_007,2026-05-21,108.08689395593294
FMCG_FOOD_007,2026-05-22,127.86912000059777
FMCG_FOOD_007,2026-05-23,180.01679837241122
FMCG_FOOD_007,2026-05-24,197.6431243720598
FMCG_FOOD_007,2026-05-25,119.52716997153703
FMCG_FOOD_007,2026-05-26,117.84421693280326
FMCG_FOOD_007,2026-05-27,116.12981257385036
FMCG_FOOD_007,2026-05-28,124.3025154620535
FMCG_FOOD_007,2026-05-29,97.10675767877483
FMCG_FOOD_007,2026-05-30,180.96318032406947
FMCG_FOOD_007,2026-05-31,179.4505030521108
FMCG_FOOD_007,2026-06-01,123.9119814505881
FMCG_FOOD_007,2026-06-02,114.2915928171478
FMCG_FOOD_007,2026-06-03,105.33554155445944
FMCG_FOOD_007,2026-06-04,116.67865222164077
FMCG_FOOD_007,2026-06-05,105.16360634110873
FMCG_FOOD_007,2026-06-06,160.49969432531392
FMCG_FOOD_007,2026-06-07,189.0302105518948
FMCG_FOOD_007,2026-06-08,123.39595882783298
FMCG_FOOD_007,2026-06-09,122.34787310073125
FMCG_FOOD_007,2026-06-10,131.44133411482017
FMCG_FOOD_007,2026-06-11,110.534158773748
FMCG_FOOD_007,2026-06-12,102.48707867234756
FMCG_FOOD_007,2026-06-13,181.40068138815394
FMCG_FOOD_007,2026-06-14,178.58174679314678
FMCG_FOOD_007,2026-06-15,109.23743583056026
FMCG_FOOD_007,2026-06-16,117.5456140576806
FMCG_FOOD_007,2026-06-17,112.00582493561095
FMCG_FOOD_007,2026-06-18,99.05474346808191
FMCG_FOOD_007,2026-06-19,114.12940940850676
FMCG_FOOD_007,2026-06-20,171.04078571626874
FMCG_FOOD_007,2026-06-21,185.82863436623688
FMCG_FOOD_007,2026-06-22,112.28042808682498
FMCG_FOOD_007,2026-06-23,131.34445677330925
FMCG_FOOD_007,2026-06-24,136.76136691976615
FMCG_FOOD_007,2026-06-25,127.0193806912274
FMCG_FOOD_007,2026-06-26,103.30401985277848
FMCG_FOOD_007,2026-06-27,200.35559718800576
FMCG_FOOD_007,2026-06-28,201.2602088189993
FMCG_FOOD_007,2026-06-29,120.55105847099496
FMCG_FOOD_007,2026-06-30,134.65530991559018
FMCG_FOOD_007,2026-07-01,114.74707602290054
FMCG_FOOD_007,2026-07-02,100.83116849710939
FMCG_FOOD_007,2026-07-03,112.81495650674896
FMCG_FOOD_007,2026-07-04,203.8035192666789
FMCG_FOOD_007,2026-07-05,169.49544481735725
FMCG_FOOD_007,2026-07-06,121.394877716667
FMCG_FOOD_007,2026-07-07,121.91533965874027
FMCG_FOOD_007,2026-07-08,116.21117558954441
FMCG_FOOD_007,2026-07-09,117.10431888174287
FMCG_FOOD_007,2026-07-10,122.77306573632737
FMCG_FOOD_007,2026-07-11,180.33486294129844
FMCG_FOOD_007,2026-07-12,171.28397408030315
FMCG_FOOD_007,2026-07-13,124.75084178949498
FMCG_FOOD_007,2026-07-14,134.0850224321612
FMCG_FOOD_007,2026-07-15,132.0544259495916
FMCG_FOOD_007,2026-07-16,114.23583049892902
FMCG_FOOD_007,2026-07-17,109.66186130545887
FMCG_FOOD_007,2026-07-18,184.35918966094388
FMCG_FOOD_007,2026-07-19,204.32536915481361
FMCG_FOOD_007,2026-07-20,130.40789944486713
FMCG_FOOD_007,2026-07-21,131.18242204169832
FMCG_FOOD_007,2026-07-22,133.3214693841048
FMCG_FOOD_007,2026-07-23,128.45220221894888
FMCG_FOOD_007,2026-07-24,125.39051145946529
FMCG_FOOD_007,2026-07-25,195.53668379413327
FMCG_FOOD_007,2026-07-26,182.75602268486722
FMCG_FOOD_007,2026-07-27,109.41524577838037
FMCG_FOOD_007,2026-07-28,132.43606720048027
FMCG_FOOD_007,2026-07-29,138.0937977315167
FMCG_FOOD_007,2026-07-30,113.03491824889046
FMCG_FOOD_007,2026-07-31,133.94455986185014
FMCG_FOOD_007,2026-08-01,207.48419313325365
FMCG_FOOD_007,2026-08-02,189.6259656411988
FMCG_FOOD_007,2026-08-03,116.8473766232633
FMCG_FOOD_007,2026-08-04,127.06629980673628
FMCG_FOOD_007,2026-08-05,120.0092865402525
FMCG_FOOD_007,2026-08-06,119.4509878234665
FMCG_FOOD_007,2026-08-07,130.8350695198055
FMCG_FOOD_007,2026-08-08,173.39009461718013
FMCG_FOOD_007,2026-08-09,175.24996052933318
FMCG_FOOD_007,2026-08-10,126.85641242000119
FMCG_FOOD_007,2026-08-11,126.56129863363698
FMCG_FOOD_007,2026-08-12,130.62603397432733
FMCG_FOOD_007,2026-08-13,147.16491165677226
FMCG_FOOD_007,2026-08-14,128.36830018601128
FMCG_FOOD_007,2026-08-15,198.00044200858233
FMCG_FOOD_007,2026-08-16,181.31179758892347
FMCG_FOOD_007,2026-08-17,135.91693299962697
FMCG_FOOD_007,2026-08-18,122.21761774331574
FMCG_FOOD_007,2026-08-19,128.7642029086177
FMCG_FOOD_007,2026-08-20,126.98531971175997
FMCG_FOOD_007,2026-08-21,139.35282431358013
FMCG_FOOD_007,2026-08-22,178.6332508681875
FMCG_FOOD_007,2026-08-23,168.36934660961907
FMCG_FOOD_007,2026-08-24,126.46627014115921
FMCG_FOOD_007,2026-08-25,133.91328444888484
FMCG_FOOD_007,2026-08-26,130.67928232114025
FMCG_FOOD_007,2026-08-27,142.38458534032884
FMCG_FOOD_007,2026-08-28,134.02988761372245
FMCG_FOOD_008,2026-04-01,74.21896163029635
FMCG_FOOD_008,2026-04-02,59.78332944880934
FMCG_FOOD_008,2026-04-03,64.43809262697911
FMCG_FOOD_008,2026-04-04,108.8977993622129
FMCG_FOOD_008,2026-04-05,121.62896855082937
FMCG_FOOD_008,2026-04-06,65.07153533143286
FMCG_FOOD_008,2026-04-07,66.10001470979205
FMCG_FOOD_008,2026-04-08,78.41549241882802
FMCG_FOOD_008,2026-04-09,72.64195955523665
FMCG_FOOD_008,2026-04-10,82.97305061320841
FMCG_FOOD_008,2026-04-11,116.02474386972342
FMCG_FOOD_008,2026-04-12,107.87175673876445
FMCG_FOOD_008,2026-04-13,66.86868299104145
FMCG_FOOD_008,2026-04-14,63.42521752465863
FMCG_FOOD_008,2026-04-15,60.35633527627429
FMCG_FOOD_008,2026-04-16,71.53346468731722
FMCG_FOOD_008,2026-04-17,73.6005258961413
FMCG_FOOD_008,2026-04-18,114.75758800593655
FMCG_FOOD_008,2026-04-19,109.07270220476026
FMCG_FOOD_008,2026-04-20,82.78176850445142
FMCG_FOOD_008,2026-04-21,60.898418375180825
FMCG_FOOD_008,2026-04-22,60.28981539603772
FMCG_FOOD_008,2026-04-23,64.80853531656642
FMCG_FOOD_008,2026-04-24,70.48989193318381
FMCG_FOOD_008,2026-04-25,103.44932208317942
FMCG_FOOD_008,2026-04-26,119.97449037610777
FMCG_FOOD_008,2026-04-27,65.94893186540781
FMCG_FOOD_008,2026-04-28,64.90248326469379
FMCG_FOOD_008,2026-04-29,78.26902880600665
FMCG_FOOD_008,2026-04-30,72.73981989202962
FMCG_FOOD_008,2026-05-01,76.75749837022133
FMCG_FOOD_008,2026-05-02,111.53113520721624
FMCG_FOOD_008,2026-05-03,113.82074687389216
FMCG_FOOD_008,2026-05-04,62.3452186697884
FMCG_FOOD_008,2026-05-05,71.10947025043463
FMCG_FOOD_008,2026-05-06,65.22802366679053
FMCG_FOOD_008,2026-05-07,85.4944229154227
FMCG_FOOD_008,2026-05-08,81.21190340953501
FMCG_FOOD_008,2026-05-09,108.51871127347427
FMCG_FOOD_008,2026-05-10,111.65937755263339
FMCG_FOOD_008,2026-05-11,71.92519196289041
FMCG_FOOD_008,2026-05-12,87.58150899247545
FMCG_FOOD_008,2026-05-13,75.9558686224388
FMCG_FOOD_008,2026-05-14,70.58328707584721
FMCG_FOOD_008,2026-05-15,74.58279068287794
FMCG_FOOD_008,2026-05-16,103.65216072012666
FMCG_FOOD_008,2026-05-17,113.60638882335746
FMCG_FOOD_008,2026-05-18,66.80800963501977
FMCG_FOOD_008,2026-05-19,61.82063763899744
FMCG_FOOD_008,2026-05-20,87.66004663797925
FMCG_FOOD_008,2026-05-21,74.31914690711432
FMCG_FOOD_008,2026-05-22,69.4803700037785
FMCG_FOOD_008,2026-05-23,103.62889889090194
FMCG_FOOD_008,2026-05-24,113.6685230380262
FMCG_FOOD_008,2026-05-25,74.10051643194438
FMCG_FOOD_008,2026-05-26,80.37584634687265
FMCG_FOOD_008,2026-05-27,69.00931081168807
FMCG_FOOD_008,2026-05-28,71.97382045043081
FMCG_FOOD_008,2026-05-29,69.50523672257012
FMCG_FOOD_008,2026-05-30,114.58906517607548
FMCG_FOOD_008,2026-05-31,102.84694045354257
FMCG_FOOD_008,2026-06-01,70.7618541400165
FMCG_FOOD_008,2026-06-02,80.51909862684117
FMCG_FOOD_008,2026-06-03,68.23952080261945
FMCG_FOOD_008,2026-06-04,83.29668950185788
FMCG_FOOD_008,2026-06-05,82.60152360190939
FMCG_FOOD_008,2026-06-06,123.51205693972037
FMCG_FOOD_008,2026-06-07,117.21969495859348
FMCG_FOOD_008,2026-06-08,76.56751867645386
FMCG_FOOD_008,2026-06-09,79.4913822777819
FMCG_FOOD_008,2026-06-10,86.34578796222058
FMCG_FOOD_008,2026-06-11,85.88615663606245
FMCG_FOOD_008,2026-06-12,66.66302367772667
FMCG_FOOD_008,2026-06-13,112.29215841573375
FMCG_FOOD_008,2026-06-14,111.23860452463148
FMCG_FOOD_008,2026-06-15,83.11937895451744
FMCG_FOOD_008,2026-06-16,73.84878884533795
FMCG_FOOD_008,2026-06-17,77.1872824917929
FMCG_FOOD_008,2026-06-18,90.1432552820259
FMCG_FOOD_008,2026-06-19,86.35990258138838
FMCG_FOOD_008,2026-06-20,128.42053291444813
FMCG_FOOD_008,2026-06-21,114.54640793722629
FMCG_FOOD_008,2026-06-22,60.731491637615434
FMCG_FOOD_008,2026-06-23,76.79998449918591
FMCG_FOOD_008,2026-06-24,69.952342748357
FMCG_FOOD_008,2026-06-25,66.72486882148405
FMCG_FOOD_008,2026-06-26,87.46210794072091
FMCG_FOOD_008,2026-06-27,114.27461362472432
FMCG_FOOD_008,2026-06-28,114.99603192143853
FMCG_FOOD_008,2026-06-29,77.89938245078123
FMCG_FOOD_008,2026-06-30,91.53151300956023
FMCG_FOOD_008,2026-07-01,79.56718445325532
FMCG_FOOD_008,2026-07-02,87.17565022773825
FMCG_FOOD_008,2026-07-03,78.83718242104632
FMCG_FOOD_008,2026-07-04,110.71090539486434
FMCG_FOOD_008,2026-07-05,113.47809841032871
FMCG_FOOD_008,2026-07-06,81.37463000533197
FMCG_FOOD_008,2026-07-07,82.27115826207026
FMCG_FOOD_008,2026-07-08,85.33615653934402
FMCG_FOOD_008,2026-07-09,85.48893626519
FMCG_FOOD_008,2026-07-10,88.03109031407803
FMCG_FOOD_008,2026-07-11,117.19668156949223
FMCG_FOOD_008,2026-07-12,134.74236546232612
FMCG_FOOD_008,2026-07-13,95.30567540890152
FMCG_FOOD_008,2026-07-14,79.11241100106021
FMCG_FOOD_008,2026-07-15,77.43074080847607
FMCG_FOOD_008,2026-07-16,70.94177533122037
FMCG_FOOD_008,2026-07-17,84.19495715195082
FMCG_FOOD_008,2026-07-18,126.43132815922932
FMCG_FOOD_008,2026-07-19,119.66851036035568
FMCG_FOOD_008,2026-07-20,85.3945225958688
FMCG_FOOD_008,2026-07-21,74.3516494776755
FMCG_FOOD_008,2026-07-22,90.28341429389496
FMCG_FOOD_008,2026-07-23,80.39244831089752
FMCG_FOOD_008,2026-07-24,86.03468967879886
FMCG_FOOD_008,2026-07-25,125.8580522153017
FMCG_FOOD_008,2026-07-26,111.46503977003209
FMCG_FOOD_008,2026-07-27,90.13801752402755
FMCG_FOOD_008,2026-07-28,79.44422966846022
FMCG_FOOD_008,2026-07-29,86.20678133323537
FMCG_FOOD_008,2026-07-30,75.55380142329172
FMCG_FOOD_008,2026-07-31,81.93817284213256
FMCG_FOOD_008,2026-08-01,127.93376740843739
FMCG_FOOD_008,2026-08-02,118.41867132490414
FMCG_FOOD_008,2026-08-03,78.73567483804543
FMCG_FOOD_008,2026-08-04,86.58795636554525
FMCG_FOOD_008,2026-08-05,84.77765315292436
FMCG_FOOD_008,2026-08-06,88.39034092071984
FMCG_FOOD_008,2026-08-07,83.73569094518223
FMCG_FOOD_008,2026-08-08,130.84804047614335
FMCG_FOOD_008,2026-08-09,122.9013986572717
FMCG_FOOD_008,2026-08-10,90.6503327245522
FMCG_FOOD_008,2026-08-11,80.72456204539284
FMCG_FOOD_008,2026-08-12,82.85636060004146
FMCG_FOOD_008,2026-08-13,91.9954950706236
FMCG_FOOD_008,2026-08-14,83.80364997001112
FMCG_FOOD_008,2026-08-15,119.75275674228787
FMCG_FOOD_008,2026-08-16,139.34177635158693
FMCG_FOOD_008,2026-08-17,87.46460665805833
FMCG_FOOD_008,2026-08-18,91.00872891715946
FMCG_FOOD_008,2026-08-19,72.84406201091824
FMCG_FOOD_008,2026-08-20,97.0731174829263
FMCG_FOOD_008,2026-08-21,106.02974718587225
FMCG_FOOD_008,2026-08-22,136.9726224397469
FMCG_FOOD_008,2026-08-23,138.07750811011866
FMCG_FOOD_008,2026-08-24,86.01124179659153
FMCG_FOOD_008,2026-08-25,90.58721419823564
FMCG_FOOD_008,2026-08-26,92.3201169218833
FMCG_FOOD_008,2026-08-27,84.52601273768505
FMCG_FOOD_008,2026-08-28,88.51880182910169
FMCG_FOOD_009,2026-04-01,146.96587203514173
FMCG_FOOD_009,2026-04-02,155.8459340511954
FMCG_FOOD_009,2026-04-03,142.63752090655402
FMCG_FOOD_009,2026-04-04,225.48273786137963
FMCG_FOOD_009,2026-04-05,213.0601641569509
FMCG_FOOD_009,2026-04-06,161.45699043832406
FMCG_FOOD_009,2026-04-07,155.7917218739702
FMCG_FOOD_009,2026-04-08,151.44601944117332
FMCG_FOOD_009,2026-04-09,133.2346240766582
FMCG_FOOD_009,2026-04-10,171.44044340125882
FMCG_FOOD_009,2026-04-11,241.4775016437646
FMCG_FOOD_009,2026-04-12,250.52304356902377
FMCG_FOOD_009,2026-04-13,150.7554911639479
FMCG_FOOD_009,2026-04-14,134.71761894674566
FMCG_FOOD_009,2026-04-15,165.88730178165835
FMCG_FOOD_009,2026-04-16,157.96644982337614
FMCG_FOOD_009,2026-04-17,148.69699138853906
FMCG_FOOD_009,2026-04-18,247.411690932434
FMCG_FOOD_009,2026-04-19,253.28139877955715
FMCG_FOOD_009,2026-04-20,161.6870702489956
FMCG_FOOD_009,2026-04-21,126.50123934570317
FMCG_FOOD_009,2026-04-22,129.94599340675518
FMCG_FOOD_009,2026-04-23,163.2194520321129
FMCG_FOOD_009,2026-04-24,142.07781030828338
FMCG_FOOD_009,2026-04-25,226.37567228322644
FMCG_FOOD_009,2026-04-26,247.69435302321617
FMCG_FOOD_009,2026-04-27,136.82373578359994
FMCG_FOOD_009,2026-04-28,145.91079592884654
FMCG_FOOD_009,2026-04-29,165.89882075782856
FMCG_FOOD_009,2026-04-30,130.7892869033841
FMCG_FOOD_009,2026-05-01,133.11286998053473
FMCG_FOOD_009,2026-05-02,219.04615316247302
FMCG_FOOD_009,2026-05-03,230.36864402279943
FMCG_FOOD_009,2026-05-04,155.18245706198968
FMCG_FOOD_009,2026-05-05,144.8800598243019
FMCG_FOOD_009,2026-05-06,176.64990105845382
FMCG_FOOD_009,2026-05-07,161.1841153055229
FMCG_FOOD_009,2026-05-08,154.26961102680661
FMCG_FOOD_009,2026-05-09,262.98439335764755
FMCG_FOOD_009,2026-05-10,224.42097558310758
FMCG_FOOD_009,2026-05-11,167.91191570435927
FMCG_FOOD_009,2026-05-12,151.6297463142873
FMCG_FOOD_009,2026-05-13,148.51569260488654
FMCG_FOOD_009,2026-05-14,164.5549616870858
FMCG_FOOD_009,2026-05-15,149.4536221450315
FMCG_FOOD_009,2026-05-16,247.86036269664496
FMCG_FOOD_009,2026-05-17,243.81132823113106
FMCG_FOOD_009,2026-05-18,160.6161314240948
FMCG_FOOD_009,2026-05-19,148.64450159988627
FMCG_FOOD_009,2026-05-20,170.15875916278063
FMCG_FOOD_009,2026-05-21,126.04173434387928
FMCG_FOOD_009,2026-05-22,166.1992990718009
FMCG_FOOD_009,2026-05-23,218.02052783709686
FMCG_FOOD_009,2026-05-24,235.12362193936326
FMCG_FOOD_009,2026-05-25,164.8831499238352
FMCG_FOOD_009,2026-05-26,127.24632339157414
FMCG_FOOD_009,2026-05-27,159.88056309626424
FMCG_FOOD_009,2026-05-28,137.11694685186916
FMCG_FOOD_009,2026-05-29,143.26085926922667
FMCG_FOOD_009,2026-05-30,232.1254000371808
FMCG_FOOD_009,2026-05-31,227.3843367760479
FMCG_FOOD_009,2026-06-01,132.37880500163018
FMCG_FOOD_009,2026-06-02,189.16069316094558
FMCG_FOOD_009,2026-06-03,155.73117494049777
FMCG_FOOD_009,2026-06-04,140.1624055437373
FMCG_FOOD_009,2026-06-05,150.37435334700376
FMCG_FOOD_009,2026-06-06,248.8462493230324
FMCG_FOOD_009,2026-06-07,242.80744744321413
FMCG_FOOD_009,2026-06-08,140.32405756342186
FMCG_FOOD_009,2026-06-09,145.95144795934948
FMCG_FOOD_009,2026-06-10,177.1671745028783
FMCG_FOOD_009,2026-06-11,138.74957694520384
FMCG_FOOD_009,2026-06-12,130.0451338049976
FMCG_FOOD_009,2026-06-13,243.56947328107404
FMCG_FOOD_009,2026-06-14,220.71742593592143
FMCG_FOOD_009,2026-06-15,146.69437627527736
FMCG_FOOD_009,2026-06-16,141.7461357436448
FMCG_FOOD_009,2026-06-17,142.02648924216194
FMCG_FOOD_009,2026-06-18,161.73599378713985
FMCG_FOOD_009,2026-06-19,164.68014884769363
FMCG_FOOD_009,2026-06-20,238.39206553332278
FMCG_FOOD_009,2026-06-21,249.14370597534804
FMCG_FOOD_009,2026-06-22,148.54976254217007
FMCG_FOOD_009,2026-06-23,167.42249569879615
FMCG_FOOD_009,2026-06-24,139.58281101894593
FMCG_FOOD_009,2026-06-25,164.21208564206893
FMCG_FOOD_009,2026-06-26,165.49210088301274
FMCG_FOOD_009,2026-06-27,286.25608963080776
FMCG_FOOD_009,2026-06-28,225.45879791046522
FMCG_FOOD_009,2026-06-29,201.9208306887987
FMCG_FOOD_009,2026-06-30,173.774600697771
FMCG_FOOD_009,2026-07-01,189.87698912149597
FMCG_FOOD_009,2026-07-02,176.28845057485862
FMCG_FOOD_009,2026-07-03,148.8912508854779
FMCG_FOOD_009,2026-07-04,262.30181609668625
FMCG_FOOD_009,2026-07-05,242.7317741821207
FMCG_FOOD_009,2026-07-06,162.08664433219005
FMCG_FOOD_009,2026-07-07,146.04719210007698
FMCG_FOOD_009,2026-07-08,153.58740484904934
FMCG_FOOD_009,2026-07-09,177.21495042075347
FMCG_FOOD_009,2026-07-10,170.52555195204945
FMCG_FOOD_009,2026-07-11,268.8110304855156
FMCG_FOOD_009,2026-07-12,232.87260116297898
FMCG_FOOD_009,2026-07-13,136.5804307475026
FMCG_FOOD_009,2026-07-14,181.01556411131978
FMCG_FOOD_009,2026-07-15,180.06232575835045
FMCG_FOOD_009,2026-07-16,168.0519079348465
FMCG_FOOD_009,2026-07-17,171.29646216639028
FMCG_FOOD_009,2026-07-18,267.48906836244987
FMCG_FOOD_009,2026-07-19,257.4547089795634
FMCG_FOOD_009,2026-07-20,173.49634199672585
FMCG_FOOD_009,2026-07-21,177.79085853169678
FMCG_FOOD_009,2026-07-22,164.4066340043633
FMCG_FOOD_009,2026-07-23,160.80063613795025
FMCG_FOOD_009,2026-07-24,171.79259023281713
FMCG_FOOD_009,2026-07-25,289.3927490582917
FMCG_FOOD_009,2026-07-26,243.16951373045362
FMCG_FOOD_009,2026-07-27,160.1319716345676
FMCG_FOOD_009,2026-07-28,140.52948047487013
FMCG_FOOD_009,2026-07-29,173.32857061415243
FMCG_FOOD_009,2026-07-30,159.10398650301192
FMCG_FOOD_009,2026-07-31,146.28504806271008
FMCG_FOOD_009,2026-08-01,255.75250177002002
FMCG_FOOD_009,2026-08-02,279.1200103192491
FMCG_FOOD_009,2026-08-03,162.3548128791622
FMCG_FOOD_009,2026-08-04,163.8683408942586
FMCG_FOOD_009,2026-08-05,189.59003323072076
FMCG_FOOD_009,2026-08-06,167.9753777520251
FMCG_FOOD_009,2026-08-07,150.2061594792693
FMCG_FOOD_009,2026-08-08,268.0160879215023
FMCG_FOOD_009,2026-08-09,274.65644009137503
FMCG_FOOD_009,2026-08-10,165.6644097619117
FMCG_FOOD_009,2026-08-11,170.744345993759
FMCG_FOOD_009,2026-08-12,149.4133012805989
FMCG_FOOD_009,2026-08-13,156.12824883012993
FMCG_FOOD_009,2026-08-14,164.2877098669178
FMCG_FOOD_009,2026-08-15,259.9462660175602
FMCG_FOOD_009,2026-08-16,249.7157588340122
FMCG_FOOD_009,2026-08-17,164.17538895584454
FMCG_FOOD_009,2026-08-18,168.00512531156727
FMCG_FOOD_009,2026-08-19,155.1294184657581
FMCG_FOOD_009,2026-08-20,166.1448666278845
FMCG_FOOD_009,2026-08-21,187.52350549653895
FMCG_FOOD_009,2026-08-22,250.96926629216213
FMCG_FOOD_009,2026-08-23,246.5761289217444
FMCG_FOOD_009,2026-08-24,201.81835447302777
FMCG_FOOD_009,2026-08-25,174.2614771266168
FMCG_FOOD_009,2026-08-26,159.53470900057323
FMCG_FOOD_009,2026-08-27,180.7881579952981
FMCG_FOOD_009,2026-08-28,175.1659979515537
FMCG_FOOD_010,2026-04-01,74.71781532993785
FMCG_FOOD_010,2026-04-02,73.56250602333365
FMCG_FOOD_010,2026-04-03,84.67595470903643
FMCG_FOOD_010,2026-04-04,122.08483483928862
FMCG_FOOD_010,2026-04-05,112.36043137727809
FMCG_FOOD_010,2026-04-06,73.12319352417634
FMCG_FOOD_010,2026-04-07,73.34593886891848
FMCG_FOOD_010,2026-04-08,74.63633288016405
FMCG_FOOD_010,2026-04-09,92.62891771923472
FMCG_FOOD_010,2026-04-10,77.05721881679027
FMCG_FOOD_010,2026-04-11,103.43791123823515
FMCG_FOOD_010,2026-04-12,114.48756750646618
FMCG_FOOD_010,2026-04-13,60.693683761280596
FMCG_FOOD_010,2026-04-14,72.54247272356537
FMCG_FOOD_010,2026-04-15,60.59263532299707
FMCG_FOOD_010,2026-04-16,68.88738956120048
FMCG_FOOD_010,2026-04-17,64.29873283367093
FMCG_FOOD_010,2026-04-18,122.1543692991626
FMCG_FOOD_010,2026-04-19,119.50393734719083
FMCG_FOOD_010,2026-04-20,78.06162484474073
FMCG_FOOD_010,2026-04-21,75.23677486344975
FMCG_FOOD_010,2026-04-22,65.97162642350776
FMCG_FOOD_010,2026-04-23,80.04870599555957
FMCG_FOOD_010,2026-04-24,90.48223928996701
FMCG_FOOD_010,2026-04-25,123.3872518238278
FMCG_FOOD_010,2026-04-26,117.44075042498179
FMCG_FOOD_010,2026-04-27,66.47510961443025
FMCG_FOOD_010,2026-04-28,70.42111111345226
FMCG_FOOD_010,2026-04-29,80.50718949297604
FMCG_FOOD_010,2026-04-30,85.18376159563543
FMCG_FOOD_010,2026-05-01,79.40432307547043
FMCG_FOOD_010,2026-05-02,127.2891772148537
FMCG_FOOD_010,2026-05-03,126.76605118139888
FMCG_FOOD_010,2026-05-04,81.6477010571172
FMCG_FOOD_010,2026-05-05,73.29314275459282
FMCG_FOOD_010,2026-05-06,79.51964163741862
FMCG_FOOD_010,2026-05-07,72.2068420316604
FMCG_FOOD_010,2026-05-08,78.67723135659413
FMCG_FOOD_010,2026-05-09,124.91530377678848
FMCG_FOOD_010,2026-05-10,134.90512179392405
FMCG_FOOD_010,2026-05-11,69.43895658711628
FMCG_FOOD_010,2026-05-12,82.66500570623654
FMCG_FOOD_010,2026-05-13,90.11302711885224
FMCG_FOOD_010,2026-05-14,84.98958869062322
FMCG_FOOD_010,2026-05-15,85.6805017326228
FMCG_FOOD_010,2026-05-16,127.84017278363504
FMCG_FOOD_010,2026-05-17,133.17784177536055
FMCG_FOOD_010,2026-05-18,72.1114093727797
FMCG_FOOD_010,2026-05-19,70.08273533841721
FMCG_FOOD_010,2026-05-20,80.30376077460363
FMCG_FOOD_010,2026-05-21,64.72351664392652
FMCG_FOOD_010,2026-05-22,89.63371437049949
FMCG_FOOD_010,2026-05-23,133.51122092711674
FMCG_FOOD_010,2026-05-24,121.58654094788297
FMCG_FOOD_010,2026-05-25,78.39337464437827
FMCG_FOOD_010,2026-05-26,80.7218634314001
FMCG_FOOD_010,2026-05-27,81.77975074820922
FMCG_FOOD_010,2026-05-28,82.47836961011828
FMCG_FOOD_010,2026-05-29,85.77509438021161
FMCG_FOOD_010,2026-05-30,124.38982762303812
FMCG_FOOD_010,2026-05-31,132.68531111538792
FMCG_FOOD_010,2026-06-01,85.40541877301472
FMCG_FOOD_010,2026-06-02,77.86916684512975
FMCG_FOOD_010,2026-06-03,92.19632247496992
FMCG_FOOD_010,2026-06-04,72.68472400130584
FMCG_FOOD_010,2026-06-05,82.07718958100322
FMCG_FOOD_010,2026-06-06,133.75849702785092
FMCG_FOOD_010,2026-06-07,121.57156633414135
FMCG_FOOD_010,2026-06-08,85.45975622140021
FMCG_FOOD_010,2026-06-09,87.31637905809305
FMCG_FOOD_010,2026-06-10,77.21817576373695
FMCG_FOOD_010,2026-06-11,83.12091264696355
FMCG_FOOD_010,2026-06-12,82.65752203947277
FMCG_FOOD_010,2026-06-13,123.72231368162427
FMCG_FOOD_010,2026-06-14,144.70222641997066
FMCG_FOOD_010,2026-06-15,78.67932361984802
FMCG_FOOD_010,2026-06-16,91.73599114669555
FMCG_FOOD_010,2026-06-17,81.68255257676766
FMCG_FOOD_010,2026-06-18,76.76755582113745
FMCG_FOOD_010,2026-06-19,85.600543975032
FMCG_FOOD_010,2026-06-20,133.53838170602876
FMCG_FOOD_010,2026-06-21,135.66971989797946
FMCG_FOOD_010,2026-06-22,96.70453530778201
FMCG_FOOD_010,2026-06-23,106.95029791652624
FMCG_FOOD_010,2026-06-24,87.42875368741585
FMCG_FOOD_010,2026-06-25,80.90942713107466
FMCG_FOOD_010,2026-06-26,89.20598258560271
FMCG_FOOD_010,2026-06-27,127.90664546203263
FMCG_FOOD_010,2026-06-28,136.75955274792128
FMCG_FOOD_010,2026-06-29,76.88070063653022
FMCG_FOOD_010,2026-06-30,103.7888421595232
FMCG_FOOD_010,2026-07-01,92.89915109186126
FMCG_FOOD_010,2026-07-02,74.506770670088
FMCG_FOOD_010,2026-07-03,81.7740890131007
FMCG_FOOD_010,2026-07-04,136.85739162203177
FMCG_FOOD_010,2026-07-05,139.63731161005163
FMCG_FOOD_010,2026-07-06,78.11266532120668
FMCG_FOOD_010,2026-07-07,92.75508870816053
FMCG_FOOD_010,2026-07-08,73.48441892956797
FMCG_FOOD_010,2026-07-09,87.19784818206136
FMCG_FOOD_010,2026-07-10,96.1179419473534
FMCG_FOOD_010,2026-07-11,127.92393517024826
FMCG_FOOD_010,2026-07-12,121.09946721629252
FMCG_FOOD_010,2026-07-13,89.51736801355618
FMCG_FOOD_010,2026-07-14,84.185552273561
FMCG_FOOD_010,2026-07-15,93.3457760722806
FMCG_FOOD_010,2026-07-16,82.43711704480816
FMCG_FOOD_010,2026-07-17,83.40975070553236
FMCG_FOOD_010,2026-07-18,118.24668305760342
FMCG_FOOD_010,2026-07-19,134.39059639067582
FMCG_FOOD_010,2026-07-20,88.32539395058083
FMCG_FOOD_010,2026-07-21,80.97479190359749
FMCG_FOOD_010,2026-07-22,91.21473061049977
FMCG_FOOD_010,2026-07-23,97.44761319470221
FMCG_FOOD_010,2026-07-24,88.52635401304165
FMCG_FOOD_010,2026-07-25,136.0076187337004
FMCG_FOOD_010,2026-07-26,136.19517212197172
FMCG_FOOD_010,2026-07-27,81.75839226159358
FMCG_FOOD_010,2026-07-28,105.71307649116545
FMCG_FOOD_010,2026-07-29,87.41279624010733
FMCG_FOOD_010,2026-07-30,95.78964827357997
FMCG_FOOD_010,2026-07-31,96.76527152377207
FMCG_FOOD_010,2026-08-01,134.08095557205505
FMCG_FOOD_010,2026-08-02,139.67960368293532
FMCG_FOOD_010,2026-08-03,93.39448031925963
FMCG_FOOD_010,2026-08-04,81.40122977223993
FMCG_FOOD_010,2026-08-05,89.47440928087435
FMCG_FOOD_010,2026-08-06,87.57837841281534
FMCG_FOOD_010,2026-08-07,88.82926119817327
FMCG_FOOD_010,2026-08-08,126.63077680179255
FMCG_FOOD_010,2026-08-09,144.52296613224604
FMCG_FOOD_010,2026-08-10,104.34454637867792
FMCG_FOOD_010,2026-08-11,99.93942172478839
FMCG_FOOD_010,2026-08-12,102.22486333627415
FMCG_FOOD_010,2026-08-13,90.58416568984046
FMCG_FOOD_010,2026-08-14,88.60532510460193
FMCG_FOOD_010,2026-08-15,131.51631455827453
FMCG_FOOD_010,2026-08-16,142.05167393758774
FMCG_FOOD_010,2026-08-17,95.3575602879523
FMCG_FOOD_010,2026-08-18,93.28628150533149
FMCG_FOOD_010,2026-08-19,103.454584372626
FMCG_FOOD_010,2026-08-20,97.106071882852
FMCG_FOOD_010,2026-08-21,88.17779924609972
FMCG_FOOD_010,2026-08-22,133.27936554730942
FMCG_FOOD_010,2026-08-23,143.37855108455526
FMCG_FOOD_010,2026-08-24,102.35464982437855
FMCG_FOOD_010,2026-08-25,98.92726569546858
FMCG_FOOD_010,2026-08-26,108.89728785946619
FMCG_FOOD_010,2026-08-27,107.13555230983937
FMCG_FOOD_010,2026-08-28,98.56956159441056
FMCG_FOOD_011,2026-04-01,77.71319815574647
FMCG_FOOD_011,2026-04-02,119.10421006787197
FMCG_FOOD_011,2026-04-03,76.45053618976505
FMCG_FOOD_011,2026-04-04,147.84088864323184
FMCG_FOOD_011,2026-04-05,143.07352983867378
FMCG_FOOD_011,2026-04-06,103.18049140346851
FMCG_FOOD_011,2026-04-07,100.71802952468391
FMCG_FOOD_011,2026-04-08,108.99919194262735
FMCG_FOOD_011,2026-04-09,100.31535718365815
FMCG_FOOD_011,2026-04-10,113.60100292467936
FMCG_FOOD_011,2026-04-11,152.1730674646913
FMCG_FOOD_011,2026-04-12,174.13162811268393
FMCG_FOOD_011,2026-04-13,101.4925932663922
FMCG_FOOD_011,2026-04-14,125.50860200648084
FMCG_FOOD_011,2026-04-15,110.81907009961712
FMCG_FOOD_011,2026-04-16,99.21338330478424
FMCG_FOOD_011,2026-04-17,102.05927041530722
FMCG_FOOD_011,2026-04-18,152.45884115584374
FMCG_FOOD_011,2026-04-19,166.29360163021767
FMCG_FOOD_011,2026-04-20,99.80803819618804
FMCG_FOOD_011,2026-04-21,110.24168288359027
FMCG_FOOD_011,2026-04-22,89.77000842419574
FMCG_FOOD_011,2026-04-23,100.0032720436096
FMCG_FOOD_011,2026-04-24,91.85478853985336
FMCG_FOOD_011,2026-04-25,152.62658576176182
FMCG_FOOD_011,2026-04-26,169.81050167265724
FMCG_FOOD_011,2026-04-27,115.14506338167284
FMCG_FOOD_011,2026-04-28,80.72454658747124
FMCG_FOOD_011,2026-04-29,122.81874531428409
FMCG_FOOD_011,2026-04-30,118.39087143715304
FMCG_FOOD_011,2026-05-01,91.03324277263326
FMCG_FOOD_011,2026-05-02,172.91843527492847
FMCG_FOOD_011,2026-05-03,160.19814008175425
FMCG_FOOD_011,2026-05-04,103.96899433069602
FMCG_FOOD_011,2026-05-05,111.12054557634578
FMCG_FOOD_011,2026-05-06,110.04995852139021
FMCG_FOOD_011,2026-05-07,99.67003808732952
FMCG_FOOD_011,2026-05-08,99.77767693233287
FMCG_FOOD_011,2026-05-09,160.51773495892837
FMCG_FOOD_011,2026-05-10,177.2782757841646
FMCG_FOOD_011,2026-05-11,87.38183828536505
FMCG_FOOD_011,2026-05-12,104.5308594609495
FMCG_FOOD_011,2026-05-13,122.02546904861055
FMCG_FOOD_011,2026-05-14,113.48703550908141
FMCG_FOOD_011,2026-05-15,117.10964055166366
FMCG_FOOD_011,2026-05-16,165.26941387761178
FMCG_FOOD_011,2026-05-17,155.26436820273955
FMCG_FOOD_011,2026-05-18,107.60687557070564
FMCG_FOOD_011,2026-05-19,100.31064460832421
FMCG_FOOD_011,2026-05-20,129.65686512728576
FMCG_FOOD_011,2026-05-21,105.91823174392621
FMCG_FOOD_011,2026-05-22,114.02458993104977
FMCG_FOOD_011,2026-05-23,184.82392035147942
FMCG_FOOD_011,2026-05-24,156.98250817333454
FMCG_FOOD_011,2026-05-25,85.30270194863951
FMCG_FOOD_011,2026-05-26,113.15013749413109
FMCG_FOOD_011,2026-05-27,115.18327395783629
FMCG_FOOD_011,2026-05-28,104.40903198992827
FMCG_FOOD_011,2026-05-29,97.13746768856873
FMCG_FOOD_011,2026-05-30,171.9481910557093
FMCG_FOOD_011,2026-05-31,168.76253337722895
FMCG_FOOD_011,2026-06-01,112.37201430832292
FMCG_FOOD_011,2026-06-02,97.97044136778607
FMCG_FOOD_011,2026-06-03,112.697955865046
FMCG_FOOD_011,2026-06-04,117.79535364812456
FMCG_FOOD_011,2026-06-05,94.69111911015078
FMCG_FOOD_011,2026-06-06,184.50416608664557
FMCG_FOOD_011,2026-06-07,172.5949277421769
FMCG_FOOD_011,2026-06-08,118.70944485915064
FMCG_FOOD_011,2026-06-09,97.56069371267458
FMCG_FOOD_011,2026-06-10,117.32584988377488
FMCG_FOOD_011,2026-06-11,94.20358231295356
FMCG_FOOD_011,2026-06-12,101.31753373334915
FMCG_FOOD_011,2026-06-13,173.58367428502712
FMCG_FOOD_011,2026-06-14,168.34049834607634
FMCG_FOOD_011,2026-06-15,111.52497168772229
FMCG_FOOD_011,2026-06-16,130.6738684337112
FMCG_FOOD_011,2026-06-17,111.66814317322594
FMCG_FOOD_011,2026-06-18,118.79701718877587
FMCG_FOOD_011,2026-06-19,111.18234071204108
FMCG_FOOD_011,2026-06-20,171.0361529683231
FMCG_FOOD_011,2026-06-21,162.36732173270659
FMCG_FOOD_011,2026-06-22,115.98122225472967
FMCG_FOOD_011,2026-06-23,137.8047941868594
FMCG_FOOD_011,2026-06-24,113.47862973343227
FMCG_FOOD_011,2026-06-25,110.07991998785543
FMCG_FOOD_011,2026-06-26,124.30140560052307
FMCG_FOOD_011,2026-06-27,183.27802749961532
FMCG_FOOD_011,2026-06-28,177.59057397128757
FMCG_FOOD_011,2026-06-29,110.26631186050754
FMCG_FOOD_011,2026-06-30,124.94427459644123
FMCG_FOOD_011,2026-07-01,114.85930001411953
FMCG_FOOD_011,2026-07-02,122.93760402157893
FMCG_FOOD_011,2026-07-03,105.7570256018346
FMCG_FOOD_011,2026-07-04,168.23290091851212
FMCG_FOOD_011,2026-07-05,175.21880007848554
FMCG_FOOD_011,2026-07-06,102.04792734481521
FMCG_FOOD_011,2026-07-07,110.85098954531976
FMCG_FOOD_011,2026-07-08,101.90461048687823
FMCG_FOOD_011,2026-07-09,99.4024728488373
FMCG_FOOD_011,2026-07-10,139.359926764664
FMCG_FOOD_011,2026-07-11,169.06025238813984
FMCG_FOOD_011,2026-07-12,170.0896707141218
FMCG_FOOD_011,2026-07-13,116.25219098999142
FMCG_FOOD_011,2026-07-14,104.98262467585003
FMCG_FOOD_011,2026-07-15,110.7333192711427
FMCG_FOOD_011,2026-07-16,134.2440916850145
FMCG_FOOD_011,2026-07-17,119.63099582891248
FMCG_FOOD_011,2026-07-18,186.0608174243213
FMCG_FOOD_011,2026-07-19,192.08593033334947
FMCG_FOOD_011,2026-07-20,118.60649486363938
FMCG_FOOD_011,2026-07-21,114.4375449344858
FMCG_FOOD_011,2026-07-22,102.46145542361702
FMCG_FOOD_011,2026-07-23,113.12106553225354
FMCG_FOOD_011,2026-07-24,115.4750223566435
FMCG_FOOD_011,2026-07-25,169.17721990340874
FMCG_FOOD_011,2026-07-26,192.85225409371375
FMCG_FOOD_011,2026-07-27,128.5729456282051
FMCG_FOOD_011,2026-07-28,127.55542174076365
FMCG_FOOD_011,2026-07-29,116.68797359741221
FMCG_FOOD_011,2026-07-30,107.66968149345803
FMCG_FOOD_011,2026-07-31,131.43001514217102
FMCG_FOOD_011,2026-08-01,181.65361284674384
FMCG_FOOD_011,2026-08-02,186.18082372354274
FMCG_FOOD_011,2026-08-03,124.7924733458302
FMCG_FOOD_011,2026-08-04,121.85627254357165
FMCG_FOOD_011,2026-08-05,138.8961581650821
FMCG_FOOD_011,2026-08-06,112.47606327669952
FMCG_FOOD_011,2026-08-07,116.11070448158813
FMCG_FOOD_011,2026-08-08,195.7615860175532
FMCG_FOOD_011,2026-08-09,180.32063415507406
FMCG_FOOD_011,2026-08-10,118.39066566520484
FMCG_FOOD_011,2026-08-11,117.26992865201223
FMCG_FOOD_011,2026-08-12,126.7430261294376
FMCG_FOOD_011,2026-08-13,117.80715173911912
FMCG_FOOD_011,2026-08-14,116.83446667983704
FMCG_FOOD_011,2026-08-15,187.02815616400034
FMCG_FOOD_011,2026-08-16,181.48257166388038
FMCG_FOOD_011,2026-08-17,110.6055300974552
FMCG_FOOD_011,2026-08-18,121.17016417635237
FMCG_FOOD_011,2026-08-19,134.94531501962777
FMCG_FOOD_011,2026-08-20,128.80306145911624
FMCG_FOOD_011,2026-08-21,136.47979671423627
FMCG_FOOD_011,2026-08-22,174.13700070857453
FMCG_FOOD_011,2026-08-23,192.3022977474703
FMCG_FOOD_011,2026-08-24,115.26483134035861
FMCG_FOOD_011,2026-08-25,109.57607078939057
FMCG_FOOD_011,2026-08-26,114.01936283261556
FMCG_FOOD_011,2026-08-27,123.51410263394463
FMCG_FOOD_011,2026-08-28,132.62951549823478
FMCG_FOOD_012,2026-04-01,122.36986943647703
FMCG_FOOD_012,2026-04-02,110.0020819922397
FMCG_FOOD_012,2026-04-03,111.37607935593535
FMCG_FOOD_012,2026-04-04,180.21999643869407
FMCG_FOOD_012,2026-04-05,196.346979610331
FMCG_FOOD_012,2026-04-06,113.1754874983436
FMCG_FOOD_012,2026-04-07,96.09941937153187
FMCG_FOOD_012,2026-04-08,116.4894917266816
FMCG_FOOD_012,2026-04-09,99.37049838691603
FMCG_FOOD_012,2026-04-10,142.68707498035687
FMCG_FOOD_012,2026-04-11,175.89825219937214
FMCG_FOOD_012,2026-04-12,185.37236872185036
FMCG_FOOD_012,2026-04-13,120.79515172253319
FMCG_FOOD_012,2026-04-14,114.60156533612093
FMCG_FOOD_012,2026-04-15,114.73564734299217
FMCG_FOOD_012,2026-04-16,123.14319651946617
FMCG_FOOD_012,2026-04-17,136.10410512203686
FMCG_FOOD_012,2026-04-18,197.05310534908068
FMCG_FOOD_012,2026-04-19,205.4507609914531
FMCG_FOOD_012,2026-04-20,106.70921834611536
FMCG_FOOD_012,2026-04-21,122.68140654576219
FMCG_FOOD_012,2026-04-22,120.95085420387605
FMCG_FOOD_012,2026-04-23,123.37265898345012
FMCG_FOOD_012,2026-04-24,135.41429085937264
FMCG_FOOD_012,2026-04-25,186.63884586241218
FMCG_FOOD_012,2026-04-26,184.64616094797262
FMCG_FOOD_012,2026-04-27,126.0941772500565
FMCG_FOOD_012,2026-04-28,99.42284836023617
FMCG_FOOD_012,2026-04-29,117.45251623018274
FMCG_FOOD_012,2026-04-30,118.79330680428873
FMCG_FOOD_012,2026-05-01,109.82384005083966
FMCG_FOOD_012,2026-05-02,202.5118845317363
FMCG_FOOD_012,2026-05-03,178.07801231881794
FMCG_FOOD_012,2026-05-04,119.37387263897996
FMCG_FOOD_012,2026-05-05,124.50062381374643
FMCG_FOOD_012,2026-05-06,136.950038113123
FMCG_FOOD_012,2026-05-07,121.2775453553821
FMCG_FOOD_012,2026-05-08,132.40938169188723
FMCG_FOOD_012,2026-05-09,199.4269066084147
FMCG_FOOD_012,2026-05-10,192.88210765156208
FMCG_FOOD_012,2026-05-11,109.36164446402792
FMCG_FOOD_012,2026-05-12,105.50886201350956
FMCG_FOOD_012,2026-05-13,123.53546265646256
FMCG_FOOD_012,2026-05-14,116.15471626272968
FMCG_FOOD_012,2026-05-15,133.263428663503
FMCG_FOOD_012,2026-05-16,201.00193560994353
FMCG_FOOD_012,2026-05-17,190.35851246453026
FMCG_FOOD_012,2026-05-18,109.62053008228128
FMCG_FOOD_012,2026-05-19,129.12453237544437
FMCG_FOOD_012,2026-05-20,111.54178642483225
FMCG_FOOD_012,2026-05-21,114.70181849400197
FMCG_FOOD_012,2026-05-22,112.28877743670421
FMCG_FOOD_012,2026-05-23,191.79338814549658
FMCG_FOOD_012,2026-05-24,207.12423107521852
FMCG_FOOD_012,2026-05-25,124.04152590540706
FMCG_FOOD_012,2026-05-26,119.10866316783873
FMCG_FOOD_012,2026-05-27,106.70286681147518
FMCG_FOOD_012,2026-05-28,130.9546451828662
FMCG_FOOD_012,2026-05-29,115.64730657122792
FMCG_FOOD_012,2026-05-30,195.81320438223395
FMCG_FOOD_012,2026-05-31,190.491064055367
FMCG_FOOD_012,2026-06-01,134.87285574735347
FMCG_FOOD_012,2026-06-02,123.4760578524688
FMCG_FOOD_012,2026-06-03,124.76645428753261
FMCG_FOOD_012,2026-06-04,131.23466691048333
FMCG_FOOD_012,2026-06-05,150.19050611425297
FMCG_FOOD_012,2026-06-06,205.80598439215925
FMCG_FOOD_012,2026-06-07,194.62216916635617
FMCG_FOOD_012,2026-06-08,126.23709669113735
FMCG_FOOD_012,2026-06-09,120.26163026023656
FMCG_FOOD_012,2026-06-10,115.48004983917153
FMCG_FOOD_012,2026-06-11,120.23809087003067
FMCG_FOOD_012,2026-06-12,117.84307202094146
FMCG_FOOD_012,2026-06-13,204.12907325203227
FMCG_FOOD_012,2026-06-14,184.27413964871977
FMCG_FOOD_012,2026-06-15,142.7152425120085
FMCG_FOOD_012,2026-06-16,136.12373804997844
FMCG_FOOD_012,2026-06-17,127.78782006066496
FMCG_FOOD_012,2026-06-18,127.7036958929948
FMCG_FOOD_012,2026-06-19,121.38553680847117
FMCG_FOOD_012,2026-06-20,200.7329791716341
FMCG_FOOD_012,2026-06-21,210.37187257321966
FMCG_FOOD_012,2026-06-22,120.14338503783257
FMCG_FOOD_012,2026-06-23,110.66265176854272
FMCG_FOOD_012,2026-06-24,136.75733175633823
FMCG_FOOD_012,2026-06-25,132.51264530122808
FMCG_FOOD_012,2026-06-26,115.90569390328233
FMCG_FOOD_012,2026-06-27,190.14266009739626
FMCG_FOOD_012,2026-06-28,188.83439042101838
FMCG_FOOD_012,2026-06-29,120.9454256792027
FMCG_FOOD_012,2026-06-30,125.74528005312222
FMCG_FOOD_012,2026-07-01,126.55805127034334
FMCG_FOOD_012,2026-07-02,122.25079360120587
FMCG_FOOD_012,2026-07-03,121.15529969380083
FMCG_FOOD_012,2026-07-04,197.0461016105352
FMCG_FOOD_012,2026-07-05,201.79522180437093
FMCG_FOOD_012,2026-07-06,126.7309601781678
FMCG_FOOD_012,2026-07-07,143.9905374707591
FMCG_FOOD_012,2026-07-08,136.59381748728111
FMCG_FOOD_012,2026-07-09,112.39618806043912
FMCG_FOOD_012,2026-07-10,137.0752420788007
FMCG_FOOD_012,2026-07-11,207.77431019799278
FMCG_FOOD_012,2026-07-12,195.8570743697594
FMCG_FOOD_012,2026-07-13,114.10570798728338
FMCG_FOOD_012,2026-07-14,131.69357440916917
FMCG_FOOD_012,2026-07-15,131.66057964280597
FMCG_FOOD_012,2026-07-16,118.88890365621495
FMCG_FOOD_012,2026-07-17,115.21585709138475
FMCG_FOOD_012,2026-07-18,200.7843788611401
FMCG_FOOD_012,2026-07-19,199.24630457221048
FMCG_FOOD_012,2026-07-20,127.65972176226023
FMCG_FOOD_012,2026-07-21,131.6824354769399
FMCG_FOOD_012,2026-07-22,120.00779406368432
FMCG_FOOD_012,2026-07-23,127.90608089075306
FMCG_FOOD_012,2026-07-24,139.28657035512643
FMCG_FOOD_012,2026-07-25,198.79034706792507
FMCG_FOOD_012,2026-07-26,183.6051193272064
FMCG_FOOD_012,2026-07-27,128.0667695784066
FMCG_FOOD_012,2026-07-28,121.28616182332041
FMCG_FOOD_012,2026-07-29,136.94878103895607
FMCG_FOOD_012,2026-07-30,137.69851387921292
FMCG_FOOD_012,2026-07-31,114.90821434900204
FMCG_FOOD_012,2026-08-01,212.70455045875343
FMCG_FOOD_012,2026-08-02,191.14863890516872
FMCG_FOOD_012,2026-08-03,152.68651456959526
FMCG_FOOD_012,2026-08-04,134.18419533179284
FMCG_FOOD_012,2026-08-05,120.44183541694572
FMCG_FOOD_012,2026-08-06,121.8029615799649
FMCG_FOOD_012,2026-08-07,139.23790538473318
FMCG_FOOD_012,2026-08-08,200.41092127717883
FMCG_FOOD_012,2026-08-09,203.9788146484296
FMCG_FOOD_012,2026-08-10,154.35825069928566
FMCG_FOOD_012,2026-08-11,127.68876885494274
FMCG_FOOD_012,2026-08-12,136.6455691492702
FMCG_FOOD_012,2026-08-13,152.5701960535274
FMCG_FOOD_012,2026-08-14,139.38795631541024
FMCG_FOOD_012,2026-08-15,187.36340826984716
FMCG_FOOD_012,2026-08-16,212.01251253609283
FMCG_FOOD_012,2026-08-17,123.20916684971203
FMCG_FOOD_012,2026-08-18,153.1689673333024
FMCG_FOOD_012,2026-08-19,127.45473578202345
FMCG_FOOD_012,2026-08-20,171.59631028984973
FMCG_FOOD_012,2026-08-21,154.32156146460107
FMCG_FOOD_012,2026-08-22,197.80929419231546
FMCG_FOOD_012,2026-08-23,207.4321601380187
FMCG_FOOD_012,2026-08-24,146.49227366694817
FMCG_FOOD_012,2026-08-25,146.9904615010298
FMCG_FOOD_012,2026-08-26,143.1811006157239
FMCG_FOOD_012,2026-08-27,152.72504482880686
FMCG_FOOD_012,2026-08-28,136.92356021904132
FMCG_FOOD_013,2026-04-01,71.84501878834875
FMCG_FOOD_013,2026-04-02,67.40488665612081
FMCG_FOOD_013,2026-04-03,57.17524791392675
FMCG_FOOD_013,2026-04-04,99.84963582625774
FMCG_FOOD_013,2026-04-05,93.02079177478386
FMCG_FOOD_013,2026-04-06,69.74910270180771
FMCG_FOOD_013,2026-04-07,70.59299897157538
FMCG_FOOD_013,2026-04-08,59.97662425080621
FMCG_FOOD_013,2026-04-09,81.18154020884921
FMCG_FOOD_013,2026-04-10,82.19625937057583
FMCG_FOOD_013,2026-04-11,105.64826196621053
FMCG_FOOD_013,2026-04-12,100.46711091784965
FMCG_FOOD_013,2026-04-13,68.57970773130567
FMCG_FOOD_013,2026-04-14,61.61329239034015
FMCG_FOOD_013,2026-04-15,73.27520992508559
FMCG_FOOD_013,2026-04-16,68.33133516418188
FMCG_FOOD_013,2026-04-17,68.9487788354136
FMCG_FOOD_013,2026-04-18,117.98457773555641
FMCG_FOOD_013,2026-04-19,102.67634837954024
FMCG_FOOD_013,2026-04-20,64.08655920293828
FMCG_FOOD_013,2026-04-21,73.57940798620008
FMCG_FOOD_013,2026-04-22,65.40701705123277
FMCG_FOOD_013,2026-04-23,78.7249042420992
FMCG_FOOD_013,2026-04-24,74.95322813718865
FMCG_FOOD_013,2026-04-25,105.18615280407646
FMCG_FOOD_013,2026-04-26,95.97481559320968
FMCG_FOOD_013,2026-04-27,59.460416951271
FMCG_FOOD_013,2026-04-28,65.91852060192404
FMCG_FOOD_013,2026-04-29,71.8306141458332
FMCG_FOOD_013,2026-04-30,76.5148012039609
FMCG_FOOD_013,2026-05-01,68.08763060293087
FMCG_FOOD_013,2026-05-02,102.8722262643407
FMCG_FOOD_013,2026-05-03,107.88517829562367
FMCG_FOOD_013,2026-05-04,70.08240078221712
FMCG_FOOD_013,2026-05-05,78.5821445629893
FMCG_FOOD_013,2026-05-06,78.37125724667975
FMCG_FOOD_013,2026-05-07,63.88763585052412
FMCG_FOOD_013,2026-05-08,73.50159668875747
FMCG_FOOD_013,2026-05-09,104.15000050962888
FMCG_FOOD_013,2026-05-10,104.48358788769376
FMCG_FOOD_013,2026-05-11,77.75139083512697
FMCG_FOOD_013,2026-05-12,69.85450143026438
FMCG_FOOD_013,2026-05-13,75.45910127473434
FMCG_FOOD_013,2026-05-14,74.92577526424411
FMCG_FOOD_013,2026-05-15,71.08334505073934
FMCG_FOOD_013,2026-05-16,112.91442026132398
FMCG_FOOD_013,2026-05-17,112.2250471567161
FMCG_FOOD_013,2026-05-18,64.57207638689178
FMCG_FOOD_013,2026-05-19,75.36761631930722
FMCG_FOOD_013,2026-05-20,67.76101621838377
FMCG_FOOD_013,2026-05-21,65.55088429261897
FMCG_FOOD_013,2026-05-22,78.20518224522836
FMCG_FOOD_013,2026-05-23,107.95642450842067
FMCG_FOOD_013,2026-05-24,119.16947284240015
FMCG_FOOD_013,2026-05-25,80.23933836547195
FMCG_FOOD_013,2026-05-26,70.15111822639348
FMCG_FOOD_013,2026-05-27,80.34421612315123
FMCG_FOOD_013,2026-05-28,71.01938632758312
FMCG_FOOD_013,2026-05-29,73.25546654965794
FMCG_FOOD_013,2026-05-30,116.05960900454821
FMCG_FOOD_013,2026-05-31,126.25607668708166
FMCG_FOOD_013,2026-06-01,80.26583145020186
FMCG_FOOD_013,2026-06-02,73.92436790440048
FMCG_FOOD_013,2026-06-03,75.12146531509995
FMCG_FOOD_013,2026-06-04,64.30970418732633
FMCG_FOOD_013,2026-06-05,81.28120975585739
FMCG_FOOD_013,2026-06-06,119.7326888470821
FMCG_FOOD_013,2026-06-07,115.89269999140944
FMCG_FOOD_013,2026-06-08,79.86541490828976
FMCG_FOOD_013,2026-06-09,62.18628059602062
FMCG_FOOD_013,2026-06-10,68.46852349182394
FMCG_FOOD_013,2026-06-11,87.35957849484917
FMCG_FOOD_013,2026-06-12,74.12477233918972
FMCG_FOOD_013,2026-06-13,119.8733142883576
FMCG_FOOD_013,2026-06-14,110.24684284922802
FMCG_FOOD_013,2026-06-15,73.37591017527596
FMCG_FOOD_013,2026-06-16,88.45543807606002
FMCG_FOOD_013,2026-06-17,75.52656317658838
FMCG_FOOD_013,2026-06-18,80.10314048449726
FMCG_FOOD_013,2026-06-19,77.69796264473517
FMCG_FOOD_013,2026-06-20,117.60171162529701
FMCG_FOOD_013,2026-06-21,117.52947677145606
FMCG_FOOD_013,2026-06-22,64.44557874305718
FMCG_FOOD_013,2026-06-23,80.55092813392869
FMCG_FOOD_013,2026-06-24,74.10540892934168
FMCG_FOOD_013,2026-06-25,89.31718661970264
FMCG_FOOD_013,2026-06-26,72.87783841600061
FMCG_FOOD_013,2026-06-27,113.98459120213798
FMCG_FOOD_013,2026-06-28,133.09974097114238
FMCG_FOOD_013,2026-06-29,83.05213168993139
FMCG_FOOD_013,2026-06-30,72.10777645088189
FMCG_FOOD_013,2026-07-01,79.79667253591964
FMCG_FOOD_013,2026-07-02,70.86743814483346
FMCG_FOOD_013,2026-07-03,80.62431351186021
FMCG_FOOD_013,2026-07-04,112.87154012264497
FMCG_FOOD_013,2026-07-05,130.37151502490767
FMCG_FOOD_013,2026-07-06,82.13574908055615
FMCG_FOOD_013,2026-07-07,82.97908919286138
FMCG_FOOD_013,2026-07-08,85.87338362469328
FMCG_FOOD_013,2026-07-09,86.7505504567992
FMCG_FOOD_013,2026-07-10,75.52104542738385
FMCG_FOOD_013,2026-07-11,119.76729679086236
FMCG_FOOD_013,2026-07-12,116.40438582983192
FMCG_FOOD_013,2026-07-13,94.06147512305309
FMCG_FOOD_013,2026-07-14,65.7457773576058
FMCG_FOOD_013,2026-07-15,77.0117848910844
FMCG_FOOD_013,2026-07-16,80.38025080180158
FMCG_FOOD_013,2026-07-17,81.94008338316722
FMCG_FOOD_013,2026-07-18,120.95737220762965
FMCG_FOOD_013,2026-07-19,120.05001289542595
FMCG_FOOD_013,2026-07-20,80.44428309626858
FMCG_FOOD_013,2026-07-21,83.21843029565001
FMCG_FOOD_013,2026-07-22,84.79976949681827
FMCG_FOOD_013,2026-07-23,93.58960770411363
FMCG_FOOD_013,2026-07-24,93.68209197308136
FMCG_FOOD_013,2026-07-25,123.20647959067072
FMCG_FOOD_013,2026-07-26,118.18025368527958
FMCG_FOOD_013,2026-07-27,79.78498280424913
FMCG_FOOD_013,2026-07-28,74.15840417365689
FMCG_FOOD_013,2026-07-29,89.04602382730397
FMCG_FOOD_013,2026-07-30,82.70922458585397
FMCG_FOOD_013,2026-07-31,85.99220034924645
FMCG_FOOD_013,2026-08-01,124.46935756168261
FMCG_FOOD_013,2026-08-02,117.91546732978829
FMCG_FOOD_013,2026-08-03,78.26296604784079
FMCG_FOOD_013,2026-08-04,80.80606879567117
FMCG_FOOD_013,2026-08-05,87.05722112418016
FMCG_FOOD_013,2026-08-06,83.52511414148177
FMCG_FOOD_013,2026-08-07,72.72548289195356
FMCG_FOOD_013,2026-08-08,116.69305079730077
FMCG_FOOD_013,2026-08-09,121.76208301314502
FMCG_FOOD_013,2026-08-10,84.45233260519997
FMCG_FOOD_013,2026-08-11,88.15061587877248
FMCG_FOOD_013,2026-08-12,85.20519629869844
FMCG_FOOD_013,2026-08-13,82.74236999548124
FMCG_FOOD_013,2026-08-14,82.66893887474431
FMCG_FOOD_013,2026-08-15,125.70950653498303
FMCG_FOOD_013,2026-08-16,127.26731829473901
FMCG_FOOD_013,2026-08-17,83.55628259172965
FMCG_FOOD_013,2026-08-18,78.84498842088765
FMCG_FOOD_013,2026-08-19,85.35906484652536
FMCG_FOOD_013,2026-08-20,81.92589973521169
FMCG_FOOD_013,2026-08-21,88.16927194581706
FMCG_FOOD_013,2026-08-22,135.07485996371122
FMCG_FOOD_013,2026-08-23,116.81483233000522
FMCG_FOOD_013,2026-08-24,94.2295285285274
FMCG_FOOD_013,2026-08-25,89.94875735740852
FMCG_FOOD_013,2026-08-26,94.21846461976804
FMCG_FOOD_013,2026-08-27,84.36766137749707
FMCG_FOOD_013,2026-08-28,77.9508198593613
FMCG_FOOD_014,2026-04-01,142.44829774949866
FMCG_FOOD_014,2026-04-02,151.32955775278916
FMCG_FOOD_014,2026-04-03,163.3727092697577
FMCG_FOOD_014,2026-04-04,244.99042715654483
FMCG_FOOD_014,2026-04-05,247.5750800435746
FMCG_FOOD_014,2026-04-06,124.96780625933161
FMCG_FOOD_014,2026-04-07,181.76040651523545
FMCG_FOOD_014,2026-04-08,125.44631773795872
FMCG_FOOD_014,2026-04-09,152.53068810426794
FMCG_FOOD_014,2026-04-10,148.10832858085286
FMCG_FOOD_014,2026-04-11,238.30709329764792
FMCG_FOOD_014,2026-04-12,253.0104026528006
FMCG_FOOD_014,2026-04-13,140.25361906514945
FMCG_FOOD_014,2026-04-14,144.5026563437374
FMCG_FOOD_014,2026-04-15,134.0155825744517
FMCG_FOOD_014,2026-04-16,167.97016687118509
FMCG_FOOD_014,2026-04-17,155.36467277389892
FMCG_FOOD_014,2026-04-18,250.4445495611943
FMCG_FOOD_014,2026-04-19,253.19855940424685
FMCG_FOOD_014,2026-04-20,181.5220501331463
FMCG_FOOD_014,2026-04-21,179.07249279556743
FMCG_FOOD_014,2026-04-22,156.96332019443196
FMCG_FOOD_014,2026-04-23,154.65364419651914
FMCG_FOOD_014,2026-04-24,144.5210861375689
FMCG_FOOD_014,2026-04-25,253.08795090553014
FMCG_FOOD_014,2026-04-26,252.68598308853396
FMCG_FOOD_014,2026-04-27,142.03206911788442
FMCG_FOOD_014,2026-04-28,163.77476597984267
FMCG_FOOD_014,2026-04-29,168.2244819560408
FMCG_FOOD_014,2026-04-30,136.63746531805106
FMCG_FOOD_014,2026-05-01,156.32971816670965
FMCG_FOOD_014,2026-05-02,242.07063872914875
FMCG_FOOD_014,2026-05-03,243.11974105145012
FMCG_FOOD_014,2026-05-04,139.75546688194785
FMCG_FOOD_014,2026-05-05,126.88431918897443
FMCG_FOOD_014,2026-05-06,142.99429712628904
FMCG_FOOD_014,2026-05-07,141.05767112558092
FMCG_FOOD_014,2026-05-08,159.81302370644815
FMCG_FOOD_014,2026-05-09,249.60574543311472
FMCG_FOOD_014,2026-05-10,248.90762422928762
FMCG_FOOD_014,2026-05-11,134.18871296890092
FMCG_FOOD_014,2026-05-12,138.46858022037384
FMCG_FOOD_014,2026-05-13,146.1115769923344
FMCG_FOOD_014,2026-05-14,155.79483088723254
FMCG_FOOD_014,2026-05-15,150.6068975746124
FMCG_FOOD_014,2026-05-16,249.77852258351535
FMCG_FOOD_014,2026-05-17,259.8345077193889
FMCG_FOOD_014,2026-05-18,141.16052226636768
FMCG_FOOD_014,2026-05-19,141.8770695626579
FMCG_FOOD_014,2026-05-20,158.36686379277404
FMCG_FOOD_014,2026-05-21,155.27774351899353
FMCG_FOOD_014,2026-05-22,167.726117066453
FMCG_FOOD_014,2026-05-23,246.31289223069314
FMCG_FOOD_014,2026-05-24,272.28376632457713
FMCG_FOOD_014,2026-05-25,133.44066594396543
FMCG_FOOD_014,2026-05-26,169.76923121346482
FMCG_FOOD_014,2026-05-27,160.3699603219669
FMCG_FOOD_014,2026-05-28,136.64528410128966
FMCG_FOOD_014,2026-05-29,126.88740661844389
FMCG_FOOD_014,2026-05-30,230.48721590794844
FMCG_FOOD_014,2026-05-31,265.4154069009441
FMCG_FOOD_014,2026-06-01,174.4689501833328
FMCG_FOOD_014,2026-06-02,156.3830779734201
FMCG_FOOD_014,2026-06-03,153.05213254596003
FMCG_FOOD_014,2026-06-04,145.8441547503441
FMCG_FOOD_014,2026-06-05,155.95789914158803
FMCG_FOOD_014,2026-06-06,241.23499088607502
FMCG_FOOD_014,2026-06-07,273.9281365598941
FMCG_FOOD_014,2026-06-08,140.77532155778385
FMCG_FOOD_014,2026-06-09,165.1973217907358
FMCG_FOOD_014,2026-06-10,185.68036298881438
FMCG_FOOD_014,2026-06-11,171.19128395575456
FMCG_FOOD_014,2026-06-12,143.04827711749002
FMCG_FOOD_014,2026-06-13,226.36928005591867
FMCG_FOOD_014,2026-06-14,253.58857795528013
FMCG_FOOD_014,2026-06-15,162.49279576297357
FMCG_FOOD_014,2026-06-16,178.76289554897556
FMCG_FOOD_014,2026-06-17,168.72187294539796
FMCG_FOOD_014,2026-06-18,153.4758851298839
FMCG_FOOD_014,2026-06-19,152.61455054374204
FMCG_FOOD_014,2026-06-20,230.9382502628636
FMCG_FOOD_014,2026-06-21,252.4775286403683
FMCG_FOOD_014,2026-06-22,140.3737210625844
FMCG_FOOD_014,2026-06-23,175.00885617915839
FMCG_FOOD_014,2026-06-24,170.37841264716107
FMCG_FOOD_014,2026-06-25,170.05609440704285
FMCG_FOOD_014,2026-06-26,142.2047760349579
FMCG_FOOD_014,2026-06-27,249.215545323459
FMCG_FOOD_014,2026-06-28,245.7993462507718
FMCG_FOOD_014,2026-06-29,163.88181512844545
FMCG_FOOD_014,2026-06-30,170.37484192400865
FMCG_FOOD_014,2026-07-01,154.9974039485134
FMCG_FOOD_014,2026-07-02,155.70784548755418
FMCG_FOOD_014,2026-07-03,173.08092476437622
FMCG_FOOD_014,2026-07-04,235.67045055453082
FMCG_FOOD_014,2026-07-05,241.52474459733162
FMCG_FOOD_014,2026-07-06,163.4869687973072
FMCG_FOOD_014,2026-07-07,176.95583355814006
FMCG_FOOD_014,2026-07-08,149.26525639770577
FMCG_FOOD_014,2026-07-09,190.5165149449861
FMCG_FOOD_014,2026-07-10,143.87512485863215
FMCG_FOOD_014,2026-07-11,276.64915447877064
FMCG_FOOD_014,2026-07-12,271.57389322000176
FMCG_FOOD_014,2026-07-13,143.14148627547902
FMCG_FOOD_014,2026-07-14,140.28017027913194
FMCG_FOOD_014,2026-07-15,175.47597611582364
FMCG_FOOD_014,2026-07-16,159.2767223427361
FMCG_FOOD_014,2026-07-17,150.04648896083188
FMCG_FOOD_014,2026-07-18,281.5943480138243
FMCG_FOOD_014,2026-07-19,236.9608536410267
FMCG_FOOD_014,2026-07-20,154.6686148961768
FMCG_FOOD_014,2026-07-21,156.58486513484277
FMCG_FOOD_014,2026-07-22,124.08821247119639
FMCG_FOOD_014,2026-07-23,167.3113796106891
FMCG_FOOD_014,2026-07-24,152.5177775254462
FMCG_FOOD_014,2026-07-25,267.7269881109631
FMCG_FOOD_014,2026-07-26,269.8248145721004
FMCG_FOOD_014,2026-07-27,170.00264290319146
FMCG_FOOD_014,2026-07-28,170.32139478183936
FMCG_FOOD_014,2026-07-29,169.28747780405752
FMCG_FOOD_014,2026-07-30,156.5639776484444
FMCG_FOOD_014,2026-07-31,157.98906353830972
FMCG_FOOD_014,2026-08-01,276.4160815218462
FMCG_FOOD_014,2026-08-02,267.8050975199154
FMCG_FOOD_014,2026-08-03,170.6706960691245
FMCG_FOOD_014,2026-08-04,176.69097336265017
FMCG_FOOD_014,2026-08-05,166.98985542118166
FMCG_FOOD_014,2026-08-06,170.80570686295857
FMCG_FOOD_014,2026-08-07,177.05830197643456
FMCG_FOOD_014,2026-08-08,226.8432157770891
FMCG_FOOD_014,2026-08-09,271.4014698795615
FMCG_FOOD_014,2026-08-10,181.08166929524089
FMCG_FOOD_014,2026-08-11,157.1677446710989
FMCG_FOOD_014,2026-08-12,187.48712749073516
FMCG_FOOD_014,2026-08-13,136.06200970855573
FMCG_FOOD_014,2026-08-14,174.5090009637249
FMCG_FOOD_014,2026-08-15,259.3950023936882
FMCG_FOOD_014,2026-08-16,254.33888098697832
FMCG_FOOD_014,2026-08-17,169.98857317956094
FMCG_FOOD_014,2026-08-18,178.53268531908068
FMCG_FOOD_014,2026-08-19,143.09703301562047
FMCG_FOOD_014,2026-08-20,185.06437239530584
FMCG_FOOD_014,2026-08-21,164.18692466552585
FMCG_FOOD_014,2026-08-22,274.98024743780275
FMCG_FOOD_014,2026-08-23,269.58841339698415
FMCG_FOOD_014,2026-08-24,164.3270548999593
FMCG_FOOD_014,2026-08-25,169.71803967399444
FMCG_FOOD_014,2026-08-26,170.74336653634612
FMCG_FOOD_014,2026-08-27,195.13327967282743
FMCG_FOOD_014,2026-08-28,154.3573577771262
FMCG_FOOD_015,2026-04-01,129.93786505907494
FMCG_FOOD_015,2026-04-02,137.75961276071544
FMCG_FOOD_015,2026-04-03,159.87454476865793
FMCG_FOOD_015,2026-04-04,229.92181030158534
FMCG_FOOD_015,2026-04-05,200.3672687367591
FMCG_FOOD_015,2026-04-06,115.15380771470063
FMCG_FOOD_015,2026-04-07,139.00608474334248
FMCG_FOOD_015,2026-04-08,123.19290545324023
FMCG_FOOD_015,2026-04-09,149.21479979209866
FMCG_FOOD_015,2026-04-10,140.9374566030132
FMCG_FOOD_015,2026-04-11,226.1988482894317
FMCG_FOOD_015,2026-04-12,214.22626977517132
FMCG_FOOD_015,2026-04-13,165.00523280848523
FMCG_FOOD_015,2026-04-14,180.4620528193454
FMCG_FOOD_015,2026-04-15,137.22767233978166
FMCG_FOOD_015,2026-04-16,146.1572455529685
FMCG_FOOD_015,2026-04-17,142.75410106859394
FMCG_FOOD_015,2026-04-18,221.34035259816918
FMCG_FOOD_015,2026-04-19,213.53422049851412
FMCG_FOOD_015,2026-04-20,126.76894497402137
FMCG_FOOD_015,2026-04-21,126.2151980091952
FMCG_FOOD_015,2026-04-22,147.78283635513313
FMCG_FOOD_015,2026-04-23,135.07652475296948
FMCG_FOOD_015,2026-04-24,106.61172938304662
FMCG_FOOD_015,2026-04-25,232.18352926631667
FMCG_FOOD_015,2026-04-26,225.61816817374824
FMCG_FOOD_015,2026-04-27,161.61875471947593
FMCG_FOOD_015,2026-04-28,148.23640131956503
FMCG_FOOD_015,2026-04-29,122.64643701128685
FMCG_FOOD_015,2026-04-30,112.35749469385325
FMCG_FOOD_015,2026-05-01,133.49933385770268
FMCG_FOOD_015,2026-05-02,218.36100685235823
FMCG_FOOD_015,2026-05-03,240.30991289390232
FMCG_FOOD_015,2026-05-04,143.82669404117493
FMCG_FOOD_015,2026-05-05,159.85827012356927
FMCG_FOOD_015,2026-05-06,125.83482052573338
FMCG_FOOD_015,2026-05-07,157.81717494288824
FMCG_FOOD_015,2026-05-08,154.5717492326898
FMCG_FOOD_015,2026-05-09,200.04654585110637
FMCG_FOOD_015,2026-05-10,246.63438799352474
FMCG_FOOD_015,2026-05-11,146.2990730355523
FMCG_FOOD_015,2026-05-12,150.59941860377222
FMCG_FOOD_015,2026-05-13,133.27794403724494
FMCG_FOOD_015,2026-05-14,163.1759334796154
FMCG_FOOD_015,2026-05-15,129.1166526235797
FMCG_FOOD_015,2026-05-16,240.71607905539787
FMCG_FOOD_015,2026-05-17,240.70644391513054
FMCG_FOOD_015,2026-05-18,132.5090727484061
FMCG_FOOD_015,2026-05-19,173.76889303197376
FMCG_FOOD_015,2026-05-20,149.5682458750235
FMCG_FOOD_015,2026-05-21,155.58910728276723
FMCG_FOOD_015,2026-05-22,125.423020944833
FMCG_FOOD_015,2026-05-23,259.63644704181905
FMCG_FOOD_015,2026-05-24,213.32865853087125
FMCG_FOOD_015,2026-05-25,161.3459214154464
FMCG_FOOD_015,2026-05-26,133.42267312074944
FMCG_FOOD_015,2026-05-27,138.79605564041722
FMCG_FOOD_015,2026-05-28,158.51368121000772
FMCG_FOOD_015,2026-05-29,161.98298272008466
FMCG_FOOD_015,2026-05-30,213.579148937314
FMCG_FOOD_015,2026-05-31,246.55756314989222
FMCG_FOOD_015,2026-06-01,162.6752288823514
FMCG_FOOD_015,2026-06-02,135.262447617056
FMCG_FOOD_015,2026-06-03,170.6712015509164
FMCG_FOOD_015,2026-06-04,128.34967896735228
FMCG_FOOD_015,2026-06-05,140.06566109939115
FMCG_FOOD_015,2026-06-06,238.95813647487864
FMCG_FOOD_015,2026-06-07,220.5854286426338
FMCG_FOOD_015,2026-06-08,152.86708529094284
FMCG_FOOD_015,2026-06-09,152.7009574953658
FMCG_FOOD_015,2026-06-10,146.89966764807417
FMCG_FOOD_015,2026-06-11,161.22036748640878
FMCG_FOOD_015,2026-06-12,146.62578498205883
FMCG_FOOD_015,2026-06-13,236.5684208565119
FMCG_FOOD_015,2026-06-14,249.43595909708185
FMCG_FOOD_015,2026-06-15,161.2405383193592
FMCG_FOOD_015,2026-06-16,161.3256403423175
FMCG_FOOD_015,2026-06-17,134.57640352918676
FMCG_FOOD_015,2026-06-18,157.99461679946836
FMCG_FOOD_015,2026-06-19,138.6388668055239
FMCG_FOOD_015,2026-06-20,216.58833178108543
FMCG_FOOD_015,2026-06-21,233.55328178663896
FMCG_FOOD_015,2026-06-22,138.7302969055429
FMCG_FOOD_015,2026-06-23,162.43958629187568
FMCG_FOOD_015,2026-06-24,162.922042889765
FMCG_FOOD_015,2026-06-25,125.30349531360295
FMCG_FOOD_015,2026-06-26,140.38659469988124
FMCG_FOOD_015,2026-06-27,215.15896526033984
FMCG_FOOD_015,2026-06-28,229.16945305535882
FMCG_FOOD_015,2026-06-29,158.67694181117665
FMCG_FOOD_015,2026-06-30,149.1321954353204
FMCG_FOOD_015,2026-07-01,144.45234655472683
FMCG_FOOD_015,2026-07-02,170.87245372270266
FMCG_FOOD_015,2026-07-03,120.91248530091158
FMCG_FOOD_015,2026-07-04,253.69251931990334
FMCG_FOOD_015,2026-07-05,229.08439272513874
FMCG_FOOD_015,2026-07-06,152.31428475943224
FMCG_FOOD_015,2026-07-07,146.2196496056905
FMCG_FOOD_015,2026-07-08,175.14614466699373
FMCG_FOOD_015,2026-07-09,136.7393988944069
FMCG_FOOD_015,2026-07-10,154.1631355391349
FMCG_FOOD_015,2026-07-11,244.88139726085396
FMCG_FOOD_015,2026-07-12,215.30706152639618
FMCG_FOOD_015,2026-07-13,141.66341543079847
FMCG_FOOD_015,2026-07-14,152.54031838437461
FMCG_FOOD_015,2026-07-15,142.4253560178872
FMCG_FOOD_015,2026-07-16,143.56327438005383
FMCG_FOOD_015,2026-07-17,150.18690898323754
FMCG_FOOD_015,2026-07-18,247.6291805098818
FMCG_FOOD_015,2026-07-19,233.9862229013938
FMCG_FOOD_015,2026-07-20,170.49012410317397
FMCG_FOOD_015,2026-07-21,141.781166821035
FMCG_FOOD_015,2026-07-22,138.398280579419
FMCG_FOOD_015,2026-07-23,182.72620113952377
FMCG_FOOD_015,2026-07-24,146.95438202544938
FMCG_FOOD_015,2026-07-25,221.42832310169698
FMCG_FOOD_015,2026-07-26,215.58545020937157
FMCG_FOOD_015,2026-07-27,171.49393800794425
FMCG_FOOD_015,2026-07-28,151.95586724622515
FMCG_FOOD_015,2026-07-29,153.32343468257704
FMCG_FOOD_015,2026-07-30,154.7870962089457
FMCG_FOOD_015,2026-07-31,171.22990609690996
FMCG_FOOD_015,2026-08-01,238.20453530773472
FMCG_FOOD_015,2026-08-02,273.4323475257735
FMCG_FOOD_015,2026-08-03,159.4592719793538
FMCG_FOOD_015,2026-08-04,172.50880826072066
FMCG_FOOD_015,2026-08-05,169.09283402487125
FMCG_FOOD_015,2026-08-06,157.54338224841328
FMCG_FOOD_015,2026-08-07,150.04110329431555
FMCG_FOOD_015,2026-08-08,246.36429860707509
FMCG_FOOD_015,2026-08-09,248.9903723637811
FMCG_FOOD_015,2026-08-10,150.69105393104127
FMCG_FOOD_015,2026-08-11,161.11211023671413
FMCG_FOOD_015,2026-08-12,176.13324919780837
FMCG_FOOD_015,2026-08-13,187.87227357306853
FMCG_FOOD_015,2026-08-14,171.12573355285696
FMCG_FOOD_015,2026-08-15,268.69235964068594
FMCG_FOOD_015,2026-08-16,234.20169846423028
FMCG_FOOD_015,2026-08-17,169.45616330362418
FMCG_FOOD_015,2026-08-18,178.45542116927967
FMCG_FOOD_015,2026-08-19,147.54096667168926
FMCG_FOOD_015,2026-08-20,153.40029744257438
FMCG_FOOD_015,2026-08-21,184.45687618950998
FMCG_FOOD_015,2026-08-22,230.29612590456153
FMCG_FOOD_015,2026-08-23,225.35829254608564
FMCG_FOOD_015,2026-08-24,181.98894387358922
FMCG_FOOD_015,2026-08-25,177.5350088272281
FMCG_FOOD_015,2026-08-26,167.0564713913744
FMCG_FOOD_015,2026-08-27,160.564620510423
FMCG_FOOD_015,2026-08-28,155.25450937209075
FMCG_FOOD_016,2026-04-01,126.49441581410291
FMCG_FOOD_016,2026-04-02,114.18544192416226
FMCG_FOOD_016,2026-04-03,90.58740555896705
FMCG_FOOD_016,2026-04-04,184.79866928118574
FMCG_FOOD_016,2026-04-05,169.96221436569354
FMCG_FOOD_016,2026-04-06,114.4539361130428
FMCG_FOOD_016,2026-04-07,118.34905502353676
FMCG_FOOD_016,2026-04-08,105.56954900678905
FMCG_FOOD_016,2026-04-09,116.6561661596641
FMCG_FOOD_016,2026-04-10,118.89342972224503
FMCG_FOOD_016,2026-04-11,180.44373774794667
FMCG_FOOD_016,2026-04-12,174.31824208179535
FMCG_FOOD_016,2026-04-13,114.8355093233977
FMCG_FOOD_016,2026-04-14,113.37380743504534
FMCG_FOOD_016,2026-04-15,118.67668479177586
FMCG_FOOD_016,2026-04-16,112.26936481861907
FMCG_FOOD_016,2026-04-17,101.93017645010022
FMCG_FOOD_016,2026-04-18,181.44019796030946
FMCG_FOOD_016,2026-04-19,187.19145759611962
FMCG_FOOD_016,2026-04-20,117.94203138520106
FMCG_FOOD_016,2026-04-21,114.74653331682853
FMCG_FOOD_016,2026-04-22,110.6512732163503
FMCG_FOOD_016,2026-04-23,110.21672944289588
FMCG_FOOD_016,2026-04-24,111.53967081878125
FMCG_FOOD_016,2026-04-25,196.56061021380913
FMCG_FOOD_016,2026-04-26,173.83928794131273
FMCG_FOOD_016,2026-04-27,117.92818244275679
FMCG_FOOD_016,2026-04-28,102.83462398818702
FMCG_FOOD_016,2026-04-29,125.8414748337112
FMCG_FOOD_016,2026-04-30,111.2917003429633
FMCG_FOOD_016,2026-05-01,108.17057358045629
FMCG_FOOD_016,2026-05-02,187.88456848966356
FMCG_FOOD_016,2026-05-03,157.79354536331633
FMCG_FOOD_016,2026-05-04,103.26590938375341
FMCG_FOOD_016,2026-05-05,122.17827268604097
FMCG_FOOD_016,2026-05-06,129.71504888677782
FMCG_FOOD_016,2026-05-07,123.49559166741405
FMCG_FOOD_016,2026-05-08,120.1255924890141
FMCG_FOOD_016,2026-05-09,213.73734098467625
FMCG_FOOD_016,2026-05-10,192.20282315885584
FMCG_FOOD_016,2026-05-11,107.19700404470403
FMCG_FOOD_016,2026-05-12,130.72867830871658
FMCG_FOOD_016,2026-05-13,112.05630756897928
FMCG_FOOD_016,2026-05-14,111.44691469953742
FMCG_FOOD_016,2026-05-15,103.99545867772058
FMCG_FOOD_016,2026-05-16,182.9010168042288
FMCG_FOOD_016,2026-05-17,173.80670672088593
FMCG_FOOD_016,2026-05-18,126.3488980368862
FMCG_FOOD_016,2026-05-19,118.78280458710186
FMCG_FOOD_016,2026-05-20,104.9712207854195
FMCG_FOOD_016,2026-05-21,119.58421037482482
FMCG_FOOD_016,2026-05-22,131.88029324174488
FMCG_FOOD_016,2026-05-23,206.9315535042229
FMCG_FOOD_016,2026-05-24,168.52734528789748
FMCG_FOOD_016,2026-05-25,112.3046967022002
FMCG_FOOD_016,2026-05-26,106.68034162091178
FMCG_FOOD_016,2026-05-27,125.39512698758502
FMCG_FOOD_016,2026-05-28,105.6293123683471
FMCG_FOOD_016,2026-05-29,133.66935604101752
FMCG_FOOD_016,2026-05-30,203.25172992152798
FMCG_FOOD_016,2026-05-31,199.04474150385232
FMCG_FOOD_016,2026-06-01,114.04465246807607
FMCG_FOOD_016,2026-06-02,114.90619041649148
FMCG_FOOD_016,2026-06-03,117.28988637532353
FMCG_FOOD_016,2026-06-04,135.0873490805303
FMCG_FOOD_016,2026-06-05,103.56223529838417
FMCG_FOOD_016,2026-06-06,195.0632025093294
FMCG_FOOD_016,2026-06-07,180.3020290098979
FMCG_FOOD_016,2026-06-08,118.46054531499955
FMCG_FOOD_016,2026-06-09,131.6684209627708
FMCG_FOOD_016,2026-06-10,106.37545652111098
FMCG_FOOD_016,2026-06-11,120.51153224959128
FMCG_FOOD_016,2026-06-12,122.3441406357533
FMCG_FOOD_016,2026-06-13,191.3274665772119
FMCG_FOOD_016,2026-06-14,190.73405396363344
FMCG_FOOD_016,2026-06-15,130.54023861721998
FMCG_FOOD_016,2026-06-16,119.29251801407474
FMCG_FOOD_016,2026-06-17,128.67864638962848
FMCG_FOOD_016,2026-06-18,128.4271788249134
FMCG_FOOD_016,2026-06-19,128.08257475702237
FMCG_FOOD_016,2026-06-20,198.7645771880741
FMCG_FOOD_016,2026-06-21,196.1375085078542
FMCG_FOOD_016,2026-06-22,124.28669895333378
FMCG_FOOD_016,2026-06-23,111.1108962485876
FMCG_FOOD_016,2026-06-24,140.93621084904453
FMCG_FOOD_016,2026-06-25,144.89926937616627
FMCG_FOOD_016,2026-06-26,121.8386992502723
FMCG_FOOD_016,2026-06-27,199.00740872030298
FMCG_FOOD_016,2026-06-28,187.81197446700918
FMCG_FOOD_016,2026-06-29,118.21151646132873
FMCG_FOOD_016,2026-06-30,127.12506866811151
FMCG_FOOD_016,2026-07-01,158.3742509021576
FMCG_FOOD_016,2026-07-02,144.82742122433237
FMCG_FOOD_016,2026-07-03,143.28452957849905
FMCG_FOOD_016,2026-07-04,200.76212263207853
FMCG_FOOD_016,2026-07-05,184.68196657828196
FMCG_FOOD_016,2026-07-06,139.11601688861842
FMCG_FOOD_016,2026-07-07,95.4330622894565
FMCG_FOOD_016,2026-07-08,132.11688362558525
FMCG_FOOD_016,2026-07-09,140.2560206962268
FMCG_FOOD_016,2026-07-10,129.7117720786169
FMCG_FOOD_016,2026-07-11,214.70090789716934
FMCG_FOOD_016,2026-07-12,179.98746926903522
FMCG_FOOD_016,2026-07-13,146.53786092641892
FMCG_FOOD_016,2026-07-14,126.8178577353563
FMCG_FOOD_016,2026-07-15,145.14384539369638
FMCG_FOOD_016,2026-07-16,140.4282246587898
FMCG_FOOD_016,2026-07-17,146.15899678622077
FMCG_FOOD_016,2026-07-18,208.02276026348812
FMCG_FOOD_016,2026-07-19,204.96886503691312
FMCG_FOOD_016,2026-07-20,144.93765039799632
FMCG_FOOD_016,2026-07-21,130.2769167395581
FMCG_FOOD_016,2026-07-22,136.60646138986513
FMCG_FOOD_016,2026-07-23,129.90911715857172
FMCG_FOOD_016,2026-07-24,122.35008473670112
FMCG_FOOD_016,2026-07-25,204.00449268562636
FMCG_FOOD_016,2026-07-26,200.42322755016383
FMCG_FOOD_016,2026-07-27,144.75380892221284
FMCG_FOOD_016,2026-07-28,128.5275253679769
FMCG_FOOD_016,2026-07-29,122.25418663776591
FMCG_FOOD_016,2026-07-30,145.04600769082688
FMCG_FOOD_016,2026-07-31,131.86575428404404
FMCG_FOOD_016,2026-08-01,190.15911073111874
FMCG_FOOD_016,2026-08-02,214.94621965011254
FMCG_FOOD_016,2026-08-03,142.07239599537394
FMCG_FOOD_016,2026-08-04,152.64180723604295
FMCG_FOOD_016,2026-08-05,128.04766498735015
FMCG_FOOD_016,2026-08-06,126.61678160142696
FMCG_FOOD_016,2026-08-07,119.92174080642926
FMCG_FOOD_016,2026-08-08,193.7439733159588
FMCG_FOOD_016,2026-08-09,195.93413056499182
FMCG_FOOD_016,2026-08-10,140.3679165492404
FMCG_FOOD_016,2026-08-11,122.29812126836923
FMCG_FOOD_016,2026-08-12,125.45429373749933
FMCG_FOOD_016,2026-08-13,152.27222752664838
FMCG_FOOD_016,2026-08-14,100.13047698533342
FMCG_FOOD_016,2026-08-15,206.62694469849913
FMCG_FOOD_016,2026-08-16,186.76829227563803
FMCG_FOOD_016,2026-08-17,124.60065082931274
FMCG_FOOD_016,2026-08-18,149.9339876352246
FMCG_FOOD_016,2026-08-19,134.80881495055303
FMCG_FOOD_016,2026-08-20,164.174959775025
FMCG_FOOD_016,2026-08-21,141.38298268786608
FMCG_FOOD_016,2026-08-22,192.87468521514757
FMCG_FOOD_016,2026-08-23,208.70245092221094
FMCG_FOOD_016,2026-08-24,147.51868829391458
FMCG_FOOD_016,2026-08-25,140.7978392701039
FMCG_FOOD_016,2026-08-26,132.61642177020784
FMCG_FOOD_016,2026-08-27,116.09105146329533
FMCG_FOOD_016,2026-08-28,131.70636106404032
FMCG_FOOD_017,2026-04-01,99.78177542348405
FMCG_FOOD_017,2026-04-02,96.47075134936298
FMCG_FOOD_017,2026-04-03,80.84025598380593
FMCG_FOOD_017,2026-04-04,141.5028110018377
FMCG_FOOD_017,2026-04-05,154.11200156025063
FMCG_FOOD_017,2026-04-06,94.64552759457895
FMCG_FOOD_017,2026-04-07,97.51556797605335
FMCG_FOOD_017,2026-04-08,88.22594881929189
FMCG_FOOD_017,2026-04-09,106.29276761893453
FMCG_FOOD_017,2026-04-10,92.32741585848768
FMCG_FOOD_017,2026-04-11,126.91938904005481
FMCG_FOOD_017,2026-04-12,149.8338382469735
FMCG_FOOD_017,2026-04-13,99.36547308995978
FMCG_FOOD_017,2026-04-14,96.68310569981452
FMCG_FOOD_017,2026-04-15,90.1749478381082
FMCG_FOOD_017,2026-04-16,76.2757882216382
FMCG_FOOD_017,2026-04-17,88.42025022147166
FMCG_FOOD_017,2026-04-18,144.63892952685856
FMCG_FOOD_017,2026-04-19,143.8354427936096
FMCG_FOOD_017,2026-04-20,100.48006562054987
FMCG_FOOD_017,2026-04-21,91.93250800071249
FMCG_FOOD_017,2026-04-22,107.86141097123567
FMCG_FOOD_017,2026-04-23,93.2248503488113
FMCG_FOOD_017,2026-04-24,106.63613453082908
FMCG_FOOD_017,2026-04-25,152.77307799479038
FMCG_FOOD_017,2026-04-26,153.37706943703512
FMCG_FOOD_017,2026-04-27,89.61764299207488
FMCG_FOOD_017,2026-04-28,83.62416942217712
FMCG_FOOD_017,2026-04-29,95.52539386126733
FMCG_FOOD_017,2026-04-30,111.86898950431991
FMCG_FOOD_017,2026-05-01,92.27998685104014
FMCG_FOOD_017,2026-05-02,146.17019229821943
FMCG_FOOD_017,2026-05-03,150.41833756807492
FMCG_FOOD_017,2026-05-04,113.21732908519387
FMCG_FOOD_017,2026-05-05,104.33982008469376
FMCG_FOOD_017,2026-05-06,108.42121892111201
FMCG_FOOD_017,2026-05-07,79.18087940828046
FMCG_FOOD_017,2026-05-08,89.96339894746214
FMCG_FOOD_017,2026-05-09,145.6326055690074
FMCG_FOOD_017,2026-05-10,163.5020051815735
FMCG_FOOD_017,2026-05-11,104.0708962545333
FMCG_FOOD_017,2026-05-12,107.86419602800639
FMCG_FOOD_017,2026-05-13,81.04459040636982
FMCG_FOOD_017,2026-05-14,108.66510963829805
FMCG_FOOD_017,2026-05-15,104.66580278466388
FMCG_FOOD_017,2026-05-16,145.4483366072855
FMCG_FOOD_017,2026-05-17,152.28828791639157
FMCG_FOOD_017,2026-05-18,90.82900716504807
FMCG_FOOD_017,2026-05-19,98.31119982558914
FMCG_FOOD_017,2026-05-20,103.48407052604446
FMCG_FOOD_017,2026-05-21,112.41882002698816
FMCG_FOOD_017,2026-05-22,91.00734194900554
FMCG_FOOD_017,2026-05-23,150.68321051653925
FMCG_FOOD_017,2026-05-24,145.0030511642172
FMCG_FOOD_017,2026-05-25,107.15238329208383
FMCG_FOOD_017,2026-05-26,85.75465012875152
FMCG_FOOD_017,2026-05-27,102.0285275341817
FMCG_FOOD_017,2026-05-28,89.27275049612446
FMCG_FOOD_017,2026-05-29,101.12146980109168
FMCG_FOOD_017,2026-05-30,166.68438787868695
FMCG_FOOD_017,2026-05-31,151.4963825700529
FMCG_FOOD_017,2026-06-01,103.18200437535438
FMCG_FOOD_017,2026-06-02,93.08287086189897
FMCG_FOOD_017,2026-06-03,100.41563645200095
FMCG_FOOD_017,2026-06-04,87.2673237428414
FMCG_FOOD_017,2026-06-05,108.26098634253326
FMCG_FOOD_017,2026-06-06,153.27773073466165
FMCG_FOOD_017,2026-06-07,155.32877275429064
FMCG_FOOD_017,2026-06-08,102.83667682976481
FMCG_FOOD_017,2026-06-09,84.25595294246685
FMCG_FOOD_017,2026-06-10,96.13146130566462
FMCG_FOOD_017,2026-06-11,103.89421481953072
FMCG_FOOD_017,2026-06-12,101.328738482753
FMCG_FOOD_017,2026-06-13,178.18157846929836
FMCG_FOOD_017,2026-06-14,169.8802021136975
FMCG_FOOD_017,2026-06-15,104.53427422792994
FMCG_FOOD_017,2026-06-16,93.9930079881045
FMCG_FOOD_017,2026-06-17,98.99660337723185
FMCG_FOOD_017,2026-06-18,109.75484101276012
FMCG_FOOD_017,2026-06-19,104.554914442161
FMCG_FOOD_017,2026-06-20,170.9401584742702
FMCG_FOOD_017,2026-06-21,159.982071305061
FMCG_FOOD_017,2026-06-22,105.36567409678236
FMCG_FOOD_017,2026-06-23,119.3927519033944
FMCG_FOOD_017,2026-06-24,94.51161060445612
FMCG_FOOD_017,2026-06-25,120.70148939944833
FMCG_FOOD_017,2026-06-26,111.9806218800337
FMCG_FOOD_017,2026-06-27,190.01632586838465
FMCG_FOOD_017,2026-06-28,153.94682218983215
FMCG_FOOD_017,2026-06-29,120.34051468501416
FMCG_FOOD_017,2026-06-30,106.7316212561253
FMCG_FOOD_017,2026-07-01,103.94262535445714
FMCG_FOOD_017,2026-07-02,108.60510057857029
FMCG_FOOD_017,2026-07-03,107.1019756642309
FMCG_FOOD_017,2026-07-04,154.13397324813175
FMCG_FOOD_017,2026-07-05,160.2389316222005
FMCG_FOOD_017,2026-07-06,109.2253814989874
FMCG_FOOD_017,2026-07-07,102.63856833664812
FMCG_FOOD_017,2026-07-08,111.67206168318326
FMCG_FOOD_017,2026-07-09,104.12824978324315
FMCG_FOOD_017,2026-07-10,111.2167767462351
FMCG_FOOD_017,2026-07-11,165.4569884165237
FMCG_FOOD_017,2026-07-12,166.65225776454585
FMCG_FOOD_017,2026-07-13,95.04183265168453
FMCG_FOOD_017,2026-07-14,117.69316184024187
FMCG_FOOD_017,2026-07-15,99.78244492772049
FMCG_FOOD_017,2026-07-16,106.1901487647102
FMCG_FOOD_017,2026-07-17,102.10826813257714
FMCG_FOOD_017,2026-07-18,164.0564059241023
FMCG_FOOD_017,2026-07-19,162.5276649637357
FMCG_FOOD_017,2026-07-20,114.49097658023406
FMCG_FOOD_017,2026-07-21,109.05372394050069
FMCG_FOOD_017,2026-07-22,105.1964963609219
FMCG_FOOD_017,2026-07-23,92.41384456104193
FMCG_FOOD_017,2026-07-24,117.23577588535676
FMCG_FOOD_017,2026-07-25,169.21133283020072
FMCG_FOOD_017,2026-07-26,173.11114250312053
FMCG_FOOD_017,2026-07-27,107.8443793705008
FMCG_FOOD_017,2026-07-28,112.9837828843615
FMCG_FOOD_017,2026-07-29,103.83879288304257
FMCG_FOOD_017,2026-07-30,103.1478096539356
FMCG_FOOD_017,2026-07-31,107.54086518313491
FMCG_FOOD_017,2026-08-01,173.98062368441603
FMCG_FOOD_017,2026-08-02,163.12207852078896
FMCG_FOOD_017,2026-08-03,110.10240947797116
FMCG_FOOD_017,2026-08-04,112.98049236129445
FMCG_FOOD_017,2026-08-05,111.13315282335161
FMCG_FOOD_017,2026-08-06,120.38190257693455
FMCG_FOOD_017,2026-08-07,104.3177720807928
FMCG_FOOD_017,2026-08-08,167.46763407413562
FMCG_FOOD_017,2026-08-09,171.06289551681937
FMCG_FOOD_017,2026-08-10,96.54102951286087
FMCG_FOOD_017,2026-08-11,114.24765481462545
FMCG_FOOD_017,2026-08-12,124.29662314151469
FMCG_FOOD_017,2026-08-13,108.87548456034152
FMCG_FOOD_017,2026-08-14,102.26761672031265
FMCG_FOOD_017,2026-08-15,171.8967063374459
FMCG_FOOD_017,2026-08-16,169.40128294567236
FMCG_FOOD_017,2026-08-17,126.70650987242333
FMCG_FOOD_017,2026-08-18,116.87654517034863
FMCG_FOOD_017,2026-08-19,104.31936671235687
FMCG_FOOD_017,2026-08-20,104.05351652937334
FMCG_FOOD_017,2026-08-21,121.21033562482138
FMCG_FOOD_017,2026-08-22,171.93358879329656
FMCG_FOOD_017,2026-08-23,168.26438119297077
FMCG_FOOD_017,2026-08-24,115.33597148112914
FMCG_FOOD_017,2026-08-25,117.96581016942403
FMCG_FOOD_017,2026-08-26,117.47994331776643
FMCG_FOOD_017,2026-08-27,100.34961028694708
FMCG_FOOD_017,2026-08-28,125.54361253957119
FMCG_FOOD_018,2026-04-01,74.76119745789156
FMCG_FOOD_018,2026-04-02,80.74075054660744
FMCG_FOOD_018,2026-04-03,83.83251030961594
FMCG_FOOD_018,2026-04-04,125.41394406103716
FMCG_FOOD_018,2026-04-05,123.67044785083864
FMCG_FOOD_018,2026-04-06,85.37937762821949
FMCG_FOOD_018,2026-04-07,78.49604465646586
FMCG_FOOD_018,2026-04-08,70.59302311575263
FMCG_FOOD_018,2026-04-09,91.04703440213993
FMCG_FOOD_018,2026-04-10,71.76829590971636
FMCG_FOOD_018,2026-04-11,127.15339831607427
FMCG_FOOD_018,2026-04-12,130.59193211976483
FMCG_FOOD_018,2026-04-13,84.39614516000302
FMCG_FOOD_018,2026-04-14,82.28997277306937
FMCG_FOOD_018,2026-04-15,57.85720609562312
FMCG_FOOD_018,2026-04-16,75.70014185039562
FMCG_FOOD_018,2026-04-17,83.74069375301914
FMCG_FOOD_018,2026-04-18,128.0881636546176
FMCG_FOOD_018,2026-04-19,133.1421637713106
FMCG_FOOD_018,2026-04-20,89.91981039261876
FMCG_FOOD_018,2026-04-21,86.00283029820156
FMCG_FOOD_018,2026-04-22,76.3907757923997
FMCG_FOOD_018,2026-04-23,78.04582904744096
FMCG_FOOD_018,2026-04-24,95.3383791742063
FMCG_FOOD_018,2026-04-25,128.58503770825493
FMCG_FOOD_018,2026-04-26,129.39627536404348
FMCG_FOOD_018,2026-04-27,86.92802026496341
FMCG_FOOD_018,2026-04-28,92.82405097878663
FMCG_FOOD_018,2026-04-29,76.08001261791894
FMCG_FOOD_018,2026-04-30,79.43067745236596
FMCG_FOOD_018,2026-05-01,70.82870216372979
FMCG_FOOD_018,2026-05-02,128.70866203934935
FMCG_FOOD_018,2026-05-03,135.68398758041081
FMCG_FOOD_018,2026-05-04,81.0725001917949
FMCG_FOOD_018,2026-05-05,98.00252209307205
FMCG_FOOD_018,2026-05-06,85.1679935808569
FMCG_FOOD_018,2026-05-07,83.59210061462649
FMCG_FOOD_018,2026-05-08,81.76812389501376
FMCG_FOOD_018,2026-05-09,121.35713740667197
FMCG_FOOD_018,2026-05-10,131.53637478646974
FMCG_FOOD_018,2026-05-11,87.83125424371258
FMCG_FOOD_018,2026-05-12,84.21724892821506
FMCG_FOOD_018,2026-05-13,87.12579484129114
FMCG_FOOD_018,2026-05-14,80.15165773239973
FMCG_FOOD_018,2026-05-15,75.76668990434175
FMCG_FOOD_018,2026-05-16,132.3109513354199
FMCG_FOOD_018,2026-05-17,135.04279469137518
FMCG_FOOD_018,2026-05-18,84.7173408236412
FMCG_FOOD_018,2026-05-19,87.80777326937653
FMCG_FOOD_018,2026-05-20,92.48547566576853
FMCG_FOOD_018,2026-05-21,92.60538898920457
FMCG_FOOD_018,2026-05-22,93.42323378488753
FMCG_FOOD_018,2026-05-23,142.1420756027639
FMCG_FOOD_018,2026-05-24,138.27694733392528
FMCG_FOOD_018,2026-05-25,89.91497405362716
FMCG_FOOD_018,2026-05-26,102.59939533527141
FMCG_FOOD_018,2026-05-27,93.59059666127256
FMCG_FOOD_018,2026-05-28,80.87318071706369
FMCG_FOOD_018,2026-05-29,72.98192983110245
FMCG_FOOD_018,2026-05-30,133.34489531113294
FMCG_FOOD_018,2026-05-31,140.3354620092039
FMCG_FOOD_018,2026-06-01,95.7257058488569
FMCG_FOOD_018,2026-06-02,78.42125426553245
FMCG_FOOD_018,2026-06-03,94.21243331296766
FMCG_FOOD_018,2026-06-04,97.56401955742773
FMCG_FOOD_018,2026-06-05,93.55902147912579
FMCG_FOOD_018,2026-06-06,139.58423152884032
FMCG_FOOD_018,2026-06-07,135.40079619046045
FMCG_FOOD_018,2026-06-08,85.56598369351674
FMCG_FOOD_018,2026-06-09,95.55581592719442
FMCG_FOOD_018,2026-06-10,94.10844090295801
FMCG_FOOD_018,2026-06-11,87.06561733155765
FMCG_FOOD_018,2026-06-12,109.88264015449205
FMCG_FOOD_018,2026-06-13,125.42258862298013
FMCG_FOOD_018,2026-06-14,135.66616310286165
FMCG_FOOD_018,2026-06-15,84.15596199799718
FMCG_FOOD_018,2026-06-16,93.43498946256756
FMCG_FOOD_018,2026-06-17,75.15318725807325
FMCG_FOOD_018,2026-06-18,100.72720355610693
FMCG_FOOD_018,2026-06-19,98.79305764711681
FMCG_FOOD_018,2026-06-20,140.5121000556674
FMCG_FOOD_018,2026-06-21,136.09844106513737
FMCG_FOOD_018,2026-06-22,96.95884781947152
FMCG_FOOD_018,2026-06-23,94.04678054913823
FMCG_FOOD_018,2026-06-24,99.12093070810153
FMCG_FOOD_018,2026-06-25,90.78262277305181
FMCG_FOOD_018,2026-06-26,90.46635380138707
FMCG_FOOD_018,2026-06-27,147.96412559976844
FMCG_FOOD_018,2026-06-28,144.60592996821003
FMCG_FOOD_018,2026-06-29,90.97529638892335
FMCG_FOOD_018,2026-06-30,95.40592172785128
FMCG_FOOD_018,2026-07-01,94.11003192413678
FMCG_FOOD_018,2026-07-02,96.49090917333932
FMCG_FOOD_018,2026-07-03,102.97866071504639
FMCG_FOOD_018,2026-07-04,137.7360238137488
FMCG_FOOD_018,2026-07-05,135.5580318380612
FMCG_FOOD_018,2026-07-06,95.56295620976098
FMCG_FOOD_018,2026-07-07,89.31122534231748
FMCG_FOOD_018,2026-07-08,86.5037472979784
FMCG_FOOD_018,2026-07-09,101.69905311576998
FMCG_FOOD_018,2026-07-10,91.73107117971217
FMCG_FOOD_018,2026-07-11,126.79230355366981
FMCG_FOOD_018,2026-07-12,148.39458413388581
FMCG_FOOD_018,2026-07-13,90.98860310559579
FMCG_FOOD_018,2026-07-14,99.1648750802554
FMCG_FOOD_018,2026-07-15,103.30918629644829
FMCG_FOOD_018,2026-07-16,96.39821443639471
FMCG_FOOD_018,2026-07-17,78.96971251444569
FMCG_FOOD_018,2026-07-18,127.08700602149753
FMCG_FOOD_018,2026-07-19,137.4379753322253
FMCG_FOOD_018,2026-07-20,95.05083286106834
FMCG_FOOD_018,2026-07-21,105.1311185414587
FMCG_FOOD_018,2026-07-22,98.1015357822185
FMCG_FOOD_018,2026-07-23,116.62645937787848
FMCG_FOOD_018,2026-07-24,84.3177287725174
FMCG_FOOD_018,2026-07-25,144.60820546411065
FMCG_FOOD_018,2026-07-26,140.28077999454172
FMCG_FOOD_018,2026-07-27,98.40364016793654
FMCG_FOOD_018,2026-07-28,110.53822818484537
FMCG_FOOD_018,2026-07-29,111.18782008781415
FMCG_FOOD_018,2026-07-30,97.43023691744192
FMCG_FOOD_018,2026-07-31,103.95595971653344
FMCG_FOOD_018,2026-08-01,146.40284500509782
FMCG_FOOD_018,2026-08-02,136.35517816368974
FMCG_FOOD_018,2026-08-03,97.71313117741838
FMCG_FOOD_018,2026-08-04,93.75963561824908
FMCG_FOOD_018,2026-08-05,97.40412154650205
FMCG_FOOD_018,2026-08-06,91.31851361544967
FMCG_FOOD_018,2026-08-07,99.42566144759152
FMCG_FOOD_018,2026-08-08,148.16463699851744
FMCG_FOOD_018,2026-08-09,151.46359945066527
FMCG_FOOD_018,2026-08-10,101.09789356050469
FMCG_FOOD_018,2026-08-11,111.71340990575119
FMCG_FOOD_018,2026-08-12,116.26839927666626
FMCG_FOOD_018,2026-08-13,95.90419925201242
FMCG_FOOD_018,2026-08-14,106.91353553059194
FMCG_FOOD_018,2026-08-15,163.50534140547586
FMCG_FOOD_018,2026-08-16,154.81936901599332
FMCG_FOOD_018,2026-08-17,105.36685560202163
FMCG_FOOD_018,2026-08-18,85.4573304760141
FMCG_FOOD_018,2026-08-19,95.59120013494143
FMCG_FOOD_018,2026-08-20,96.89437879521142
FMCG_FOOD_018,2026-08-21,111.25880663417209
FMCG_FOOD_018,2026-08-22,142.0781846230867
FMCG_FOOD_018,2026-08-23,147.32554002821573
FMCG_FOOD_018,2026-08-24,107.38817608667709
FMCG_FOOD_018,2026-08-25,94.77197513855315
FMCG_FOOD_018,2026-08-26,103.254808511953
FMCG_FOOD_018,2026-08-27,102.37530989555863
FMCG_FOOD_018,2026-08-28,108.27916998949053
FMCG_FOOD_019,2026-04-01,114.86943085702464
FMCG_FOOD_019,2026-04-02,132.98073142746213
FMCG_FOOD_019,2026-04-03,130.2585836047836
FMCG_FOOD_019,2026-04-04,197.690872526754
FMCG_FOOD_019,2026-04-05,200.67543288421967
FMCG_FOOD_019,2026-04-06,116.40705951813996
FMCG_FOOD_019,2026-04-07,113.74281835936958
FMCG_FOOD_019,2026-04-08,133.39113873801776
FMCG_FOOD_019,2026-04-09,121.44554508094673
FMCG_FOOD_019,2026-04-10,123.36497912153615
FMCG_FOOD_019,2026-04-11,201.7418056301146
FMCG_FOOD_019,2026-04-12,201.71304664084084
FMCG_FOOD_019,2026-04-13,107.219284407019
FMCG_FOOD_019,2026-04-14,140.77090066339477
FMCG_FOOD_019,2026-04-15,126.59054046837834
FMCG_FOOD_019,2026-04-16,122.75736486728756
FMCG_FOOD_019,2026-04-17,130.69940586358788
FMCG_FOOD_019,2026-04-18,202.25946898146285
FMCG_FOOD_019,2026-04-19,208.93487108072333
FMCG_FOOD_019,2026-04-20,132.46719916745656
FMCG_FOOD_019,2026-04-21,134.8295086166541
FMCG_FOOD_019,2026-04-22,142.76722504044847
FMCG_FOOD_019,2026-04-23,137.16858195234295
FMCG_FOOD_019,2026-04-24,124.47601948995869
FMCG_FOOD_019,2026-04-25,186.58831578025496
FMCG_FOOD_019,2026-04-26,221.06391457595555
FMCG_FOOD_019,2026-04-27,123.97600250783051
FMCG_FOOD_019,2026-04-28,121.23077881566557
FMCG_FOOD_019,2026-04-29,105.8382601414974
FMCG_FOOD_019,2026-04-30,131.51321919533896
FMCG_FOOD_019,2026-05-01,129.33130522863138
FMCG_FOOD_019,2026-05-02,182.8140862841314
FMCG_FOOD_019,2026-05-03,207.1752707182381
FMCG_FOOD_019,2026-05-04,121.8222393753723
FMCG_FOOD_019,2026-05-05,161.19087458965095
FMCG_FOOD_019,2026-05-06,121.24685733728232
FMCG_FOOD_019,2026-05-07,123.04712201396715
FMCG_FOOD_019,2026-05-08,117.79025244167129
FMCG_FOOD_019,2026-05-09,218.21788120881627
FMCG_FOOD_019,2026-05-10,198.06485772808355
FMCG_FOOD_019,2026-05-11,120.08355590868439
FMCG_FOOD_019,2026-05-12,137.84554662202268
FMCG_FOOD_019,2026-05-13,112.32165889441784
FMCG_FOOD_019,2026-05-14,137.13885971886205
FMCG_FOOD_019,2026-05-15,151.51121651419055
FMCG_FOOD_019,2026-05-16,210.5192763438716
FMCG_FOOD_019,2026-05-17,211.5461492899971
FMCG_FOOD_019,2026-05-18,140.75174066796205
FMCG_FOOD_019,2026-05-19,151.22940875270888
FMCG_FOOD_019,2026-05-20,145.23169570823498
FMCG_FOOD_019,2026-05-21,135.9079375839582
FMCG_FOOD_019,2026-05-22,141.76786422782283
FMCG_FOOD_019,2026-05-23,193.70300041677916
FMCG_FOOD_019,2026-05-24,214.29841116619207
FMCG_FOOD_019,2026-05-25,118.7316615544399
FMCG_FOOD_019,2026-05-26,126.735624250831
FMCG_FOOD_019,2026-05-27,93.48448524573818
FMCG_FOOD_019,2026-05-28,136.4875848102198
FMCG_FOOD_019,2026-05-29,123.78037426336725
FMCG_FOOD_019,2026-05-30,219.3170861470149
FMCG_FOOD_019,2026-05-31,210.59936911044647
FMCG_FOOD_019,2026-06-01,145.97637950483
FMCG_FOOD_019,2026-06-02,118.9717625005278
FMCG_FOOD_019,2026-06-03,145.22214825706348
FMCG_FOOD_019,2026-06-04,158.50203303566892
FMCG_FOOD_019,2026-06-05,142.1491470891623
FMCG_FOOD_019,2026-06-06,216.42129280691518
FMCG_FOOD_019,2026-06-07,208.93605141965773
FMCG_FOOD_019,2026-06-08,126.746573999046
FMCG_FOOD_019,2026-06-09,142.71266618422854
FMCG_FOOD_019,2026-06-10,114.97518020205456
FMCG_FOOD_019,2026-06-11,128.51161196347397
FMCG_FOOD_019,2026-06-12,112.01600133125267
FMCG_FOOD_019,2026-06-13,199.0950265590245
FMCG_FOOD_019,2026-06-14,215.7971546302908
FMCG_FOOD_019,2026-06-15,140.4663385275117
FMCG_FOOD_019,2026-06-16,135.02623845508631
FMCG_FOOD_019,2026-06-17,136.64593222696274
FMCG_FOOD_019,2026-06-18,111.50386520027021
FMCG_FOOD_019,2026-06-19,130.26748394897774
FMCG_FOOD_019,2026-06-20,200.41937524084693
FMCG_FOOD_019,2026-06-21,200.84356580667117
FMCG_FOOD_019,2026-06-22,142.67481712210918
FMCG_FOOD_019,2026-06-23,124.86575988398467
FMCG_FOOD_019,2026-06-24,128.16242554343285
FMCG_FOOD_019,2026-06-25,110.07904827777296
FMCG_FOOD_019,2026-06-26,132.28228488137313
FMCG_FOOD_019,2026-06-27,196.4695981631225
FMCG_FOOD_019,2026-06-28,210.9741960228826
FMCG_FOOD_019,2026-06-29,124.65137102506768
FMCG_FOOD_019,2026-06-30,137.78586962025537
FMCG_FOOD_019,2026-07-01,134.8703651428692
FMCG_FOOD_019,2026-07-02,157.36611380842055
FMCG_FOOD_019,2026-07-03,143.06578115957427
FMCG_FOOD_019,2026-07-04,188.2724541674837
FMCG_FOOD_019,2026-07-05,195.4918672175367
FMCG_FOOD_019,2026-07-06,138.0790585106057
FMCG_FOOD_019,2026-07-07,126.11287023477041
FMCG_FOOD_019,2026-07-08,101.189068308099
FMCG_FOOD_019,2026-07-09,154.44941966015503
FMCG_FOOD_019,2026-07-10,146.8587554079365
FMCG_FOOD_019,2026-07-11,218.3580155439488
FMCG_FOOD_019,2026-07-12,204.62992654070777
FMCG_FOOD_019,2026-07-13,143.71042428342213
FMCG_FOOD_019,2026-07-14,129.93636801208316
FMCG_FOOD_019,2026-07-15,141.26974479267759
FMCG_FOOD_019,2026-07-16,127.57682632221133
FMCG_FOOD_019,2026-07-17,157.700347941839
FMCG_FOOD_019,2026-07-18,193.6860891547933
FMCG_FOOD_019,2026-07-19,228.30709110298324
FMCG_FOOD_019,2026-07-20,139.97866468461316
FMCG_FOOD_019,2026-07-21,133.62955595729352
FMCG_FOOD_019,2026-07-22,141.8541359368576
FMCG_FOOD_019,2026-07-23,148.97018048829162
FMCG_FOOD_019,2026-07-24,156.9109848613411
FMCG_FOOD_019,2026-07-25,217.90165918454247
FMCG_FOOD_019,2026-07-26,203.244438151274
FMCG_FOOD_019,2026-07-27,141.2342505223192
FMCG_FOOD_019,2026-07-28,163.04655681094718
FMCG_FOOD_019,2026-07-29,157.42644045180526
FMCG_FOOD_019,2026-07-30,152.17779078092963
FMCG_FOOD_019,2026-07-31,150.93695034750536
FMCG_FOOD_019,2026-08-01,223.70323611446048
FMCG_FOOD_019,2026-08-02,229.5026844644714
FMCG_FOOD_019,2026-08-03,135.98346593562056
FMCG_FOOD_019,2026-08-04,125.08244139096743
FMCG_FOOD_019,2026-08-05,142.74874305906587
FMCG_FOOD_019,2026-08-06,131.9937464826344
FMCG_FOOD_019,2026-08-07,129.22324470886062
FMCG_FOOD_019,2026-08-08,207.29057350796845
FMCG_FOOD_019,2026-08-09,246.86936127176435
FMCG_FOOD_019,2026-08-10,144.32433299913288
FMCG_FOOD_019,2026-08-11,147.25146638724016
FMCG_FOOD_019,2026-08-12,127.91493747384766
FMCG_FOOD_019,2026-08-13,120.42183860685064
FMCG_FOOD_019,2026-08-14,133.17565248963868
FMCG_FOOD_019,2026-08-15,234.88980569806762
FMCG_FOOD_019,2026-08-16,221.46158823274124
FMCG_FOOD_019,2026-08-17,151.062719624766
FMCG_FOOD_019,2026-08-18,152.93436228218536
FMCG_FOOD_019,2026-08-19,136.7264026284812
FMCG_FOOD_019,2026-08-20,161.22197668287242
FMCG_FOOD_019,2026-08-21,136.51646652956717
FMCG_FOOD_019,2026-08-22,235.5466580189294
FMCG_FOOD_019,2026-08-23,223.84031652046468
FMCG_FOOD_019,2026-08-24,122.74474460277024
FMCG_FOOD_019,2026-08-25,135.69948331481342
FMCG_FOOD_019,2026-08-26,123.09525604567312
FMCG_FOOD_019,2026-08-27,159.50837023336877
FMCG_FOOD_019,2026-08-28,145.04575432413046
FMCG_FOOD_020,2026-04-01,79.97573377594946
FMCG_FOOD_020,2026-04-02,85.59408844641152
FMCG_FOOD_020,2026-04-03,96.35647972662616
FMCG_FOOD_020,2026-04-04,124.10833868227651
FMCG_FOOD_020,2026-04-05,142.8901320412357
FMCG_FOOD_020,2026-04-06,95.938778332347
FMCG_FOOD_020,2026-04-07,87.73771396523642
FMCG_FOOD_020,2026-04-08,81.10832192795675
FMCG_FOOD_020,2026-04-09,81.6991841891359
FMCG_FOOD_020,2026-04-10,78.51855550996595
FMCG_FOOD_020,2026-04-11,142.87607431483255
FMCG_FOOD_020,2026-04-12,158.57128993320148
FMCG_FOOD_020,2026-04-13,115.52939446916596
FMCG_FOOD_020,2026-04-14,94.28288111087645
FMCG_FOOD_020,2026-04-15,101.1678869098034
FMCG_FOOD_020,2026-04-16,85.59443691743331
FMCG_FOOD_020,2026-04-17,75.15680248904775
FMCG_FOOD_020,2026-04-18,166.78480350876296
FMCG_FOOD_020,2026-04-19,144.42509158235998
FMCG_FOOD_020,2026-04-20,101.4621162917003
FMCG_FOOD_020,2026-04-21,96.45784290309354
FMCG_FOOD_020,2026-04-22,104.30023654528866
FMCG_FOOD_020,2026-04-23,104.07769847545897
FMCG_FOOD_020,2026-04-24,98.0050760382775
FMCG_FOOD_020,2026-04-25,154.36758712613397
FMCG_FOOD_020,2026-04-26,162.1057781541567
FMCG_FOOD_020,2026-04-27,92.13082553810119
FMCG_FOOD_020,2026-04-28,110.36165764545707
FMCG_FOOD_020,2026-04-29,89.68772252387467
FMCG_FOOD_020,2026-04-30,97.05453536707189
FMCG_FOOD_020,2026-05-01,102.28845469244591
FMCG_FOOD_020,2026-05-02,136.862341744598
FMCG_FOOD_020,2026-05-03,164.71300192929638
FMCG_FOOD_020,2026-05-04,101.32828767762983
FMCG_FOOD_020,2026-05-05,127.46894142757405
FMCG_FOOD_020,2026-05-06,116.39237109595874
FMCG_FOOD_020,2026-05-07,97.29970959476583
FMCG_FOOD_020,2026-05-08,113.97739766277986
FMCG_FOOD_020,2026-05-09,160.69549419325904
FMCG_FOOD_020,2026-05-10,155.17618595032383
FMCG_FOOD_020,2026-05-11,82.73386537508611
FMCG_FOOD_020,2026-05-12,85.05347670307387
FMCG_FOOD_020,2026-05-13,98.34020631456329
FMCG_FOOD_020,2026-05-14,93.89264543353251
FMCG_FOOD_020,2026-05-15,100.67174086813264
FMCG_FOOD_020,2026-05-16,166.575802444614
FMCG_FOOD_020,2026-05-17,162.05761549370663
FMCG_FOOD_020,2026-05-18,92.64416803721032
FMCG_FOOD_020,2026-05-19,107.70961262945299
FMCG_FOOD_020,2026-05-20,90.94076464826723
FMCG_FOOD_020,2026-05-21,88.99138968174312
FMCG_FOOD_020,2026-05-22,103.16106102285872
FMCG_FOOD_020,2026-05-23,147.50657615100178
FMCG_FOOD_020,2026-05-24,149.2450187985592
FMCG_FOOD_020,2026-05-25,109.24454298949439
FMCG_FOOD_020,2026-05-26,106.30022995727074
FMCG_FOOD_020,2026-05-27,96.97938773679331
FMCG_FOOD_020,2026-05-28,85.59908948779565
FMCG_FOOD_020,2026-05-29,93.9365067473839
FMCG_FOOD_020,2026-05-30,173.91711769351986
FMCG_FOOD_020,2026-05-31,165.09217181799463
FMCG_FOOD_020,2026-06-01,114.24703674938657
FMCG_FOOD_020,2026-06-02,103.65542765309725
FMCG_FOOD_020,2026-06-03,98.22035603125556
FMCG_FOOD_020,2026-06-04,109.92777161982137
FMCG_FOOD_020,2026-06-05,113.54291906307671
FMCG_FOOD_020,2026-06-06,152.68637456328085
FMCG_FOOD_020,2026-06-07,150.6885158126021
FMCG_FOOD_020,2026-06-08,88.20441131496001
FMCG_FOOD_020,2026-06-09,95.55648994531644
FMCG_FOOD_020,2026-06-10,108.65405366236224
FMCG_FOOD_020,2026-06-11,97.16439986218643
FMCG_FOOD_020,2026-06-12,111.37191646893181
FMCG_FOOD_020,2026-06-13,176.24800965778894
FMCG_FOOD_020,2026-06-14,158.52834910254816
FMCG_FOOD_020,2026-06-15,103.10031819963109
FMCG_FOOD_020,2026-06-16,108.44722604951485
FMCG_FOOD_020,2026-06-17,98.26549727043403
FMCG_FOOD_020,2026-06-18,97.7446504661859
FMCG_FOOD_020,2026-06-19,98.16892924988109
FMCG_FOOD_020,2026-06-20,148.66068667400026
FMCG_FOOD_020,2026-06-21,167.62803902701978
FMCG_FOOD_020,2026-06-22,99.73146442559276
FMCG_FOOD_020,2026-06-23,114.67475971396759
FMCG_FOOD_020,2026-06-24,109.46940352668655
FMCG_FOOD_020,2026-06-25,104.54041819990522
FMCG_FOOD_020,2026-06-26,112.34858015817187
FMCG_FOOD_020,2026-06-27,151.57015347601202
FMCG_FOOD_020,2026-06-28,153.2202806450633
FMCG_FOOD_020,2026-06-29,111.91509689472726
FMCG_FOOD_020,2026-06-30,85.29981353980313
FMCG_FOOD_020,2026-07-01,105.78442285876353
FMCG_FOOD_020,2026-07-02,111.23262133291657
FMCG_FOOD_020,2026-07-03,118.01012108553601
FMCG_FOOD_020,2026-07-04,175.24241292432603
FMCG_FOOD_020,2026-07-05,160.251366506588
FMCG_FOOD_020,2026-07-06,113.48645206204456
FMCG_FOOD_020,2026-07-07,99.14997854794468
FMCG_FOOD_020,2026-07-08,102.61992476103205
FMCG_FOOD_020,2026-07-09,119.43247672559069
FMCG_FOOD_020,2026-07-10,106.63288033338071
FMCG_FOOD_020,2026-07-11,163.81903540884358
FMCG_FOOD_020,2026-07-12,152.9951465912772
FMCG_FOOD_020,2026-07-13,111.33761791500301
FMCG_FOOD_020,2026-07-14,114.53729942058055
FMCG_FOOD_020,2026-07-15,114.40181071431758
FMCG_FOOD_020,2026-07-16,96.75547756766431
FMCG_FOOD_020,2026-07-17,117.24948795846147
FMCG_FOOD_020,2026-07-18,154.2174739258331
FMCG_FOOD_020,2026-07-19,163.3069820083992
FMCG_FOOD_020,2026-07-20,93.61330363237946
FMCG_FOOD_020,2026-07-21,106.99889110938108
FMCG_FOOD_020,2026-07-22,99.56700449291473
FMCG_FOOD_020,2026-07-23,104.82051413099268
FMCG_FOOD_020,2026-07-24,109.65117604509723
FMCG_FOOD_020,2026-07-25,172.0604682232385
FMCG_FOOD_020,2026-07-26,171.89471189356914
FMCG_FOOD_020,2026-07-27,88.04687415734799
FMCG_FOOD_020,2026-07-28,115.94052811283429
FMCG_FOOD_020,2026-07-29,111.74774293377308
FMCG_FOOD_020,2026-07-30,104.8461352304699
FMCG_FOOD_020,2026-07-31,102.05025281620512
FMCG_FOOD_020,2026-08-01,164.92566113522884
FMCG_FOOD_020,2026-08-02,167.77150177382399
FMCG_FOOD_020,2026-08-03,114.07651699698732
FMCG_FOOD_020,2026-08-04,108.93493118009536
FMCG_FOOD_020,2026-08-05,87.6771605410457
FMCG_FOOD_020,2026-08-06,106.49321016804858
FMCG_FOOD_020,2026-08-07,100.31003045326764
FMCG_FOOD_020,2026-08-08,185.4580329103504
FMCG_FOOD_020,2026-08-09,167.2456774418583
FMCG_FOOD_020,2026-08-10,118.46830411852602
FMCG_FOOD_020,2026-08-11,117.64316926250706
FMCG_FOOD_020,2026-08-12,114.80502197884807
FMCG_FOOD_020,2026-08-13,108.27079789692621
FMCG_FOOD_020,2026-08-14,107.24677270386339
FMCG_FOOD_020,2026-08-15,149.0105397969425
FMCG_FOOD_020,2026-08-16,169.0581768433001
FMCG_FOOD_020,2026-08-17,115.46350462001254
FMCG_FOOD_020,2026-08-18,112.40996541497918
FMCG_FOOD_020,2026-08-19,114.3194811921787
FMCG_FOOD_020,2026-08-20,102.05102492762202
FMCG_FOOD_020,2026-08-21,110.59476471151069
FMCG_FOOD_020,2026-08-22,162.67134509720756
FMCG_FOOD_020,2026-08-23,174.9180544238421
FMCG_FOOD_020,2026-08-24,114.1270558197643
FMCG_FOOD_020,2026-08-25,108.01372371943481
FMCG_FOOD_020,2026-08-26,112.57845186197162
FMCG_FOOD_020,2026-08-27,104.63637298336702
FMCG_FOOD_020,2026-08-28,111.33078883306139
FMCG_FOOD_021,2026-04-01,131.19273284243863
FMCG_FOOD_021,2026-04-02,122.25085913812707
FMCG_FOOD_021,2026-04-03,114.7231220700788
FMCG_FOOD_021,2026-04-04,236.27187551061454
FMCG_FOOD_021,2026-04-05,228.34981703757484
FMCG_FOOD_021,2026-04-06,124.85556412783546
FMCG_FOOD_021,2026-04-07,129.0750479231776
FMCG_FOOD_021,2026-04-08,106.35635531851513
FMCG_FOOD_021,2026-04-09,112.17916888548704
FMCG_FOOD_021,2026-04-10,118.46002502718441
FMCG_FOOD_021,2026-04-11,212.2566783276241
FMCG_FOOD_021,2026-04-12,211.33567604432034
FMCG_FOOD_021,2026-04-13,138.17872969542742
FMCG_FOOD_021,2026-04-14,142.9076210997265
FMCG_FOOD_021,2026-04-15,137.7697225605018
FMCG_FOOD_021,2026-04-16,119.97541640691117
FMCG_FOOD_021,2026-04-17,138.67710933173126
FMCG_FOOD_021,2026-04-18,222.1366439091487
FMCG_FOOD_021,2026-04-19,208.26000192069492
FMCG_FOOD_021,2026-04-20,110.47723410050698
FMCG_FOOD_021,2026-04-21,150.62971157145913
FMCG_FOOD_021,2026-04-22,136.3157520529412
FMCG_FOOD_021,2026-04-23,98.69852859112663
FMCG_FOOD_021,2026-04-24,162.77734072024697
FMCG_FOOD_021,2026-04-25,208.4803347480802
FMCG_FOOD_021,2026-04-26,247.1451060707406
FMCG_FOOD_021,2026-04-27,140.88120963298527
FMCG_FOOD_021,2026-04-28,133.3746282890605
FMCG_FOOD_021,2026-04-29,138.62345036085642
FMCG_FOOD_021,2026-04-30,126.98761333370118
FMCG_FOOD_021,2026-05-01,137.3092972477397
FMCG_FOOD_021,2026-05-02,242.39019235834814
FMCG_FOOD_021,2026-05-03,204.1381839206901
FMCG_FOOD_021,2026-05-04,143.99041415794437
FMCG_FOOD_021,2026-05-05,127.59918324960512
FMCG_FOOD_021,2026-05-06,135.03133100585643
FMCG_FOOD_021,2026-05-07,163.491256407224
FMCG_FOOD_021,2026-05-08,144.49929593703666
FMCG_FOOD_021,2026-05-09,226.74289050985132
FMCG_FOOD_021,2026-05-10,217.98517242789015
FMCG_FOOD_021,2026-05-11,173.58045096499194
FMCG_FOOD_021,2026-05-12,125.61476856480202
FMCG_FOOD_021,2026-05-13,117.45229082050454
FMCG_FOOD_021,2026-05-14,160.70536610696558
FMCG_FOOD_021,2026-05-15,133.56309715784084
FMCG_FOOD_021,2026-05-16,223.36541971054623
FMCG_FOOD_021,2026-05-17,240.7559321841528
FMCG_FOOD_021,2026-05-18,144.64097664862072
FMCG_FOOD_021,2026-05-19,168.6468011879072
FMCG_FOOD_021,2026-05-20,141.14778538903258
FMCG_FOOD_021,2026-05-21,130.15272539508848
FMCG_FOOD_021,2026-05-22,108.58402184406961
FMCG_FOOD_021,2026-05-23,222.9672263188932
FMCG_FOOD_021,2026-05-24,189.62917411373184
FMCG_FOOD_021,2026-05-25,144.38524458313577
FMCG_FOOD_021,2026-05-26,159.51590390838882
FMCG_FOOD_021,2026-05-27,140.17479892974586
FMCG_FOOD_021,2026-05-28,143.0594030656105
FMCG_FOOD_021,2026-05-29,152.78677399358972
FMCG_FOOD_021,2026-05-30,228.88785201493928
FMCG_FOOD_021,2026-05-31,235.51858006021243
FMCG_FOOD_021,2026-06-01,140.89684214779373
FMCG_FOOD_021,2026-06-02,111.58501504306676
FMCG_FOOD_021,2026-06-03,156.9734335315496
FMCG_FOOD_021,2026-06-04,138.44781508697238
FMCG_FOOD_021,2026-06-05,130.15178461569568
FMCG_FOOD_021,2026-06-06,225.5343471664333
FMCG_FOOD_021,2026-06-07,223.71235203987467
FMCG_FOOD_021,2026-06-08,132.30709548334187
FMCG_FOOD_021,2026-06-09,125.38028545518235
FMCG_FOOD_021,2026-06-10,148.68308272809188
FMCG_FOOD_021,2026-06-11,131.43169393743383
FMCG_FOOD_021,2026-06-12,144.30986187179434
FMCG_FOOD_021,2026-06-13,227.0794786918666
FMCG_FOOD_021,2026-06-14,235.07992521795563
FMCG_FOOD_021,2026-06-15,171.2221675511463
FMCG_FOOD_021,2026-06-16,146.5311614568387
FMCG_FOOD_021,2026-06-17,137.9352285924951
FMCG_FOOD_021,2026-06-18,165.59135397252527
FMCG_FOOD_021,2026-06-19,157.68482402079593
FMCG_FOOD_021,2026-06-20,225.42265596673678
FMCG_FOOD_021,2026-06-21,226.4716276891349
FMCG_FOOD_021,2026-06-22,144.65523475866598
FMCG_FOOD_021,2026-06-23,146.59119186260077
FMCG_FOOD_021,2026-06-24,143.25537735831745
FMCG_FOOD_021,2026-06-25,131.88223763300684
FMCG_FOOD_021,2026-06-26,145.01712965685186
FMCG_FOOD_021,2026-06-27,247.44601966535234
FMCG_FOOD_021,2026-06-28,213.62824558694982
FMCG_FOOD_021,2026-06-29,141.76921858316817
FMCG_FOOD_021,2026-06-30,133.7266656867583
FMCG_FOOD_021,2026-07-01,160.92678630289086
FMCG_FOOD_021,2026-07-02,156.752094507733
FMCG_FOOD_021,2026-07-03,129.07627077132958
FMCG_FOOD_021,2026-07-04,198.6562959441694
FMCG_FOOD_021,2026-07-05,236.8772555606169
FMCG_FOOD_021,2026-07-06,128.7216739897573
FMCG_FOOD_021,2026-07-07,157.4831159096148
FMCG_FOOD_021,2026-07-08,138.27743593447843
FMCG_FOOD_021,2026-07-09,156.0239956293185
FMCG_FOOD_021,2026-07-10,152.86233682542309
FMCG_FOOD_021,2026-07-11,219.26880568169727
FMCG_FOOD_021,2026-07-12,214.89730542581137
FMCG_FOOD_021,2026-07-13,155.0505166101603
FMCG_FOOD_021,2026-07-14,138.4578684971814
FMCG_FOOD_021,2026-07-15,162.38853914855775
FMCG_FOOD_021,2026-07-16,136.91298112743723
FMCG_FOOD_021,2026-07-17,152.67462423463257
FMCG_FOOD_021,2026-07-18,222.24930052132464
FMCG_FOOD_021,2026-07-19,227.62542625929683
FMCG_FOOD_021,2026-07-20,139.25304372393435
FMCG_FOOD_021,2026-07-21,146.29239505258943
FMCG_FOOD_021,2026-07-22,114.98487938083417
FMCG_FOOD_021,2026-07-23,138.21942323285464
FMCG_FOOD_021,2026-07-24,141.34352577898585
FMCG_FOOD_021,2026-07-25,227.50122980946924
FMCG_FOOD_021,2026-07-26,245.67013134686854
FMCG_FOOD_021,2026-07-27,140.33995718884776
FMCG_FOOD_021,2026-07-28,168.36460407237098
FMCG_FOOD_021,2026-07-29,138.47927397711226
FMCG_FOOD_021,2026-07-30,135.37279007375895
FMCG_FOOD_021,2026-07-31,125.27834525550996
FMCG_FOOD_021,2026-08-01,237.50955733979728
FMCG_FOOD_021,2026-08-02,230.78549601053982
FMCG_FOOD_021,2026-08-03,157.82747809452232
FMCG_FOOD_021,2026-08-04,152.48739309465392
FMCG_FOOD_021,2026-08-05,150.7785974345278
FMCG_FOOD_021,2026-08-06,154.80439337396604
FMCG_FOOD_021,2026-08-07,179.6128169529246
FMCG_FOOD_021,2026-08-08,224.29401581249405
FMCG_FOOD_021,2026-08-09,257.8170531134281
FMCG_FOOD_021,2026-08-10,162.9011933793647
FMCG_FOOD_021,2026-08-11,156.62061239103082
FMCG_FOOD_021,2026-08-12,159.26977712428786
FMCG_FOOD_021,2026-08-13,109.91776203193152
FMCG_FOOD_021,2026-08-14,148.79604068815377
FMCG_FOOD_021,2026-08-15,222.75291961878267
FMCG_FOOD_021,2026-08-16,259.6335919337505
FMCG_FOOD_021,2026-08-17,148.19353777863634
FMCG_FOOD_021,2026-08-18,152.45664031422834
FMCG_FOOD_021,2026-08-19,152.39222270629344
FMCG_FOOD_021,2026-08-20,135.90376913005898
FMCG_FOOD_021,2026-08-21,145.90507451350376
FMCG_FOOD_021,2026-08-22,243.4330524292466
FMCG_FOOD_021,2026-08-23,204.6601504478716
FMCG_FOOD_021,2026-08-24,157.85985145578547
FMCG_FOOD_021,2026-08-25,142.00046678706872
FMCG_FOOD_021,2026-08-26,171.20893051041594
FMCG_FOOD_021,2026-08-27,159.41296732714594
FMCG_FOOD_021,2026-08-28,134.28906394690748
FMCG_FOOD_022,2026-04-01,80.20186776998405
FMCG_FOOD_022,2026-04-02,65.5914761644489
FMCG_FOOD_022,2026-04-03,73.40611373104389
FMCG_FOOD_022,2026-04-04,122.80252143156659
FMCG_FOOD_022,2026-04-05,125.84367126134403
FMCG_FOOD_022,2026-04-06,75.92995621133925
FMCG_FOOD_022,2026-04-07,85.92274030574008
FMCG_FOOD_022,2026-04-08,78.8565440325069
FMCG_FOOD_022,2026-04-09,81.63046193539421
FMCG_FOOD_022,2026-04-10,73.79026440854852
FMCG_FOOD_022,2026-04-11,128.24261408283493
FMCG_FOOD_022,2026-04-12,139.7601999654582
FMCG_FOOD_022,2026-04-13,82.8547072942484
FMCG_FOOD_022,2026-04-14,87.44321915495571
FMCG_FOOD_022,2026-04-15,76.85506898855034
FMCG_FOOD_022,2026-04-16,86.36669423104176
FMCG_FOOD_022,2026-04-17,87.18907840356738
FMCG_FOOD_022,2026-04-18,127.63995438058029
FMCG_FOOD_022,2026-04-19,125.32441778442376
FMCG_FOOD_022,2026-04-20,68.33782815985461
FMCG_FOOD_022,2026-04-21,79.7506395520113
FMCG_FOOD_022,2026-04-22,84.50222074151239
FMCG_FOOD_022,2026-04-23,74.40762918770231
FMCG_FOOD_022,2026-04-24,70.67036140842437
FMCG_FOOD_022,2026-04-25,127.58502792752383
FMCG_FOOD_022,2026-04-26,128.72612758348836
FMCG_FOOD_022,2026-04-27,70.52524144245452
FMCG_FOOD_022,2026-04-28,81.36394202475309
FMCG_FOOD_022,2026-04-29,83.43244220128756
FMCG_FOOD_022,2026-04-30,91.52403848385376
FMCG_FOOD_022,2026-05-01,77.83080265866283
FMCG_FOOD_022,2026-05-02,143.91544720598435
FMCG_FOOD_022,2026-05-03,128.41491620041893
FMCG_FOOD_022,2026-05-04,72.69504250176531
FMCG_FOOD_022,2026-05-05,79.55757117851724
FMCG_FOOD_022,2026-05-06,73.6810829505852
FMCG_FOOD_022,2026-05-07,81.11226822940235
FMCG_FOOD_022,2026-05-08,86.15719141098599
FMCG_FOOD_022,2026-05-09,130.9650519425234
FMCG_FOOD_022,2026-05-10,120.34803562079004
FMCG_FOOD_022,2026-05-11,73.34040349546319
FMCG_FOOD_022,2026-05-12,86.3792956197733
FMCG_FOOD_022,2026-05-13,88.25956214576345
FMCG_FOOD_022,2026-05-14,79.68523518539301
FMCG_FOOD_022,2026-05-15,64.05992419822168
FMCG_FOOD_022,2026-05-16,121.03032749286044
FMCG_FOOD_022,2026-05-17,137.69451283869492
FMCG_FOOD_022,2026-05-18,78.36331678559252
FMCG_FOOD_022,2026-05-19,81.52631340825259
FMCG_FOOD_022,2026-05-20,88.6107153310078
FMCG_FOOD_022,2026-05-21,82.14172093218593
FMCG_FOOD_022,2026-05-22,95.4101560283381
FMCG_FOOD_022,2026-05-23,128.1245387621135
FMCG_FOOD_022,2026-05-24,124.52296821827048
FMCG_FOOD_022,2026-05-25,94.20349596323531
FMCG_FOOD_022,2026-05-26,85.61810691905262
FMCG_FOOD_022,2026-05-27,77.09633656626504
FMCG_FOOD_022,2026-05-28,89.1830476696773
FMCG_FOOD_022,2026-05-29,83.43368084116929
FMCG_FOOD_022,2026-05-30,123.22684753034314
FMCG_FOOD_022,2026-05-31,132.93239145194093
FMCG_FOOD_022,2026-06-01,84.93265693180867
FMCG_FOOD_022,2026-06-02,73.30687462493387
FMCG_FOOD_022,2026-06-03,78.29320523741643
FMCG_FOOD_022,2026-06-04,100.96316163175159
FMCG_FOOD_022,2026-06-05,87.37608370714929
FMCG_FOOD_022,2026-06-06,143.46936266824716
FMCG_FOOD_022,2026-06-07,135.6279001412902
FMCG_FOOD_022,2026-06-08,96.7259470786021
FMCG_FOOD_022,2026-06-09,91.62926448264867
FMCG_FOOD_022,2026-06-10,80.21326690337769
FMCG_FOOD_022,2026-06-11,92.32255336579831
FMCG_FOOD_022,2026-06-12,80.4636158987656
FMCG_FOOD_022,2026-06-13,141.30614157334463
FMCG_FOOD_022,2026-06-14,135.9764751985464
FMCG_FOOD_022,2026-06-15,88.39454843355942
FMCG_FOOD_022,2026-06-16,85.02331106422795
FMCG_FOOD_022,2026-06-17,94.69801342823581
FMCG_FOOD_022,2026-06-18,87.48607437105734
FMCG_FOOD_022,2026-06-19,74.14380720374338
FMCG_FOOD_022,2026-06-20,122.00026409004471
FMCG_FOOD_022,2026-06-21,125.57660314669926
FMCG_FOOD_022,2026-06-22,95.33818761991958
FMCG_FOOD_022,2026-06-23,96.07392951618863
FMCG_FOOD_022,2026-06-24,92.1024824850144
FMCG_FOOD_022,2026-06-25,92.17094772294072
FMCG_FOOD_022,2026-06-26,101.03523670636358
FMCG_FOOD_022,2026-06-27,138.88993261901598
FMCG_FOOD_022,2026-06-28,141.31344365436777
FMCG_FOOD_022,2026-06-29,90.26724550752525
FMCG_FOOD_022,2026-06-30,86.94987639224034
FMCG_FOOD_022,2026-07-01,88.49219103707114
FMCG_FOOD_022,2026-07-02,106.59091990852157
FMCG_FOOD_022,2026-07-03,82.58226706832846
FMCG_FOOD_022,2026-07-04,139.72019928468234
FMCG_FOOD_022,2026-07-05,125.78150579498642
FMCG_FOOD_022,2026-07-06,86.69902256272907
FMCG_FOOD_022,2026-07-07,97.50846086193744
FMCG_FOOD_022,2026-07-08,77.7632931322983
FMCG_FOOD_022,2026-07-09,98.81649251740224
FMCG_FOOD_022,2026-07-10,107.76608579268235
FMCG_FOOD_022,2026-07-11,141.16173597950254
FMCG_FOOD_022,2026-07-12,148.21673852798125
FMCG_FOOD_022,2026-07-13,94.3598932072056
FMCG_FOOD_022,2026-07-14,98.0753841774005
FMCG_FOOD_022,2026-07-15,96.24400020187673
FMCG_FOOD_022,2026-07-16,88.97257028099038
FMCG_FOOD_022,2026-07-17,88.43244384453544
FMCG_FOOD_022,2026-07-18,148.4972193426305
FMCG_FOOD_022,2026-07-19,139.22495329321535
FMCG_FOOD_022,2026-07-20,92.40835456439515
FMCG_FOOD_022,2026-07-21,92.39884996469877
FMCG_FOOD_022,2026-07-22,96.15933212776413
FMCG_FOOD_022,2026-07-23,84.8214920509873
FMCG_FOOD_022,2026-07-24,92.69749434494463
FMCG_FOOD_022,2026-07-25,142.84130648575817
FMCG_FOOD_022,2026-07-26,130.75104052733016
FMCG_FOOD_022,2026-07-27,96.16108430487422
FMCG_FOOD_022,2026-07-28,87.78827562831509
FMCG_FOOD_022,2026-07-29,97.25576845983485
FMCG_FOOD_022,2026-07-30,111.62054214523295
FMCG_FOOD_022,2026-07-31,94.21935128967074
FMCG_FOOD_022,2026-08-01,133.19452176079935
FMCG_FOOD_022,2026-08-02,143.47554464421646
FMCG_FOOD_022,2026-08-03,99.25141786611374
FMCG_FOOD_022,2026-08-04,88.53569302715039
FMCG_FOOD_022,2026-08-05,82.66770379848654
FMCG_FOOD_022,2026-08-06,88.85928287002875
FMCG_FOOD_022,2026-08-07,95.8276920372245
FMCG_FOOD_022,2026-08-08,139.04408571405511
FMCG_FOOD_022,2026-08-09,150.9967034177398
FMCG_FOOD_022,2026-08-10,100.63177066737822
FMCG_FOOD_022,2026-08-11,97.58528980501322
FMCG_FOOD_022,2026-08-12,83.51381401156642
FMCG_FOOD_022,2026-08-13,101.95409852509016
FMCG_FOOD_022,2026-08-14,112.48966496135984
FMCG_FOOD_022,2026-08-15,150.23975915999185
FMCG_FOOD_022,2026-08-16,138.6857511021241
FMCG_FOOD_022,2026-08-17,96.65008683057202
FMCG_FOOD_022,2026-08-18,101.38491645046824
FMCG_FOOD_022,2026-08-19,108.67729126035836
FMCG_FOOD_022,2026-08-20,92.71571626169211
FMCG_FOOD_022,2026-08-21,94.71554108426889
FMCG_FOOD_022,2026-08-22,144.3176175345908
FMCG_FOOD_022,2026-08-23,143.79374312074015
FMCG_FOOD_022,2026-08-24,104.85116869393696
FMCG_FOOD_022,2026-08-25,100.91969218736182
FMCG_FOOD_022,2026-08-26,88.29173896954052
FMCG_FOOD_022,2026-08-27,94.14277833197166
FMCG_FOOD_022,2026-08-28,94.51442099833041
FMCG_FOOD_023,2026-04-01,133.9417795536532
FMCG_FOOD_023,2026-04-02,138.26231142248486
FMCG_FOOD_023,2026-04-03,106.12574403578486
FMCG_FOOD_023,2026-04-04,210.76511257581527
FMCG_FOOD_023,2026-04-05,230.16509283873182
FMCG_FOOD_023,2026-04-06,130.03360612707976
FMCG_FOOD_023,2026-04-07,125.94696736870853
FMCG_FOOD_023,2026-04-08,166.7988005014176
FMCG_FOOD_023,2026-04-09,160.75754206764336
FMCG_FOOD_023,2026-04-10,142.6622613185091
FMCG_FOOD_023,2026-04-11,232.87529325498065
FMCG_FOOD_023,2026-04-12,187.59987185756597
FMCG_FOOD_023,2026-04-13,126.16805555151248
FMCG_FOOD_023,2026-04-14,130.60556871216244
FMCG_FOOD_023,2026-04-15,133.91426866529622
FMCG_FOOD_023,2026-04-16,130.63575571685152
FMCG_FOOD_023,2026-04-17,102.97464506452933
FMCG_FOOD_023,2026-04-18,223.76133235256557
FMCG_FOOD_023,2026-04-19,226.03933073178817
FMCG_FOOD_023,2026-04-20,159.47563368646473
FMCG_FOOD_023,2026-04-21,127.357824925538
FMCG_FOOD_023,2026-04-22,126.40279736997132
FMCG_FOOD_023,2026-04-23,102.12020943947968
FMCG_FOOD_023,2026-04-24,134.486847706023
FMCG_FOOD_023,2026-04-25,231.7650090443393
FMCG_FOOD_023,2026-04-26,211.4911338603983
FMCG_FOOD_023,2026-04-27,167.83650505033927
FMCG_FOOD_023,2026-04-28,135.58596971684145
FMCG_FOOD_023,2026-04-29,141.1843958378955
FMCG_FOOD_023,2026-04-30,120.94810841214849
FMCG_FOOD_023,2026-05-01,143.37747465986627
FMCG_FOOD_023,2026-05-02,193.92918276948862
FMCG_FOOD_023,2026-05-03,230.16492239267745
FMCG_FOOD_023,2026-05-04,149.72978037917807
FMCG_FOOD_023,2026-05-05,158.4504342285429
FMCG_FOOD_023,2026-05-06,126.4804222966362
FMCG_FOOD_023,2026-05-07,142.56758859701517
FMCG_FOOD_023,2026-05-08,148.1615235517178
FMCG_FOOD_023,2026-05-09,227.67080211745917
FMCG_FOOD_023,2026-05-10,210.1684597856795
FMCG_FOOD_023,2026-05-11,108.70824449099212
FMCG_FOOD_023,2026-05-12,145.8339640079405
FMCG_FOOD_023,2026-05-13,139.2412543428161
FMCG_FOOD_023,2026-05-14,133.79994699502055
FMCG_FOOD_023,2026-05-15,151.91326241015878
FMCG_FOOD_023,2026-05-16,222.14358623491515
FMCG_FOOD_023,2026-05-17,205.09086678763472
FMCG_FOOD_023,2026-05-18,115.97539409720102
FMCG_FOOD_023,2026-05-19,126.95899592070225
FMCG_FOOD_023,2026-05-20,174.65566597935162
FMCG_FOOD_023,2026-05-21,152.25748644809244
FMCG_FOOD_023,2026-05-22,145.19626661666265
FMCG_FOOD_023,2026-05-23,221.34757748299165
FMCG_FOOD_023,2026-05-24,220.6101953107096
FMCG_FOOD_023,2026-05-25,158.85714577534776
FMCG_FOOD_023,2026-05-26,136.62695748430366
FMCG_FOOD_023,2026-05-27,151.18842554423796
FMCG_FOOD_023,2026-05-28,138.8462226710635
FMCG_FOOD_023,2026-05-29,169.89211452977332
FMCG_FOOD_023,2026-05-30,234.8708948523071
FMCG_FOOD_023,2026-05-31,241.81501699822894
FMCG_FOOD_023,2026-06-01,136.26046804170878
FMCG_FOOD_023,2026-06-02,158.5848375196602
FMCG_FOOD_023,2026-06-03,140.23020475717166
FMCG_FOOD_023,2026-06-04,146.08547012309347
FMCG_FOOD_023,2026-06-05,166.82314355336268
FMCG_FOOD_023,2026-06-06,211.82253673378835
FMCG_FOOD_023,2026-06-07,228.7938443726229
FMCG_FOOD_023,2026-06-08,151.1130709900028
FMCG_FOOD_023,2026-06-09,152.37005914081092
FMCG_FOOD_023,2026-06-10,139.41440934323822
FMCG_FOOD_023,2026-06-11,173.8145653609091
FMCG_FOOD_023,2026-06-12,128.3184195479065
FMCG_FOOD_023,2026-06-13,246.6449527465383
FMCG_FOOD_023,2026-06-14,243.50338567548712
FMCG_FOOD_023,2026-06-15,171.91199865964975
FMCG_FOOD_023,2026-06-16,124.95893416744443
FMCG_FOOD_023,2026-06-17,134.82077491348892
FMCG_FOOD_023,2026-06-18,166.84123129868215
FMCG_FOOD_023,2026-06-19,121.50997141249083
FMCG_FOOD_023,2026-06-20,206.3128048359544
FMCG_FOOD_023,2026-06-21,221.55784487939488
FMCG_FOOD_023,2026-06-22,149.89191614640063
FMCG_FOOD_023,2026-06-23,168.94503849425845
FMCG_FOOD_023,2026-06-24,145.09891014844015
FMCG_FOOD_023,2026-06-25,139.5387715011287
FMCG_FOOD_023,2026-06-26,152.10376415890178
FMCG_FOOD_023,2026-06-27,235.38955252447442
FMCG_FOOD_023,2026-06-28,235.15673759929865
FMCG_FOOD_023,2026-06-29,145.94718619265683
FMCG_FOOD_023,2026-06-30,122.10633746210497
FMCG_FOOD_023,2026-07-01,136.26218414706452
FMCG_FOOD_023,2026-07-02,167.97365965111075
FMCG_FOOD_023,2026-07-03,151.4754306626841
FMCG_FOOD_023,2026-07-04,225.74595139205474
FMCG_FOOD_023,2026-07-05,245.34527540304865
FMCG_FOOD_023,2026-07-06,134.1434254630192
FMCG_FOOD_023,2026-07-07,146.50780019487442
FMCG_FOOD_023,2026-07-08,151.5597384698495
FMCG_FOOD_023,2026-07-09,143.8914037055225
FMCG_FOOD_023,2026-07-10,151.3602981091716
FMCG_FOOD_023,2026-07-11,228.61613192580617
FMCG_FOOD_023,2026-07-12,212.4088688548907
FMCG_FOOD_023,2026-07-13,152.89995140536723
FMCG_FOOD_023,2026-07-14,132.66725081457628
FMCG_FOOD_023,2026-07-15,152.98580418880576
FMCG_FOOD_023,2026-07-16,169.45083362602648
FMCG_FOOD_023,2026-07-17,147.25618683677328
FMCG_FOOD_023,2026-07-18,216.38497774539167
FMCG_FOOD_023,2026-07-19,230.63566452173276
FMCG_FOOD_023,2026-07-20,140.26839004093983
FMCG_FOOD_023,2026-07-21,159.67587153552483
FMCG_FOOD_023,2026-07-22,149.8021519084415
FMCG_FOOD_023,2026-07-23,175.03180389747172
FMCG_FOOD_023,2026-07-24,167.80035954164407
FMCG_FOOD_023,2026-07-25,231.18341318950107
FMCG_FOOD_023,2026-07-26,243.06072241763673
FMCG_FOOD_023,2026-07-27,147.2413084763016
FMCG_FOOD_023,2026-07-28,153.15841794972977
FMCG_FOOD_023,2026-07-29,147.97063834927079
FMCG_FOOD_023,2026-07-30,163.34715545797107
FMCG_FOOD_023,2026-07-31,172.4953417355793
FMCG_FOOD_023,2026-08-01,245.08175079708045
FMCG_FOOD_023,2026-08-02,246.8961441173523
FMCG_FOOD_023,2026-08-03,166.06095140268235
FMCG_FOOD_023,2026-08-04,161.1919549515186
FMCG_FOOD_023,2026-08-05,138.51963685066139
FMCG_FOOD_023,2026-08-06,177.01311551212277
FMCG_FOOD_023,2026-08-07,178.55954616042874
FMCG_FOOD_023,2026-08-08,232.1926253552695
FMCG_FOOD_023,2026-08-09,230.49557814458154
FMCG_FOOD_023,2026-08-10,162.91755731435757
FMCG_FOOD_023,2026-08-11,162.23597327497734
FMCG_FOOD_023,2026-08-12,152.22372807183424
FMCG_FOOD_023,2026-08-13,138.22465364956733
FMCG_FOOD_023,2026-08-14,159.376966075122
FMCG_FOOD_023,2026-08-15,243.84439326536986
FMCG_FOOD_023,2026-08-16,246.3485854985238
FMCG_FOOD_023,2026-08-17,160.4154524267818
FMCG_FOOD_023,2026-08-18,152.18994549711422
FMCG_FOOD_023,2026-08-19,169.41902753333477
FMCG_FOOD_023,2026-08-20,157.03895471713992
FMCG_FOOD_023,2026-08-21,150.0235393060763
FMCG_FOOD_023,2026-08-22,235.01117934238275
FMCG_FOOD_023,2026-08-23,214.02941806158773
FMCG_FOOD_023,2026-08-24,154.28973537358974
FMCG_FOOD_023,2026-08-25,166.19389301830802
FMCG_FOOD_023,2026-08-26,161.63707079887962
FMCG_FOOD_023,2026-08-27,177.728966335246
FMCG_FOOD_023,2026-08-28,153.799838660788
FMCG_FOOD_024,2026-04-01,142.73378155632142
FMCG_FOOD_024,2026-04-02,148.44504635509753
FMCG_FOOD_024,2026-04-03,113.65447221862945
FMCG_FOOD_024,2026-04-04,217.9085950811015
FMCG_FOOD_024,2026-04-05,228.2311158385176
FMCG_FOOD_024,2026-04-06,108.68873751554332
FMCG_FOOD_024,2026-04-07,129.64078228284174
FMCG_FOOD_024,2026-04-08,123.04185127324439
FMCG_FOOD_024,2026-04-09,129.88607506523076
FMCG_FOOD_024,2026-04-10,145.14601984391888
FMCG_FOOD_024,2026-04-11,189.89501197171236
FMCG_FOOD_024,2026-04-12,211.2103415257254
FMCG_FOOD_024,2026-04-13,123.51646062410165
FMCG_FOOD_024,2026-04-14,146.1415768745893
FMCG_FOOD_024,2026-04-15,136.5300540454033
FMCG_FOOD_024,2026-04-16,129.21506875647214
FMCG_FOOD_024,2026-04-17,122.13629109869481
FMCG_FOOD_024,2026-04-18,243.2371924220882
FMCG_FOOD_024,2026-04-19,212.71056242843315
FMCG_FOOD_024,2026-04-20,113.53258731105736
FMCG_FOOD_024,2026-04-21,121.541427035797
FMCG_FOOD_024,2026-04-22,137.47273723776453
FMCG_FOOD_024,2026-04-23,122.88266105447494
FMCG_FOOD_024,2026-04-24,124.61959551372347
FMCG_FOOD_024,2026-04-25,222.71844304043245
FMCG_FOOD_024,2026-04-26,221.7265842997746
FMCG_FOOD_024,2026-04-27,125.53142886878628
FMCG_FOOD_024,2026-04-28,148.15403204752837
FMCG_FOOD_024,2026-04-29,124.03305979955643
FMCG_FOOD_024,2026-04-30,155.19668086383862
FMCG_FOOD_024,2026-05-01,140.43434085297974
FMCG_FOOD_024,2026-05-02,214.79334416102196
FMCG_FOOD_024,2026-05-03,206.2360369920409
FMCG_FOOD_024,2026-05-04,126.09839301615625
FMCG_FOOD_024,2026-05-05,104.08817104536959
FMCG_FOOD_024,2026-05-06,130.45552044941027
FMCG_FOOD_024,2026-05-07,134.26460810033564
FMCG_FOOD_024,2026-05-08,110.99329038920435
FMCG_FOOD_024,2026-05-09,222.72165268527232
FMCG_FOOD_024,2026-05-10,210.18120782570622
FMCG_FOOD_024,2026-05-11,150.66978599016204
FMCG_FOOD_024,2026-05-12,126.33078059589168
FMCG_FOOD_024,2026-05-13,151.24982808530066
FMCG_FOOD_024,2026-05-14,129.65750135311987
FMCG_FOOD_024,2026-05-15,134.95132132431834
FMCG_FOOD_024,2026-05-16,215.931436616667
FMCG_FOOD_024,2026-05-17,212.76256319090794
FMCG_FOOD_024,2026-05-18,139.97620224250383
FMCG_FOOD_024,2026-05-19,111.37332511411755
FMCG_FOOD_024,2026-05-20,134.551898072946
FMCG_FOOD_024,2026-05-21,135.46255751111957
FMCG_FOOD_024,2026-05-22,111.02439681599976
FMCG_FOOD_024,2026-05-23,222.48786785186115
FMCG_FOOD_024,2026-05-24,202.59354112103924
FMCG_FOOD_024,2026-05-25,149.25604698503315
FMCG_FOOD_024,2026-05-26,138.358776422102
FMCG_FOOD_024,2026-05-27,129.99176378540645
FMCG_FOOD_024,2026-05-28,150.5105275550321
FMCG_FOOD_024,2026-05-29,159.13808499156
FMCG_FOOD_024,2026-05-30,215.7467368722081
FMCG_FOOD_024,2026-05-31,233.1360305757563
FMCG_FOOD_024,2026-06-01,135.87796681566164
FMCG_FOOD_024,2026-06-02,150.71395196216392
FMCG_FOOD_024,2026-06-03,133.70954409159867
FMCG_FOOD_024,2026-06-04,162.1540039512008
FMCG_FOOD_024,2026-06-05,152.64726403616285
FMCG_FOOD_024,2026-06-06,222.36744716739895
FMCG_FOOD_024,2026-06-07,183.76306151735804
FMCG_FOOD_024,2026-06-08,144.98973467406677
FMCG_FOOD_024,2026-06-09,123.41936474342107
FMCG_FOOD_024,2026-06-10,144.05696379736506
FMCG_FOOD_024,2026-06-11,156.12973953344135
FMCG_FOOD_024,2026-06-12,148.68806087447993
FMCG_FOOD_024,2026-06-13,228.42739003501754
FMCG_FOOD_024,2026-06-14,212.6879975013188
FMCG_FOOD_024,2026-06-15,120.58265082525803
FMCG_FOOD_024,2026-06-16,130.44833165421278
FMCG_FOOD_024,2026-06-17,136.2963997938481
FMCG_FOOD_024,2026-06-18,140.5186179994109
FMCG_FOOD_024,2026-06-19,157.2217507288818
FMCG_FOOD_024,2026-06-20,227.82445451580375
FMCG_FOOD_024,2026-06-21,247.18445535896882
FMCG_FOOD_024,2026-06-22,128.383393473831
FMCG_FOOD_024,2026-06-23,156.46518492291656
FMCG_FOOD_024,2026-06-24,152.89209339776082
FMCG_FOOD_024,2026-06-25,140.24634819792982
FMCG_FOOD_024,2026-06-26,129.50353810565812
FMCG_FOOD_024,2026-06-27,211.51031870176897
FMCG_FOOD_024,2026-06-28,211.0401249714004
FMCG_FOOD_024,2026-06-29,164.41761386561802
FMCG_FOOD_024,2026-06-30,153.18443091244512
FMCG_FOOD_024,2026-07-01,153.81696604251533
FMCG_FOOD_024,2026-07-02,143.93099007597826
FMCG_FOOD_024,2026-07-03,139.9985313611188
FMCG_FOOD_024,2026-07-04,224.8516318052331
FMCG_FOOD_024,2026-07-05,221.97180313875043
FMCG_FOOD_024,2026-07-06,142.16121691389012
FMCG_FOOD_024,2026-07-07,148.28028649594918
FMCG_FOOD_024,2026-07-08,129.95010489900477
FMCG_FOOD_024,2026-07-09,147.29442288127737
FMCG_FOOD_024,2026-07-10,142.57068061636056
FMCG_FOOD_024,2026-07-11,212.33145026015785
FMCG_FOOD_024,2026-07-12,229.96409175054654
FMCG_FOOD_024,2026-07-13,167.6078566899184
FMCG_FOOD_024,2026-07-14,161.08709928039326
FMCG_FOOD_024,2026-07-15,141.10426732027142
FMCG_FOOD_024,2026-07-16,153.47072749703833
FMCG_FOOD_024,2026-07-17,155.92968989014392
FMCG_FOOD_024,2026-07-18,224.13731574186292
FMCG_FOOD_024,2026-07-19,222.44046703673203
FMCG_FOOD_024,2026-07-20,149.93449661920127
FMCG_FOOD_024,2026-07-21,178.0622669594403
FMCG_FOOD_024,2026-07-22,149.1193930586287
FMCG_FOOD_024,2026-07-23,129.60027049004134
FMCG_FOOD_024,2026-07-24,132.60281951285188
FMCG_FOOD_024,2026-07-25,221.44162856134406
FMCG_FOOD_024,2026-07-26,207.7151980377974
FMCG_FOOD_024,2026-07-27,144.84052136064378
FMCG_FOOD_024,2026-07-28,175.4052175705911
FMCG_FOOD_024,2026-07-29,140.2525198365173
FMCG_FOOD_024,2026-07-30,132.97404478249285
FMCG_FOOD_024,2026-07-31,144.47223892212713
FMCG_FOOD_024,2026-08-01,223.35906091778915
FMCG_FOOD_024,2026-08-02,212.09412651153295
FMCG_FOOD_024,2026-08-03,131.62508851846013
FMCG_FOOD_024,2026-08-04,165.24563850241174
FMCG_FOOD_024,2026-08-05,154.35985605534634
FMCG_FOOD_024,2026-08-06,141.8226523633079
FMCG_FOOD_024,2026-08-07,133.29527974688236
FMCG_FOOD_024,2026-08-08,219.07500259346236
FMCG_FOOD_024,2026-08-09,210.08413662313288
FMCG_FOOD_024,2026-08-10,141.17467823328647
FMCG_FOOD_024,2026-08-11,175.46311329166025
FMCG_FOOD_024,2026-08-12,152.03122364967604
FMCG_FOOD_024,2026-08-13,141.12759162541474
FMCG_FOOD_024,2026-08-14,158.01600917799942
FMCG_FOOD_024,2026-08-15,214.80244234492594
FMCG_FOOD_024,2026-08-16,221.7174400583527
FMCG_FOOD_024,2026-08-17,125.7811883481589
FMCG_FOOD_024,2026-08-18,166.28549072392207
FMCG_FOOD_024,2026-08-19,147.3976907662982
FMCG_FOOD_024,2026-08-20,139.58793806035405
FMCG_FOOD_024,2026-08-21,158.67843075268766
FMCG_FOOD_024,2026-08-22,214.33439071065698
FMCG_FOOD_024,2026-08-23,215.26854348442137
FMCG_FOOD_024,2026-08-24,145.86028104414157
FMCG_FOOD_024,2026-08-25,135.45201955292703
FMCG_FOOD_024,2026-08-26,142.62051210733293
FMCG_FOOD_024,2026-08-27,148.6437672355165
FMCG_FOOD_024,2026-08-28,149.95841617121764
FMCG_FOOD_025,2026-04-01,61.413868989456674
FMCG_FOOD_025,2026-04-02,61.64779229695775
FMCG_FOOD_025,2026-04-03,68.59778741014175
FMCG_FOOD_025,2026-04-04,90.66961229787633
FMCG_FOOD_025,2026-04-05,101.16751210340877
FMCG_FOOD_025,2026-04-06,63.681322458273904
FMCG_FOOD_025,2026-04-07,62.10066634044902
FMCG_FOOD_025,2026-04-08,60.58791186895892
FMCG_FOOD_025,2026-04-09,59.72662794329079
FMCG_FOOD_025,2026-04-10,66.129438082371
FMCG_FOOD_025,2026-04-11,95.9364553091849
FMCG_FOOD_025,2026-04-12,103.46546501018672
FMCG_FOOD_025,2026-04-13,61.316698888263964
FMCG_FOOD_025,2026-04-14,61.8856452250999
FMCG_FOOD_025,2026-04-15,66.34104428353578
FMCG_FOOD_025,2026-04-16,62.11517830874156
FMCG_FOOD_025,2026-04-17,73.38238137393441
FMCG_FOOD_025,2026-04-18,102.46758403445087
FMCG_FOOD_025,2026-04-19,110.09388467330322
FMCG_FOOD_025,2026-04-20,61.04985458245801
FMCG_FOOD_025,2026-04-21,61.06016134693987
FMCG_FOOD_025,2026-04-22,55.67275025625273
FMCG_FOOD_025,2026-04-23,63.19940727881016
FMCG_FOOD_025,2026-04-24,64.98458281116768
FMCG_FOOD_025,2026-04-25,104.885276531329
FMCG_FOOD_025,2026-04-26,108.94330969121984
FMCG_FOOD_025,2026-04-27,70.83621095365787
FMCG_FOOD_025,2026-04-28,74.20453998635128
FMCG_FOOD_025,2026-04-29,61.61000138767195
FMCG_FOOD_025,2026-04-30,67.54419248789365
FMCG_FOOD_025,2026-05-01,61.1989444258729
FMCG_FOOD_025,2026-05-02,108.05967684159965
FMCG_FOOD_025,2026-05-03,116.96680736359073
FMCG_FOOD_025,2026-05-04,60.4125023078624
FMCG_FOOD_025,2026-05-05,72.4315506021137
FMCG_FOOD_025,2026-05-06,74.85643646746006
FMCG_FOOD_025,2026-05-07,62.775813782465136
FMCG_FOOD_025,2026-05-08,71.29886762789027
FMCG_FOOD_025,2026-05-09,104.23242101967057
FMCG_FOOD_025,2026-05-10,105.88665487534108
FMCG_FOOD_025,2026-05-11,66.52377305596389
FMCG_FOOD_025,2026-05-12,67.73328511889885
FMCG_FOOD_025,2026-05-13,76.57983759105198
FMCG_FOOD_025,2026-05-14,68.95141082275124
FMCG_FOOD_025,2026-05-15,65.80948418422311
FMCG_FOOD_025,2026-05-16,107.98468463532366
FMCG_FOOD_025,2026-05-17,94.33055950015086
FMCG_FOOD_025,2026-05-18,64.90355464447772
FMCG_FOOD_025,2026-05-19,78.06612415837093
FMCG_FOOD_025,2026-05-20,69.43432451872724
FMCG_FOOD_025,2026-05-21,67.48838572041998
FMCG_FOOD_025,2026-05-22,71.73970979012172
FMCG_FOOD_025,2026-05-23,113.2407055772736
FMCG_FOOD_025,2026-05-24,117.12107100962528
FMCG_FOOD_025,2026-05-25,68.25853545272294
FMCG_FOOD_025,2026-05-26,68.55347868903517
FMCG_FOOD_025,2026-05-27,69.99401488187092
FMCG_FOOD_025,2026-05-28,78.03371321305865
FMCG_FOOD_025,2026-05-29,72.05936261347745
FMCG_FOOD_025,2026-05-30,123.2950423707645
FMCG_FOOD_025,2026-05-31,108.7856485529734
FMCG_FOOD_025,2026-06-01,83.2599593267318
FMCG_FOOD_025,2026-06-02,66.67390783797633
FMCG_FOOD_025,2026-06-03,63.69396348383931
FMCG_FOOD_025,2026-06-04,71.960997972965
FMCG_FOOD_025,2026-06-05,79.92813766225183
FMCG_FOOD_025,2026-06-06,107.69502984726677
FMCG_FOOD_025,2026-06-07,106.965817359092
FMCG_FOOD_025,2026-06-08,79.65759258552421
FMCG_FOOD_025,2026-06-09,77.79212834249984
FMCG_FOOD_025,2026-06-10,68.50778454429074
FMCG_FOOD_025,2026-06-11,68.28941630982493
FMCG_FOOD_025,2026-06-12,79.02454030145385
FMCG_FOOD_025,2026-06-13,101.46921532626223
FMCG_FOOD_025,2026-06-14,118.70099815111607
FMCG_FOOD_025,2026-06-15,78.60852138526393
FMCG_FOOD_025,2026-06-16,60.03025371829061
FMCG_FOOD_025,2026-06-17,74.6480801313194
FMCG_FOOD_025,2026-06-18,62.233130591117394
FMCG_FOOD_025,2026-06-19,67.25793825190834
FMCG_FOOD_025,2026-06-20,109.63128263128826
FMCG_FOOD_025,2026-06-21,104.96293204515159
FMCG_FOOD_025,2026-06-22,89.27441370429862
FMCG_FOOD_025,2026-06-23,80.89356573776934
FMCG_FOOD_025,2026-06-24,84.21486597192728
FMCG_FOOD_025,2026-06-25,74.86619499740644
FMCG_FOOD_025,2026-06-26,76.09194466286523
FMCG_FOOD_025,2026-06-27,123.80858036711066
FMCG_FOOD_025,2026-06-28,116.73251408237654
FMCG_FOOD_025,2026-06-29,80.20712334912099
FMCG_FOOD_025,2026-06-30,70.75956861359532
FMCG_FOOD_025,2026-07-01,70.8803856336942
FMCG_FOOD_025,2026-07-02,78.44455189029752
FMCG_FOOD_025,2026-07-03,79.29970682442033
FMCG_FOOD_025,2026-07-04,108.61832591712833
FMCG_FOOD_025,2026-07-05,117.30827888723549
FMCG_FOOD_025,2026-07-06,69.70348150586776
FMCG_FOOD_025,2026-07-07,77.63713025825929
FMCG_FOOD_025,2026-07-08,68.64383003830483
FMCG_FOOD_025,2026-07-09,86.21634070555889
FMCG_FOOD_025,2026-07-10,76.0393006526009
FMCG_FOOD_025,2026-07-11,111.58051839003643
FMCG_FOOD_025,2026-07-12,108.88184881677208
FMCG_FOOD_025,2026-07-13,70.6254922323266
FMCG_FOOD_025,2026-07-14,81.34938450373045
FMCG_FOOD_025,2026-07-15,85.07395190470386
FMCG_FOOD_025,2026-07-16,84.59351654107999
FMCG_FOOD_025,2026-07-17,87.84852684389016
FMCG_FOOD_025,2026-07-18,128.01353688583634
FMCG_FOOD_025,2026-07-19,123.1849392516183
FMCG_FOOD_025,2026-07-20,76.331774989791
FMCG_FOOD_025,2026-07-21,80.71773059874987
FMCG_FOOD_025,2026-07-22,65.58111807779682
FMCG_FOOD_025,2026-07-23,83.96675486802542
FMCG_FOOD_025,2026-07-24,81.04037271547777
FMCG_FOOD_025,2026-07-25,128.09993668919174
FMCG_FOOD_025,2026-07-26,113.51683665175864
FMCG_FOOD_025,2026-07-27,83.79774849429508
FMCG_FOOD_025,2026-07-28,74.37893239839966
FMCG_FOOD_025,2026-07-29,80.15678942716382
FMCG_FOOD_025,2026-07-30,70.69782491826382
FMCG_FOOD_025,2026-07-31,89.69309198377809
FMCG_FOOD_025,2026-08-01,125.7316911484809
FMCG_FOOD_025,2026-08-02,116.27208835284696
FMCG_FOOD_025,2026-08-03,83.24956251960067
FMCG_FOOD_025,2026-08-04,81.99245882854784
FMCG_FOOD_025,2026-08-05,78.04191915625573
FMCG_FOOD_025,2026-08-06,82.82612006659822
FMCG_FOOD_025,2026-08-07,79.41053919287697
FMCG_FOOD_025,2026-08-08,126.32613362237191
FMCG_FOOD_025,2026-08-09,118.97190755561088
FMCG_FOOD_025,2026-08-10,97.71037350601891
FMCG_FOOD_025,2026-08-11,82.30955897627076
FMCG_FOOD_025,2026-08-12,83.66045569403593
FMCG_FOOD_025,2026-08-13,86.4273986867836
FMCG_FOOD_025,2026-08-14,88.52342132668379
FMCG_FOOD_025,2026-08-15,121.69123910945802
FMCG_FOOD_025,2026-08-16,124.54019084177638
FMCG_FOOD_025,2026-08-17,84.8516649742718
FMCG_FOOD_025,2026-08-18,78.9449293317992
FMCG_FOOD_025,2026-08-19,77.39665311138513
FMCG_FOOD_025,2026-08-20,88.55526001955799
FMCG_FOOD_025,2026-08-21,93.85855545756455
FMCG_FOOD_025,2026-08-22,111.9749947562585
FMCG_FOOD_025,2026-08-23,113.36225701565225
FMCG_FOOD_025,2026-08-24,75.65140568238253
FMCG_FOOD_025,2026-08-25,89.78341066885201
FMCG_FOOD_025,2026-08-26,90.45919862673433
FMCG_FOOD_025,2026-08-27,79.04906228869496
FMCG_FOOD_025,2026-08-28,99.2464540218676
FMCG_FOOD_026,2026-04-01,128.61822096305448
FMCG_FOOD_026,2026-04-02,108.93759234043131
FMCG_FOOD_026,2026-04-03,124.77707114095725
FMCG_FOOD_026,2026-04-04,177.44774941072143
FMCG_FOOD_026,2026-04-05,186.45258437484512
FMCG_FOOD_026,2026-04-06,125.7060293105385
FMCG_FOOD_026,2026-04-07,119.05053530285355
FMCG_FOOD_026,2026-04-08,130.1691485278884
FMCG_FOOD_026,2026-04-09,127.07666797768675
FMCG_FOOD_026,2026-04-10,115.71081923780278
FMCG_FOOD_026,2026-04-11,205.60399079916945
FMCG_FOOD_026,2026-04-12,195.59839983540215
FMCG_FOOD_026,2026-04-13,116.92446716928701
FMCG_FOOD_026,2026-04-14,121.67004092746613
FMCG_FOOD_026,2026-04-15,121.17283536010459
FMCG_FOOD_026,2026-04-16,122.6287894516758
FMCG_FOOD_026,2026-04-17,118.72723996565604
FMCG_FOOD_026,2026-04-18,195.7458270524028
FMCG_FOOD_026,2026-04-19,200.8198725014444
FMCG_FOOD_026,2026-04-20,125.87165427380206
FMCG_FOOD_026,2026-04-21,125.62003590109025
FMCG_FOOD_026,2026-04-22,119.96198709935064
FMCG_FOOD_026,2026-04-23,110.84422899889582
FMCG_FOOD_026,2026-04-24,108.12373566937492
FMCG_FOOD_026,2026-04-25,184.0505992276336
FMCG_FOOD_026,2026-04-26,187.61755320110873
FMCG_FOOD_026,2026-04-27,141.6271383986325
FMCG_FOOD_026,2026-04-28,136.81960623658534
FMCG_FOOD_026,2026-04-29,115.19886843199207
FMCG_FOOD_026,2026-04-30,127.65648693817
FMCG_FOOD_026,2026-05-01,121.70205794476762
FMCG_FOOD_026,2026-05-02,196.23469102245792
FMCG_FOOD_026,2026-05-03,187.12627644718194
FMCG_FOOD_026,2026-05-04,149.40276599946984
FMCG_FOOD_026,2026-05-05,145.10109673597157
FMCG_FOOD_026,2026-05-06,119.79711331851865
FMCG_FOOD_026,2026-05-07,116.36331761447532
FMCG_FOOD_026,2026-05-08,134.47057707437483
FMCG_FOOD_026,2026-05-09,180.22590361210993
FMCG_FOOD_026,2026-05-10,204.63218551227862
FMCG_FOOD_026,2026-05-11,125.48049854581075
FMCG_FOOD_026,2026-05-12,107.22765155324166
FMCG_FOOD_026,2026-05-13,122.50910794724608
FMCG_FOOD_026,2026-05-14,116.71210283939588
FMCG_FOOD_026,2026-05-15,126.50900688731433
FMCG_FOOD_026,2026-05-16,196.22857424700436
FMCG_FOOD_026,2026-05-17,179.80168368972934
FMCG_FOOD_026,2026-05-18,121.10710674557694
FMCG_FOOD_026,2026-05-19,131.9816997270267
FMCG_FOOD_026,2026-05-20,134.16351642903567
FMCG_FOOD_026,2026-05-21,121.21591503407787
FMCG_FOOD_026,2026-05-22,131.05169358601472
FMCG_FOOD_026,2026-05-23,199.74328637114644
FMCG_FOOD_026,2026-05-24,196.12880405967894
FMCG_FOOD_026,2026-05-25,131.5737746313356
FMCG_FOOD_026,2026-05-26,115.33258774021093
FMCG_FOOD_026,2026-05-27,126.41145072973877
FMCG_FOOD_026,2026-05-28,107.62351700940934
FMCG_FOOD_026,2026-05-29,126.06132139096685
FMCG_FOOD_026,2026-05-30,214.4653115752853
FMCG_FOOD_026,2026-05-31,194.02959849947524
FMCG_FOOD_026,2026-06-01,142.78547351335246
FMCG_FOOD_026,2026-06-02,123.71766078791322
FMCG_FOOD_026,2026-06-03,114.6502910150885
FMCG_FOOD_026,2026-06-04,135.45165507658584
FMCG_FOOD_026,2026-06-05,133.22442169545354
FMCG_FOOD_026,2026-06-06,226.0642936239907
FMCG_FOOD_026,2026-06-07,187.29431054490956
FMCG_FOOD_026,2026-06-08,132.40568571949868
FMCG_FOOD_026,2026-06-09,132.97611036454578
FMCG_FOOD_026,2026-06-10,140.9865794819338
FMCG_FOOD_026,2026-06-11,134.90162741211162
FMCG_FOOD_026,2026-06-12,125.40068497810269
FMCG_FOOD_026,2026-06-13,187.11134795891678
FMCG_FOOD_026,2026-06-14,203.99015013121203
FMCG_FOOD_026,2026-06-15,133.6681636879009
FMCG_FOOD_026,2026-06-16,136.85070906309878
FMCG_FOOD_026,2026-06-17,126.13468061105097
FMCG_FOOD_026,2026-06-18,132.98218841225778
FMCG_FOOD_026,2026-06-19,111.62901475542846
FMCG_FOOD_026,2026-06-20,188.65489428181567
FMCG_FOOD_026,2026-06-21,211.98924826415458
FMCG_FOOD_026,2026-06-22,132.42205923125184
FMCG_FOOD_026,2026-06-23,136.06467715603318
FMCG_FOOD_026,2026-06-24,123.53944945506923
FMCG_FOOD_026,2026-06-25,122.18965735306871
FMCG_FOOD_026,2026-06-26,125.90209510606233
FMCG_FOOD_026,2026-06-27,204.6546762508378
FMCG_FOOD_026,2026-06-28,210.09382597658413
FMCG_FOOD_026,2026-06-29,128.41050135239118
FMCG_FOOD_026,2026-06-30,111.91692732425561
FMCG_FOOD_026,2026-07-01,136.3822437490415
FMCG_FOOD_026,2026-07-02,134.9512154304312
FMCG_FOOD_026,2026-07-03,137.60424114303243
FMCG_FOOD_026,2026-07-04,213.0066778425472
FMCG_FOOD_026,2026-07-05,212.22519018907167
FMCG_FOOD_026,2026-07-06,148.45760788811288
FMCG_FOOD_026,2026-07-07,132.88532921456496
FMCG_FOOD_026,2026-07-08,127.60325291391399
FMCG_FOOD_026,2026-07-09,145.13192192111148
FMCG_FOOD_026,2026-07-10,143.71860145303822
FMCG_FOOD_026,2026-07-11,201.20235001503403
FMCG_FOOD_026,2026-07-12,217.1494527217532
FMCG_FOOD_026,2026-07-13,134.3294359850709
FMCG_FOOD_026,2026-07-14,148.66061160047326
FMCG_FOOD_026,2026-07-15,154.15473869065934
FMCG_FOOD_026,2026-07-16,165.06464664639932
FMCG_FOOD_026,2026-07-17,134.78440123020567
FMCG_FOOD_026,2026-07-18,221.70208408963896
FMCG_FOOD_026,2026-07-19,215.2253862199593
FMCG_FOOD_026,2026-07-20,145.67414705486416
FMCG_FOOD_026,2026-07-21,139.6582960516146
FMCG_FOOD_026,2026-07-22,146.023033806045
FMCG_FOOD_026,2026-07-23,118.73580568956534
FMCG_FOOD_026,2026-07-24,134.7596653988382
FMCG_FOOD_026,2026-07-25,198.33891751853554
FMCG_FOOD_026,2026-07-26,197.5020242899198
FMCG_FOOD_026,2026-07-27,118.61107528445696
FMCG_FOOD_026,2026-07-28,129.4847701620888
FMCG_FOOD_026,2026-07-29,133.79502401591841
FMCG_FOOD_026,2026-07-30,138.17484985178436
FMCG_FOOD_026,2026-07-31,136.00334395464773
FMCG_FOOD_026,2026-08-01,219.5175967648135
FMCG_FOOD_026,2026-08-02,196.67717103107967
FMCG_FOOD_026,2026-08-03,113.66485061294857
FMCG_FOOD_026,2026-08-04,143.02111706495032
FMCG_FOOD_026,2026-08-05,136.3486050792672
FMCG_FOOD_026,2026-08-06,136.2536076913149
FMCG_FOOD_026,2026-08-07,128.78913843100165
FMCG_FOOD_026,2026-08-08,218.87781702733014
FMCG_FOOD_026,2026-08-09,203.35503601120044
FMCG_FOOD_026,2026-08-10,127.22383454210325
FMCG_FOOD_026,2026-08-11,157.55628041391768
FMCG_FOOD_026,2026-08-12,146.11057361939567
FMCG_FOOD_026,2026-08-13,137.62613191373322
FMCG_FOOD_026,2026-08-14,109.44334373795134
FMCG_FOOD_026,2026-08-15,206.42198943030246
FMCG_FOOD_026,2026-08-16,209.09492309463124
FMCG_FOOD_026,2026-08-17,155.97144762327088
FMCG_FOOD_026,2026-08-18,118.2002651131728
FMCG_FOOD_026,2026-08-19,157.41103026577792
FMCG_FOOD_026,2026-08-20,144.30581086450994
FMCG_FOOD_026,2026-08-21,125.05052227302356
FMCG_FOOD_026,2026-08-22,221.12742686422735
FMCG_FOOD_026,2026-08-23,207.52229721907756
FMCG_FOOD_026,2026-08-24,120.13984533762391
FMCG_FOOD_026,2026-08-25,134.6558493171337
FMCG_FOOD_026,2026-08-26,143.05790294830138
FMCG_FOOD_026,2026-08-27,140.93085892746458
FMCG_FOOD_026,2026-08-28,147.94304211349225
FMCG_FOOD_027,2026-04-01,144.8695416607822
FMCG_FOOD_027,2026-04-02,142.4679722707048
FMCG_FOOD_027,2026-04-03,117.55500024870388
FMCG_FOOD_027,2026-04-04,165.22119642247276
FMCG_FOOD_027,2026-04-05,197.94137832118602
FMCG_FOOD_027,2026-04-06,122.15371389838604
FMCG_FOOD_027,2026-04-07,122.77784234949522
FMCG_FOOD_027,2026-04-08,132.6567400228925
FMCG_FOOD_027,2026-04-09,137.15265724152079
FMCG_FOOD_027,2026-04-10,138.72874433874404
FMCG_FOOD_027,2026-04-11,207.07136425169207
FMCG_FOOD_027,2026-04-12,179.14036622596706
FMCG_FOOD_027,2026-04-13,122.5350033413338
FMCG_FOOD_027,2026-04-14,155.75112229436488
FMCG_FOOD_027,2026-04-15,131.77770918503097
FMCG_FOOD_027,2026-04-16,131.84774460554831
FMCG_FOOD_027,2026-04-17,131.89357424717323
FMCG_FOOD_027,2026-04-18,207.74224528132487
FMCG_FOOD_027,2026-04-19,172.91109773642594
FMCG_FOOD_027,2026-04-20,124.85594603861163
FMCG_FOOD_027,2026-04-21,127.52633960256638
FMCG_FOOD_027,2026-04-22,144.16869249066767
FMCG_FOOD_027,2026-04-23,128.89591118277872
FMCG_FOOD_027,2026-04-24,107.86860766747573
FMCG_FOOD_027,2026-04-25,208.9761144521469
FMCG_FOOD_027,2026-04-26,193.70219189696567
FMCG_FOOD_027,2026-04-27,113.69017948648228
FMCG_FOOD_027,2026-04-28,118.62301191604276
FMCG_FOOD_027,2026-04-29,135.98130287080645
FMCG_FOOD_027,2026-04-30,145.08451549700084
FMCG_FOOD_027,2026-05-01,135.53662431471983
FMCG_FOOD_027,2026-05-02,212.55029029521276
FMCG_FOOD_027,2026-05-03,210.71306591047502
FMCG_FOOD_027,2026-05-04,131.21658971075584
FMCG_FOOD_027,2026-05-05,138.81163293703446
FMCG_FOOD_027,2026-05-06,100.01530666163224
FMCG_FOOD_027,2026-05-07,131.78860439131043
FMCG_FOOD_027,2026-05-08,117.48843706722187
FMCG_FOOD_027,2026-05-09,220.23628215680174
FMCG_FOOD_027,2026-05-10,204.01055868478923
FMCG_FOOD_027,2026-05-11,131.38685110334788
FMCG_FOOD_027,2026-05-12,112.33660157182746
FMCG_FOOD_027,2026-05-13,144.01038611266065
FMCG_FOOD_027,2026-05-14,139.2916015034226
FMCG_FOOD_027,2026-05-15,138.56184852925628
FMCG_FOOD_027,2026-05-16,196.58721434788973
FMCG_FOOD_027,2026-05-17,197.2295019382734
FMCG_FOOD_027,2026-05-18,134.84499318057382
FMCG_FOOD_027,2026-05-19,123.51876987189935
FMCG_FOOD_027,2026-05-20,137.78616203346672
FMCG_FOOD_027,2026-05-21,105.48859246541598
FMCG_FOOD_027,2026-05-22,126.5556930449176
FMCG_FOOD_027,2026-05-23,230.25941831783115
FMCG_FOOD_027,2026-05-24,213.44357284994706
FMCG_FOOD_027,2026-05-25,135.1849208066374
FMCG_FOOD_027,2026-05-26,158.06533169589196
FMCG_FOOD_027,2026-05-27,104.20057976498205
FMCG_FOOD_027,2026-05-28,123.35861106514866
FMCG_FOOD_027,2026-05-29,128.68533535315763
FMCG_FOOD_027,2026-05-30,219.57939041256736
FMCG_FOOD_027,2026-05-31,219.94570454035295
FMCG_FOOD_027,2026-06-01,123.32491613771718
FMCG_FOOD_027,2026-06-02,146.7744290267819
FMCG_FOOD_027,2026-06-03,129.40856540847864
FMCG_FOOD_027,2026-06-04,149.74549532061457
FMCG_FOOD_027,2026-06-05,121.84196627347427
FMCG_FOOD_027,2026-06-06,208.358605011673
FMCG_FOOD_027,2026-06-07,203.922908557793
FMCG_FOOD_027,2026-06-08,148.40037964457142
FMCG_FOOD_027,2026-06-09,128.81523479292287
FMCG_FOOD_027,2026-06-10,134.96939338735305
FMCG_FOOD_027,2026-06-11,141.98514247078813
FMCG_FOOD_027,2026-06-12,142.6157310378265
FMCG_FOOD_027,2026-06-13,222.03690759341464
FMCG_FOOD_027,2026-06-14,213.73905971055834
FMCG_FOOD_027,2026-06-15,131.02188855900212
FMCG_FOOD_027,2026-06-16,132.02876568301562
FMCG_FOOD_027,2026-06-17,136.87090394009516
FMCG_FOOD_027,2026-06-18,139.81990595092978
FMCG_FOOD_027,2026-06-19,135.01035440189455
FMCG_FOOD_027,2026-06-20,212.24004276206935
FMCG_FOOD_027,2026-06-21,193.1843267428487
FMCG_FOOD_027,2026-06-22,145.6419410556835
FMCG_FOOD_027,2026-06-23,139.71390361111787
FMCG_FOOD_027,2026-06-24,150.1233801692636
FMCG_FOOD_027,2026-06-25,137.75200634258857
FMCG_FOOD_027,2026-06-26,116.17003026847767
FMCG_FOOD_027,2026-06-27,208.56942263366656
FMCG_FOOD_027,2026-06-28,210.7008759610198
FMCG_FOOD_027,2026-06-29,147.63629131791998
FMCG_FOOD_027,2026-06-30,112.62158069358256
FMCG_FOOD_027,2026-07-01,139.1647439618617
FMCG_FOOD_027,2026-07-02,145.22094019741633
FMCG_FOOD_027,2026-07-03,130.681401433981
FMCG_FOOD_027,2026-07-04,215.03285012271058
FMCG_FOOD_027,2026-07-05,206.41204363562693
FMCG_FOOD_027,2026-07-06,130.28033833474512
FMCG_FOOD_027,2026-07-07,134.44475187335854
FMCG_FOOD_027,2026-07-08,130.81635009416235
FMCG_FOOD_027,2026-07-09,148.39522889920414
FMCG_FOOD_027,2026-07-10,130.81310153955778
FMCG_FOOD_027,2026-07-11,203.8636249119009
FMCG_FOOD_027,2026-07-12,237.3991083354942
FMCG_FOOD_027,2026-07-13,152.45925014780042
FMCG_FOOD_027,2026-07-14,117.33108299175998
FMCG_FOOD_027,2026-07-15,131.19039637684332
FMCG_FOOD_027,2026-07-16,143.9307871465339
FMCG_FOOD_027,2026-07-17,145.09693834039368
FMCG_FOOD_027,2026-07-18,197.5688391782888
FMCG_FOOD_027,2026-07-19,230.83206866027902
FMCG_FOOD_027,2026-07-20,151.81530523977034
FMCG_FOOD_027,2026-07-21,147.67377040050422
FMCG_FOOD_027,2026-07-22,158.75910613390153
FMCG_FOOD_027,2026-07-23,147.60362490713646
FMCG_FOOD_027,2026-07-24,147.70726099064808
FMCG_FOOD_027,2026-07-25,236.72099089777802
FMCG_FOOD_027,2026-07-26,231.16524475909637
FMCG_FOOD_027,2026-07-27,132.03115676360588
FMCG_FOOD_027,2026-07-28,150.61493973339893
FMCG_FOOD_027,2026-07-29,134.54665168801773
FMCG_FOOD_027,2026-07-30,149.30193188687846
FMCG_FOOD_027,2026-07-31,149.1076688377477
FMCG_FOOD_027,2026-08-01,201.00665859430018
FMCG_FOOD_027,2026-08-02,216.92692985861206
FMCG_FOOD_027,2026-08-03,146.91571279475502
FMCG_FOOD_027,2026-08-04,138.29637261257304
FMCG_FOOD_027,2026-08-05,147.8338742798845
FMCG_FOOD_027,2026-08-06,154.12372221251337
FMCG_FOOD_027,2026-08-07,143.81758669711553
FMCG_FOOD_027,2026-08-08,222.15749345885322
FMCG_FOOD_027,2026-08-09,236.79280098194968
FMCG_FOOD_027,2026-08-10,150.56495729031533
FMCG_FOOD_027,2026-08-11,147.31030362093094
FMCG_FOOD_027,2026-08-12,132.97400775448298
FMCG_FOOD_027,2026-08-13,153.4878251423606
FMCG_FOOD_027,2026-08-14,149.37687436739924
FMCG_FOOD_027,2026-08-15,236.4467429212676
FMCG_FOOD_027,2026-08-16,221.1359817912914
FMCG_FOOD_027,2026-08-17,122.99666874832505
FMCG_FOOD_027,2026-08-18,124.59848913964672
FMCG_FOOD_027,2026-08-19,155.19600954699666
FMCG_FOOD_027,2026-08-20,139.0225800287731
FMCG_FOOD_027,2026-08-21,151.75959688888122
FMCG_FOOD_027,2026-08-22,222.87790805627944
FMCG_FOOD_027,2026-08-23,219.51450415382598
FMCG_FOOD_027,2026-08-24,145.5454839301472
FMCG_FOOD_027,2026-08-25,136.08263118693466
FMCG_FOOD_027,2026-08-26,146.85277888875413
FMCG_FOOD_027,2026-08-27,139.89383209007
FMCG_FOOD_027,2026-08-28,142.6967934984287
FMCG_FOOD_028,2026-04-01,126.26139156586132
FMCG_FOOD_028,2026-04-02,109.49960424231054
FMCG_FOOD_028,2026-04-03,136.2620293881561
FMCG_FOOD_028,2026-04-04,220.55648293007582
FMCG_FOOD_028,2026-04-05,231.57881343792883
FMCG_FOOD_028,2026-04-06,144.10729262917332
FMCG_FOOD_028,2026-04-07,143.58355295053863
FMCG_FOOD_028,2026-04-08,136.95735910142352
FMCG_FOOD_028,2026-04-09,109.93431114425033
FMCG_FOOD_028,2026-04-10,137.04786280682126
FMCG_FOOD_028,2026-04-11,214.18337219748824
FMCG_FOOD_028,2026-04-12,226.44432809476612
FMCG_FOOD_028,2026-04-13,141.29071797061206
FMCG_FOOD_028,2026-04-14,132.23568111085044
FMCG_FOOD_028,2026-04-15,159.9476093952478
FMCG_FOOD_028,2026-04-16,145.44962522540484
FMCG_FOOD_028,2026-04-17,138.8862131593581
FMCG_FOOD_028,2026-04-18,219.76014199936048
FMCG_FOOD_028,2026-04-19,214.70760513430406
FMCG_FOOD_028,2026-04-20,135.06785881010688
FMCG_FOOD_028,2026-04-21,106.3531091960122
FMCG_FOOD_028,2026-04-22,123.07089449193657
FMCG_FOOD_028,2026-04-23,128.15976058254773
FMCG_FOOD_028,2026-04-24,141.39837328703382
FMCG_FOOD_028,2026-04-25,192.99777795191886
FMCG_FOOD_028,2026-04-26,208.07059075549247
FMCG_FOOD_028,2026-04-27,127.3290023324633
FMCG_FOOD_028,2026-04-28,137.591163595468
FMCG_FOOD_028,2026-04-29,142.18122503497838
FMCG_FOOD_028,2026-04-30,127.82527562359438
FMCG_FOOD_028,2026-05-01,128.92405255258726
FMCG_FOOD_028,2026-05-02,206.87009497721735
FMCG_FOOD_028,2026-05-03,210.85030787915048
FMCG_FOOD_028,2026-05-04,136.27487765995443
FMCG_FOOD_028,2026-05-05,154.45965442497132
FMCG_FOOD_028,2026-05-06,123.8850795933123
FMCG_FOOD_028,2026-05-07,160.51110214578037
FMCG_FOOD_028,2026-05-08,121.26360501658284
FMCG_FOOD_028,2026-05-09,229.50127601180466
FMCG_FOOD_028,2026-05-10,210.76949352984641
FMCG_FOOD_028,2026-05-11,125.97535208414872
FMCG_FOOD_028,2026-05-12,155.53281386778397
FMCG_FOOD_028,2026-05-13,139.37913625333127
FMCG_FOOD_028,2026-05-14,139.02402745757018
FMCG_FOOD_028,2026-05-15,134.94259827766143
FMCG_FOOD_028,2026-05-16,210.2746942177624
FMCG_FOOD_028,2026-05-17,215.76563459134982
FMCG_FOOD_028,2026-05-18,96.45492495289629
FMCG_FOOD_028,2026-05-19,114.7312757406402
FMCG_FOOD_028,2026-05-20,144.52860049085984
FMCG_FOOD_028,2026-05-21,155.1126612902315
FMCG_FOOD_028,2026-05-22,157.64894638443963
FMCG_FOOD_028,2026-05-23,206.36761999350853
FMCG_FOOD_028,2026-05-24,221.69524446477752
FMCG_FOOD_028,2026-05-25,111.14612860891806
FMCG_FOOD_028,2026-05-26,135.61165902352474
FMCG_FOOD_028,2026-05-27,151.27273755272455
FMCG_FOOD_028,2026-05-28,140.31903503735262
FMCG_FOOD_028,2026-05-29,136.3209291442808
FMCG_FOOD_028,2026-05-30,219.87458588808107
FMCG_FOOD_028,2026-05-31,237.1335877002075
FMCG_FOOD_028,2026-06-01,137.91993813118285
FMCG_FOOD_028,2026-06-02,142.25890361217165
FMCG_FOOD_028,2026-06-03,161.5060086796257
FMCG_FOOD_028,2026-06-04,138.5861510341213
FMCG_FOOD_028,2026-06-05,120.1478940715231
FMCG_FOOD_028,2026-06-06,239.16298584497454
FMCG_FOOD_028,2026-06-07,234.6558514887146
FMCG_FOOD_028,2026-06-08,112.94001518862166
FMCG_FOOD_028,2026-06-09,140.63155551203536
FMCG_FOOD_028,2026-06-10,142.20745256287273
FMCG_FOOD_028,2026-06-11,160.71619038707888
FMCG_FOOD_028,2026-06-12,142.61016180407324
FMCG_FOOD_028,2026-06-13,224.34011985846774
FMCG_FOOD_028,2026-06-14,224.90021585986025
FMCG_FOOD_028,2026-06-15,137.09760666409656
FMCG_FOOD_028,2026-06-16,160.5234406663556
FMCG_FOOD_028,2026-06-17,133.092062585279
FMCG_FOOD_028,2026-06-18,137.29208463146165
FMCG_FOOD_028,2026-06-19,143.77163917061176
FMCG_FOOD_028,2026-06-20,205.53770171293908
FMCG_FOOD_028,2026-06-21,246.65340161784601
FMCG_FOOD_028,2026-06-22,144.2887060856755
FMCG_FOOD_028,2026-06-23,155.33481625337075
FMCG_FOOD_028,2026-06-24,131.9611734711713
FMCG_FOOD_028,2026-06-25,154.14489365759752
FMCG_FOOD_028,2026-06-26,155.41504479594283
FMCG_FOOD_028,2026-06-27,236.66947394520756
FMCG_FOOD_028,2026-06-28,249.54599789341526
FMCG_FOOD_028,2026-06-29,137.98127247668918
FMCG_FOOD_028,2026-06-30,143.03624722181104
FMCG_FOOD_028,2026-07-01,134.49271315172675
FMCG_FOOD_028,2026-07-02,144.5297873840219
FMCG_FOOD_028,2026-07-03,154.71634246942676
FMCG_FOOD_028,2026-07-04,233.35511527926155
FMCG_FOOD_028,2026-07-05,247.1079298092004
FMCG_FOOD_028,2026-07-06,152.87060227237097
FMCG_FOOD_028,2026-07-07,146.5574164921936
FMCG_FOOD_028,2026-07-08,132.28890753423875
FMCG_FOOD_028,2026-07-09,158.28542881567367
FMCG_FOOD_028,2026-07-10,144.93424764445368
FMCG_FOOD_028,2026-07-11,238.08535138689365
FMCG_FOOD_028,2026-07-12,220.8930144296579
FMCG_FOOD_028,2026-07-13,163.29934231562464
FMCG_FOOD_028,2026-07-14,152.699383977052
FMCG_FOOD_028,2026-07-15,160.84772805997
FMCG_FOOD_028,2026-07-16,152.99272768235406
FMCG_FOOD_028,2026-07-17,135.83555989701145
FMCG_FOOD_028,2026-07-18,222.57701784669214
FMCG_FOOD_028,2026-07-19,210.64851139490102
FMCG_FOOD_028,2026-07-20,150.93732531231097
FMCG_FOOD_028,2026-07-21,129.34323182173287
FMCG_FOOD_028,2026-07-22,152.67916599642194
FMCG_FOOD_028,2026-07-23,101.17210935641694
FMCG_FOOD_028,2026-07-24,159.79111579954136
FMCG_FOOD_028,2026-07-25,213.88156562323312
FMCG_FOOD_028,2026-07-26,216.00830692565387
FMCG_FOOD_028,2026-07-27,167.6587181417433
FMCG_FOOD_028,2026-07-28,153.92114273538766
FMCG_FOOD_028,2026-07-29,161.02162487754566
FMCG_FOOD_028,2026-07-30,136.72957924265128
FMCG_FOOD_028,2026-07-31,162.84702586271115
FMCG_FOOD_028,2026-08-01,227.68547823944505
FMCG_FOOD_028,2026-08-02,231.20263658978794
FMCG_FOOD_028,2026-08-03,170.27191897003473
FMCG_FOOD_028,2026-08-04,135.39978182552903
FMCG_FOOD_028,2026-08-05,162.95207499733067
FMCG_FOOD_028,2026-08-06,156.13741433550305
FMCG_FOOD_028,2026-08-07,148.38720669447565
FMCG_FOOD_028,2026-08-08,216.1074127305111
FMCG_FOOD_028,2026-08-09,227.73899626344485
FMCG_FOOD_028,2026-08-10,140.84774750047708
FMCG_FOOD_028,2026-08-11,167.46647003466435
FMCG_FOOD_028,2026-08-12,153.16120991317285
FMCG_FOOD_028,2026-08-13,143.16399215799086
FMCG_FOOD_028,2026-08-14,133.27364652332747
FMCG_FOOD_028,2026-08-15,225.48778936766934
FMCG_FOOD_028,2026-08-16,248.06830363583035
FMCG_FOOD_028,2026-08-17,154.1709067919609
FMCG_FOOD_028,2026-08-18,150.4714762964365
FMCG_FOOD_028,2026-08-19,175.4226836299434
FMCG_FOOD_028,2026-08-20,147.6779912914012
FMCG_FOOD_028,2026-08-21,142.6301820905127
FMCG_FOOD_028,2026-08-22,237.98398290766326
FMCG_FOOD_028,2026-08-23,238.3382621710456
FMCG_FOOD_028,2026-08-24,146.00438774138178
FMCG_FOOD_028,2026-08-25,143.37081712857375
FMCG_FOOD_028,2026-08-26,173.15132798289824
FMCG_FOOD_028,2026-08-27,148.4845860036658
FMCG_FOOD_028,2026-08-28,135.18526825727415
FMCG_FOOD_029,2026-04-01,80.91298167121147
FMCG_FOOD_029,2026-04-02,71.59705674753569
FMCG_FOOD_029,2026-04-03,77.34565135557845
FMCG_FOOD_029,2026-04-04,120.96701965990476
FMCG_FOOD_029,2026-04-05,110.53909908439987
FMCG_FOOD_029,2026-04-06,78.65217988666906
FMCG_FOOD_029,2026-04-07,81.25019151183726
FMCG_FOOD_029,2026-04-08,79.27752923715786
FMCG_FOOD_029,2026-04-09,90.61623280543036
FMCG_FOOD_029,2026-04-10,75.87162356862962
FMCG_FOOD_029,2026-04-11,121.60986451879045
FMCG_FOOD_029,2026-04-12,141.5317434607919
FMCG_FOOD_029,2026-04-13,69.18467925849893
FMCG_FOOD_029,2026-04-14,74.1773834967514
FMCG_FOOD_029,2026-04-15,81.87957103291446
FMCG_FOOD_029,2026-04-16,87.91458632595985
FMCG_FOOD_029,2026-04-17,86.5982350671993
FMCG_FOOD_029,2026-04-18,117.74291862037643
FMCG_FOOD_029,2026-04-19,138.43286820001802
FMCG_FOOD_029,2026-04-20,83.42326405695735
FMCG_FOOD_029,2026-04-21,73.69084903588998
FMCG_FOOD_029,2026-04-22,74.4889564799181
FMCG_FOOD_029,2026-04-23,80.8509096441541
FMCG_FOOD_029,2026-04-24,97.02289413736463
FMCG_FOOD_029,2026-04-25,128.43585004275883
FMCG_FOOD_029,2026-04-26,143.45234368876828
FMCG_FOOD_029,2026-04-27,87.661272865106
FMCG_FOOD_029,2026-04-28,71.33030176389273
FMCG_FOOD_029,2026-04-29,92.0378301895113
FMCG_FOOD_029,2026-04-30,74.08003420444636
FMCG_FOOD_029,2026-05-01,76.76363890045114
FMCG_FOOD_029,2026-05-02,129.97329862837685
FMCG_FOOD_029,2026-05-03,127.78104930686614
FMCG_FOOD_029,2026-05-04,88.82929115602387
FMCG_FOOD_029,2026-05-05,85.96325888151144
FMCG_FOOD_029,2026-05-06,81.34195216082482
FMCG_FOOD_029,2026-05-07,95.48173139062604
FMCG_FOOD_029,2026-05-08,78.89605263257718
FMCG_FOOD_029,2026-05-09,121.19981026925744
FMCG_FOOD_029,2026-05-10,132.61740326967862
FMCG_FOOD_029,2026-05-11,82.85998797945658
FMCG_FOOD_029,2026-05-12,85.03939721569895
FMCG_FOOD_029,2026-05-13,88.98384315274235
FMCG_FOOD_029,2026-05-14,82.02478521152621
FMCG_FOOD_029,2026-05-15,97.91128850442455
FMCG_FOOD_029,2026-05-16,131.99039627956222
FMCG_FOOD_029,2026-05-17,126.63196904105838
FMCG_FOOD_029,2026-05-18,88.58976018619701
FMCG_FOOD_029,2026-05-19,83.54179428993801
FMCG_FOOD_029,2026-05-20,85.22238551118224
FMCG_FOOD_029,2026-05-21,75.98278029604158
FMCG_FOOD_029,2026-05-22,77.00549024099347
FMCG_FOOD_029,2026-05-23,139.1742455942331
FMCG_FOOD_029,2026-05-24,121.64544762553423
FMCG_FOOD_029,2026-05-25,84.15770300583353
FMCG_FOOD_029,2026-05-26,87.75904991146533
FMCG_FOOD_029,2026-05-27,96.28030031644253
FMCG_FOOD_029,2026-05-28,81.84416238688883
FMCG_FOOD_029,2026-05-29,91.54352580254151
FMCG_FOOD_029,2026-05-30,131.12195943985395
FMCG_FOOD_029,2026-05-31,115.4130767418152
FMCG_FOOD_029,2026-06-01,86.5047835663363
FMCG_FOOD_029,2026-06-02,85.78481229872223
FMCG_FOOD_029,2026-06-03,89.72343687764189
FMCG_FOOD_029,2026-06-04,81.65159709462864
FMCG_FOOD_029,2026-06-05,82.62260809368402
FMCG_FOOD_029,2026-06-06,142.34823482740916
FMCG_FOOD_029,2026-06-07,130.66167119157686
FMCG_FOOD_029,2026-06-08,72.46658613358184
FMCG_FOOD_029,2026-06-09,91.12642225223854
FMCG_FOOD_029,2026-06-10,94.14174739431142
FMCG_FOOD_029,2026-06-11,94.22397985953899
FMCG_FOOD_029,2026-06-12,83.06193631850155
FMCG_FOOD_029,2026-06-13,134.1517628522678
FMCG_FOOD_029,2026-06-14,138.39083744374545
FMCG_FOOD_029,2026-06-15,95.67212764121322
FMCG_FOOD_029,2026-06-16,92.26601896260047
FMCG_FOOD_029,2026-06-17,94.52230238268692
FMCG_FOOD_029,2026-06-18,83.06246432623082
FMCG_FOOD_029,2026-06-19,71.21625416525539
FMCG_FOOD_029,2026-06-20,143.31345305779536
FMCG_FOOD_029,2026-06-21,128.06566235079907
FMCG_FOOD_029,2026-06-22,87.98005896442604
FMCG_FOOD_029,2026-06-23,95.67039069750857
FMCG_FOOD_029,2026-06-24,89.80548258942402
FMCG_FOOD_029,2026-06-25,95.16056047633485
FMCG_FOOD_029,2026-06-26,108.80240675433069
FMCG_FOOD_029,2026-06-27,140.4966721911466
FMCG_FOOD_029,2026-06-28,130.78950609897973
FMCG_FOOD_029,2026-06-29,79.2064563510988
FMCG_FOOD_029,2026-06-30,95.71043565182141
FMCG_FOOD_029,2026-07-01,91.27760421631929
FMCG_FOOD_029,2026-07-02,80.18201010041282
FMCG_FOOD_029,2026-07-03,100.02884172099694
FMCG_FOOD_029,2026-07-04,142.87594436558882
FMCG_FOOD_029,2026-07-05,137.36079099834637
FMCG_FOOD_029,2026-07-06,108.23841000116695
FMCG_FOOD_029,2026-07-07,99.42840876256598
FMCG_FOOD_029,2026-07-08,84.0720415823336
FMCG_FOOD_029,2026-07-09,100.87926686597453
FMCG_FOOD_029,2026-07-10,93.96289797775121
FMCG_FOOD_029,2026-07-11,152.92847597205838
FMCG_FOOD_029,2026-07-12,145.76097644780756
FMCG_FOOD_029,2026-07-13,96.17915073463745
FMCG_FOOD_029,2026-07-14,95.89081140475712
FMCG_FOOD_029,2026-07-15,83.59866535795813
FMCG_FOOD_029,2026-07-16,88.95742191187051
FMCG_FOOD_029,2026-07-17,94.6543155756406
FMCG_FOOD_029,2026-07-18,128.83752630483215
FMCG_FOOD_029,2026-07-19,143.14735486690924
FMCG_FOOD_029,2026-07-20,87.77675879818128
FMCG_FOOD_029,2026-07-21,90.62251541249545
FMCG_FOOD_029,2026-07-22,99.2723938751836
FMCG_FOOD_029,2026-07-23,89.66918556811008
FMCG_FOOD_029,2026-07-24,97.71505450683838
FMCG_FOOD_029,2026-07-25,141.56626919967565
FMCG_FOOD_029,2026-07-26,132.4485906599481
FMCG_FOOD_029,2026-07-27,101.33673102727097
FMCG_FOOD_029,2026-07-28,101.8821998888352
FMCG_FOOD_029,2026-07-29,102.45070232795304
FMCG_FOOD_029,2026-07-30,109.68914088421764
FMCG_FOOD_029,2026-07-31,91.98425971957413
FMCG_FOOD_029,2026-08-01,126.48773200418356
FMCG_FOOD_029,2026-08-02,136.59105164665124
FMCG_FOOD_029,2026-08-03,102.98808844173493
FMCG_FOOD_029,2026-08-04,95.12345158935456
FMCG_FOOD_029,2026-08-05,85.08325034157411
FMCG_FOOD_029,2026-08-06,83.0876430827658
FMCG_FOOD_029,2026-08-07,107.13673358996218
FMCG_FOOD_029,2026-08-08,147.23608568757862
FMCG_FOOD_029,2026-08-09,138.875673911755
FMCG_FOOD_029,2026-08-10,111.14536958728398
FMCG_FOOD_029,2026-08-11,117.19655788467189
FMCG_FOOD_029,2026-08-12,104.91830729609588
FMCG_FOOD_029,2026-08-13,102.91614277566462
FMCG_FOOD_029,2026-08-14,101.31755271493653
FMCG_FOOD_029,2026-08-15,150.18881004919209
FMCG_FOOD_029,2026-08-16,158.82944751223965
FMCG_FOOD_029,2026-08-17,90.21006923356157
FMCG_FOOD_029,2026-08-18,95.23911164072071
FMCG_FOOD_029,2026-08-19,97.63203600949733
FMCG_FOOD_029,2026-08-20,102.57217533432761
FMCG_FOOD_029,2026-08-21,110.3537776108351
FMCG_FOOD_029,2026-08-22,147.82878556056346
FMCG_FOOD_029,2026-08-23,149.61430078719647
FMCG_FOOD_029,2026-08-24,103.96072280459751
FMCG_FOOD_029,2026-08-25,99.07775958735566
FMCG_FOOD_029,2026-08-26,95.84578291364518
FMCG_FOOD_029,2026-08-27,99.77500987550798
FMCG_FOOD_029,2026-08-28,94.31192065622487
FMCG_FOOD_030,2026-04-01,123.69077433473183
FMCG_FOOD_030,2026-04-02,152.58432107784793
FMCG_FOOD_030,2026-04-03,126.75537297481134
FMCG_FOOD_030,2026-04-04,227.95709815442862
FMCG_FOOD_030,2026-04-05,222.95041010692466
FMCG_FOOD_030,2026-04-06,155.43169957083282
FMCG_FOOD_030,2026-04-07,127.87425590691626
FMCG_FOOD_030,2026-04-08,148.60035269078784
FMCG_FOOD_030,2026-04-09,131.27487681564844
FMCG_FOOD_030,2026-04-10,136.09230598493124
FMCG_FOOD_030,2026-04-11,177.08015676893058
FMCG_FOOD_030,2026-04-12,258.55779971697433
FMCG_FOOD_030,2026-04-13,151.6179084461325
FMCG_FOOD_030,2026-04-14,133.05366569967805
FMCG_FOOD_030,2026-04-15,128.1298892256715
FMCG_FOOD_030,2026-04-16,137.21178770911337
FMCG_FOOD_030,2026-04-17,154.57968939443623
FMCG_FOOD_030,2026-04-18,202.8823940566941
FMCG_FOOD_030,2026-04-19,227.88950124602042
FMCG_FOOD_030,2026-04-20,169.99311458896995
FMCG_FOOD_030,2026-04-21,128.89796202925717
FMCG_FOOD_030,2026-04-22,146.2914675504439
FMCG_FOOD_030,2026-04-23,176.58699937666017
FMCG_FOOD_030,2026-04-24,154.42655314160896
FMCG_FOOD_030,2026-04-25,232.58811825089347
FMCG_FOOD_030,2026-04-26,238.14423765970787
FMCG_FOOD_030,2026-04-27,140.20771224286224
FMCG_FOOD_030,2026-04-28,164.50476425130887
FMCG_FOOD_030,2026-04-29,140.52951367481697
FMCG_FOOD_030,2026-04-30,118.52962115594912
FMCG_FOOD_030,2026-05-01,140.94349592404546
FMCG_FOOD_030,2026-05-02,218.12236967575083
FMCG_FOOD_030,2026-05-03,228.00704502679653
FMCG_FOOD_030,2026-05-04,143.27100636105504
FMCG_FOOD_030,2026-05-05,164.1034094372297
FMCG_FOOD_030,2026-05-06,157.12315671863428
FMCG_FOOD_030,2026-05-07,151.13836992357065
FMCG_FOOD_030,2026-05-08,147.50817515907715
FMCG_FOOD_030,2026-05-09,217.8642162742165
FMCG_FOOD_030,2026-05-10,202.0773116251474
FMCG_FOOD_030,2026-05-11,149.60687216177752
FMCG_FOOD_030,2026-05-12,159.43390509074595
FMCG_FOOD_030,2026-05-13,146.76165885792685
FMCG_FOOD_030,2026-05-14,140.85506861642884
FMCG_FOOD_030,2026-05-15,155.19593074604182
FMCG_FOOD_030,2026-05-16,232.76668275113428
FMCG_FOOD_030,2026-05-17,258.0375675260303
FMCG_FOOD_030,2026-05-18,166.55474245736966
FMCG_FOOD_030,2026-05-19,162.82501440973127
FMCG_FOOD_030,2026-05-20,160.10982442178062
FMCG_FOOD_030,2026-05-21,131.1796227147893
FMCG_FOOD_030,2026-05-22,159.06451056914693
FMCG_FOOD_030,2026-05-23,240.3438285985814
FMCG_FOOD_030,2026-05-24,243.76123114315453
FMCG_FOOD_030,2026-05-25,157.09505471274534
FMCG_FOOD_030,2026-05-26,156.67922874744252
FMCG_FOOD_030,2026-05-27,188.75230386760427
FMCG_FOOD_030,2026-05-28,149.46816348668276
FMCG_FOOD_030,2026-05-29,163.99599080777648
FMCG_FOOD_030,2026-05-30,229.36194469425118
FMCG_FOOD_030,2026-05-31,247.42711049120496
FMCG_FOOD_030,2026-06-01,164.4883424413009
FMCG_FOOD_030,2026-06-02,156.47485029532194
FMCG_FOOD_030,2026-06-03,175.15330658174628
FMCG_FOOD_030,2026-06-04,139.04328028368207
FMCG_FOOD_030,2026-06-05,144.83146262831124
FMCG_FOOD_030,2026-06-06,240.11579722153357
FMCG_FOOD_030,2026-06-07,249.75745731947598
FMCG_FOOD_030,2026-06-08,154.74789920238803
FMCG_FOOD_030,2026-06-09,170.60777831845004
FMCG_FOOD_030,2026-06-10,143.10400383227827
FMCG_FOOD_030,2026-06-11,136.45378544926254
FMCG_FOOD_030,2026-06-12,157.17542237881838
FMCG_FOOD_030,2026-06-13,237.0540400791855
FMCG_FOOD_030,2026-06-14,246.00866482908674
FMCG_FOOD_030,2026-06-15,152.86088746969565
FMCG_FOOD_030,2026-06-16,148.57171897314691
FMCG_FOOD_030,2026-06-17,152.48588648152312
FMCG_FOOD_030,2026-06-18,154.10965430606322
FMCG_FOOD_030,2026-06-19,149.5192655421537
FMCG_FOOD_030,2026-06-20,236.31552494220733
FMCG_FOOD_030,2026-06-21,233.61897461478588
FMCG_FOOD_030,2026-06-22,166.4646447021456
FMCG_FOOD_030,2026-06-23,157.20509826398234
FMCG_FOOD_030,2026-06-24,186.6458851047965
FMCG_FOOD_030,2026-06-25,157.03200462815417
FMCG_FOOD_030,2026-06-26,147.07782392133302
FMCG_FOOD_030,2026-06-27,278.1735903230556
FMCG_FOOD_030,2026-06-28,246.27349456354358
FMCG_FOOD_030,2026-06-29,169.40977197387798
FMCG_FOOD_030,2026-06-30,163.9078623614754
FMCG_FOOD_030,2026-07-01,164.49675661602805
FMCG_FOOD_030,2026-07-02,163.40628752920514
FMCG_FOOD_030,2026-07-03,140.30039918017985
FMCG_FOOD_030,2026-07-04,246.51891247537208
FMCG_FOOD_030,2026-07-05,222.63696948532663
FMCG_FOOD_030,2026-07-06,153.92404772294202
FMCG_FOOD_030,2026-07-07,146.24623211680134
FMCG_FOOD_030,2026-07-08,161.77607663905187
FMCG_FOOD_030,2026-07-09,161.59459271220294
FMCG_FOOD_030,2026-07-10,163.83227164886566
FMCG_FOOD_030,2026-07-11,246.42961133303706
FMCG_FOOD_030,2026-07-12,233.88308014663318
FMCG_FOOD_030,2026-07-13,153.74375045120613
FMCG_FOOD_030,2026-07-14,170.66962548981368
FMCG_FOOD_030,2026-07-15,172.9135648175805
FMCG_FOOD_030,2026-07-16,141.61567999950302
FMCG_FOOD_030,2026-07-17,136.31082761832045
FMCG_FOOD_030,2026-07-18,233.0781707584931
FMCG_FOOD_030,2026-07-19,258.391947664858
FMCG_FOOD_030,2026-07-20,175.7513532285991
FMCG_FOOD_030,2026-07-21,145.51909129830338
FMCG_FOOD_030,2026-07-22,163.163792823056
FMCG_FOOD_030,2026-07-23,184.99892493058923
FMCG_FOOD_030,2026-07-24,164.99742297681274
FMCG_FOOD_030,2026-07-25,264.63534665030994
FMCG_FOOD_030,2026-07-26,258.78191729518
FMCG_FOOD_030,2026-07-27,146.62517837156366
FMCG_FOOD_030,2026-07-28,157.00226378634147
FMCG_FOOD_030,2026-07-29,160.34351359174423
FMCG_FOOD_030,2026-07-30,161.47869410990302
FMCG_FOOD_030,2026-07-31,173.1618711388277
FMCG_FOOD_030,2026-08-01,251.30332362431082
FMCG_FOOD_030,2026-08-02,203.95594659835078
FMCG_FOOD_030,2026-08-03,141.95766812208328
FMCG_FOOD_030,2026-08-04,129.68919100734018
FMCG_FOOD_030,2026-08-05,163.39018641730576
FMCG_FOOD_030,2026-08-06,164.46492462244223
FMCG_FOOD_030,2026-08-07,165.2217944122722
FMCG_FOOD_030,2026-08-08,232.93321859845247
FMCG_FOOD_030,2026-08-09,256.27284487270384
FMCG_FOOD_030,2026-08-10,171.82092744985312
FMCG_FOOD_030,2026-08-11,143.97688324568676
FMCG_FOOD_030,2026-08-12,141.132257539426
FMCG_FOOD_030,2026-08-13,162.09813005557749
FMCG_FOOD_030,2026-08-14,187.6933082853097
FMCG_FOOD_030,2026-08-15,271.73634693922077
FMCG_FOOD_030,2026-08-16,255.75034191836238
FMCG_FOOD_030,2026-08-17,152.3340472635629
FMCG_FOOD_030,2026-08-18,175.4431657647379
FMCG_FOOD_030,2026-08-19,156.5755754397116
FMCG_FOOD_030,2026-08-20,152.2514000792319
FMCG_FOOD_030,2026-08-21,132.8556709909677
FMCG_FOOD_030,2026-08-22,250.10382721653667
FMCG_FOOD_030,2026-08-23,239.8558836422493
FMCG_FOOD_030,2026-08-24,165.11931138930476
FMCG_FOOD_030,2026-08-25,131.24912071343374
FMCG_FOOD_030,2026-08-26,166.46153875068836
FMCG_FOOD_030,2026-08-27,129.67807947160287
FMCG_FOOD_030,2026-08-28,179.79875159641344
